age,education_years,experience_years,hours_worked,income,satisfaction,gender_Male,gender_Other,city_Karachi,city_Lahore,city_Peshawar,city_Quetta,department_Finance,department_HR,department_Marketing,department_Sales,education_level_Diploma,education_level_Master,education_level_PhD,remote_work_Yes
56,18,36,43.0,22871.07,10.0,True,False,False,False,True,False,False,False,False,True,False,True,False,False
69,17,3,43.8,59069.27,9.2,True,False,False,False,False,False,False,False,True,False,False,False,True,False
46,17,3,29.1,39872.99,3.0,False,False,True,False,False,False,True,False,False,False,False,True,False,False
32,15,19,37.4,26554.93,1.5,True,False,True,False,False,False,False,True,False,False,False,False,False,False
60,20,9,53.8,42068.54,3.3,False,False,False,False,False,True,False,True,False,False,False,False,False,True
25,13,23,40.8,33369.04,5.7,False,False,False,False,False,True,False,False,True,False,True,False,False,False
38,17,34,55.2,88742.83,2.5,True,False,True,False,False,False,False,False,False,True,False,False,False,False
56,12,25,34.2,72632.8,2.5,False,False,True,False,False,False,False,True,False,False,False,False,False,True
36,18,36,41.9,54840.55,5.2,False,False,False,False,False,True,False,False,False,True,False,False,False,False
40,11,37,36.9,84598.88,1.3,False,False,False,False,True,False,False,False,True,False,False,False,False,True
28,11,20,44.7,56123.75,5.5,False,False,False,True,False,False,False,False,False,True,False,False,False,True
28,21,39,47.2,37774.32,4.7,True,False,False,True,False,False,False,False,False,True,False,False,False,False
41,21,38,44.8,85462.48,5.5,True,False,True,False,False,False,False,False,False,True,False,False,False,False
53,16,20,48.3,65778.2,4.6,False,True,False,False,False,True,False,True,False,False,True,False,False,True
57,21,9,39.9,34255.08,5.3,False,False,False,False,False,False,False,False,False,False,False,False,False,True
41,19,37,38.5,51193.23,5.1,True,False,False,False,False,False,True,False,False,False,False,False,False,False
20,13,3,25.9,37487.63,8.8,False,False,False,True,False,False,False,False,False,True,False,True,False,False
39,19,19,45.1,27344.01,5.8,True,False,False,False,True,False,False,False,False,True,False,True,False,False
19,17,16,41.4,73523.55,5.2,True,False,False,True,False,False,False,False,False,True,False,False,False,False
41,18,6,39.5,56123.75,4.7,False,False,True,False,False,False,False,False,False,False,False,False,True,True
61,16,3,38.5,27028.65,8.4,True,False,False,False,True,False,False,False,True,False,False,False,False,True
47,14,28,39.7,66259.38,9.1,False,False,False,False,False,False,False,True,False,False,False,False,True,False
55,17,13,38.1,41987.15,8.7,True,False,False,False,False,True,False,False,False,False,False,False,False,False
19,13,2,35.8,45257.49,7.1,False,False,False,False,False,True,False,False,False,True,False,False,False,True
38,11,23,41.9,43152.12,2.2,True,False,True,False,False,False,False,False,False,False,False,False,True,True
50,20,36,43.9,37720.18,3.5,False,False,False,True,False,False,False,False,False,False,False,True,False,False
29,21,15,33.8,55970.43,1.4,False,False,True,False,False,False,False,False,False,False,False,False,False,False
39,15,3,36.8,38381.0,9.4,True,False,False,False,False,True,False,False,True,False,False,False,False,False
61,18,23,38.4,60409.14,6.9,False,False,False,False,False,False,True,False,False,False,False,False,False,True
42,10,33,40.0,53995.24,7.7,True,False,False,False,False,True,False,True,False,False,False,True,False,False
66,20,29,39.0,50221.04,3.8,True,False,False,False,True,False,False,False,True,False,False,False,False,False
44,19,17,45.3,36848.73,8.6,False,False,False,False,False,True,False,False,True,False,False,False,False,False
59,21,18,26.8,43464.57,3.3,True,False,False,False,False,True,True,False,False,False,False,False,False,False
45,16,30,28.2,70107.82,1.0,False,False,False,False,True,False,False,False,True,False,False,True,False,False
33,19,18,41.5,65018.34,4.4,False,False,False,True,False,False,False,False,False,False,False,False,True,False
32,18,18,35.2,35448.9,6.1,False,False,False,False,False,True,False,False,False,False,False,True,False,False
64,19,21,47.1,56986.65,5.3,True,False,True,False,False,False,False,False,False,True,False,False,False,False
68,18,23,49.4,70027.74,8.8,True,False,False,False,False,True,False,False,True,False,True,False,False,False
61,19,11,41.9,21611.89,1.9,True,False,True,False,False,False,False,False,False,True,False,True,False,False
69,20,29,31.4,65867.2,6.0,False,False,False,False,True,False,False,True,False,False,False,False,True,False
20,12,37,48.4,41747.52,5.6,False,False,False,False,False,True,False,False,False,False,False,False,False,False
54,20,30,41.6,66411.97,3.5,False,False,False,False,True,False,False,True,False,False,False,False,False,False
68,14,35,28.1,39734.82,8.4,True,False,True,False,False,False,True,False,False,False,False,True,False,False
24,17,18,28.8,18902.36,7.8,True,False,False,True,False,False,False,False,False,False,False,False,False,False
38,17,35,52.1,22449.15,7.6,True,False,False,False,False,True,False,True,False,False,False,True,False,False
26,13,29,50.8,55961.7,8.9,True,False,True,False,False,False,True,False,False,False,False,False,True,False
56,21,32,19.9,60194.45,7.5,True,False,True,False,False,False,False,True,False,False,False,False,True,False
35,20,17,29.1,36913.67,3.1,True,False,False,False,False,True,True,False,False,False,True,False,False,True
21,20,27,49.1,67771.85,7.4,True,False,False,True,False,False,True,False,False,False,False,True,False,False
42,10,10,39.9,21769.6,3.8,True,False,False,True,False,False,False,False,False,False,False,False,False,True
31,10,32,45.6,53678.4,3.2,True,False,False,True,False,False,False,False,False,True,False,False,False,True
67,13,16,39.5,30779.68,1.7,True,False,True,False,False,False,True,False,False,False,False,False,False,False
26,15,5,45.2,41963.28,7.7,True,False,False,False,True,False,True,False,False,False,False,True,False,True
43,17,3,40.0,55947.97,7.4,True,False,False,True,False,False,False,False,False,False,False,False,False,True
19,15,19,36.5,37791.73,3.1,False,False,True,False,False,False,False,False,False,True,False,False,False,True
37,21,26,48.5,47308.89,7.7,True,False,True,False,False,False,False,False,True,False,False,True,False,True
45,18,14,41.6,75125.86,9.3,True,False,False,False,True,False,False,False,True,False,False,True,False,False
64,18,5,45.2,43462.16,2.0,True,False,False,False,False,True,False,False,False,True,True,False,False,False
24,11,13,41.3,71713.84,3.1,True,False,False,False,False,True,False,True,False,False,False,True,False,False
61,19,10,36.1,32405.86,7.8,True,False,False,True,False,False,False,False,False,False,False,True,False,True
25,10,38,52.9,65596.08,3.5,True,False,False,True,False,False,False,False,False,True,False,True,False,True
64,11,8,42.8,83831.37,6.6,False,False,False,False,True,False,False,False,True,False,True,False,False,True
52,14,25,37.2,15000.0,1.7,True,False,False,True,False,False,True,False,False,False,False,True,False,False
31,13,15,50.2,39062.09,5.1,True,False,False,False,True,False,False,False,True,False,False,False,True,False
34,13,4,29.4,66541.44,7.7,False,False,True,False,False,False,True,False,False,False,True,False,False,False
53,18,9,57.9,50939.09,7.2,True,False,False,True,False,False,False,False,False,False,True,False,False,False
67,20,2,38.6,62422.92,8.3,True,False,True,False,False,False,True,False,False,False,False,False,False,False
57,17,12,29.9,42920.3,8.9,False,False,False,False,False,False,False,False,False,True,False,False,False,False
21,15,29,55.2,56731.8,8.0,False,False,False,False,True,False,True,False,False,False,False,False,False,False
19,10,5,36.3,51886.46,7.0,True,False,False,False,False,False,False,True,False,False,False,False,False,True
23,11,16,41.9,78355.64,1.3,False,False,False,True,False,False,False,False,False,True,False,False,False,True
59,15,18,45.7,60088.42,5.8,True,False,True,False,False,False,False,False,False,False,False,False,False,False
21,20,34,49.5,61752.05,1.3,True,False,False,True,False,False,False,False,False,True,False,False,False,False
46,11,25,42.4,46762.46,8.3,False,False,False,False,False,False,False,True,False,False,False,True,False,False
35,19,4,34.8,45247.88,3.9,True,False,False,True,False,False,False,False,False,False,False,True,False,False
43,14,28,41.8,46348.84,6.1,True,False,False,False,False,True,False,False,True,False,False,False,False,True
61,14,36,36.6,62889.04,3.5,False,False,False,False,False,False,False,True,False,False,False,True,False,False
51,15,19,42.0,46580.31,8.0,False,False,False,True,False,False,False,False,False,False,False,True,False,False
27,15,20,53.0,60795.5,9.0,True,False,True,False,False,False,True,False,False,False,False,True,False,True
53,15,9,46.0,56123.75,4.6,False,False,False,True,False,False,False,False,False,True,True,False,False,False
31,11,4,41.7,72422.49,8.8,True,False,True,False,False,False,False,False,False,False,False,False,False,True
48,19,35,45.9,48479.53,3.4,False,False,False,False,False,True,False,False,False,True,False,False,False,True
65,12,5,46.5,79024.28,5.8,True,False,False,True,False,False,True,False,False,False,False,False,False,False
32,15,25,31.4,46838.49,8.7,True,False,False,False,False,True,False,False,False,False,False,False,False,False
25,17,3,40.3,15000.0,3.9,True,False,False,False,False,False,False,False,True,False,False,True,False,True
31,21,38,60.5,34838.27,9.6,True,False,True,False,False,False,False,True,False,False,False,False,False,True
40,20,38,49.7,17584.16,2.1,True,False,False,False,False,False,False,False,False,False,False,False,False,False
57,21,34,36.0,47969.73,1.2,False,False,True,False,False,False,True,False,False,False,False,False,False,True
38,10,0,35.2,55368.37,9.1,False,False,False,False,False,True,False,False,False,False,False,False,False,False
33,10,23,34.9,88528.75,1.6,True,False,False,False,True,False,False,False,False,True,False,True,False,False
62,20,35,46.9,61538.55,9.9,True,False,False,True,False,False,False,False,False,False,False,True,False,True
35,11,5,52.9,50617.99,9.6,True,False,False,False,False,True,False,False,True,False,False,False,False,False
64,20,30,44.7,71588.11,2.2,False,False,True,False,False,False,False,False,False,False,False,False,False,False
41,21,19,41.3,15000.0,5.8,False,False,True,False,False,False,False,True,False,False,False,False,False,False
43,21,23,36.4,59712.29,2.7,False,True,True,False,False,False,False,False,False,False,False,False,False,True
42,15,24,42.6,70417.3,4.9,False,False,True,False,False,False,False,False,False,True,False,False,True,True
62,18,35,33.4,25428.28,1.6,True,False,False,True,False,False,False,False,False,False,False,False,False,False
58,13,20,24.5,77875.08,3.0,True,False,False,False,False,False,False,False,True,False,False,True,False,False
46,12,29,53.1,61769.93,4.3,False,False,False,False,True,False,True,False,False,False,False,False,True,True
32,21,23,32.0,46694.24,4.9,False,False,False,True,False,False,False,False,False,False,False,False,False,True
62,17,29,37.4,67655.64,9.8,True,False,True,False,False,False,False,False,False,False,False,False,False,False
18,20,21,45.3,56123.75,8.3,True,False,False,True,False,False,False,True,False,False,True,False,False,False
42,19,27,51.5,58637.33,5.5,False,False,False,False,False,True,False,False,True,False,False,False,True,True
24,18,6,42.1,59964.41,5.8,True,False,True,False,False,False,True,False,False,False,False,False,False,False
26,21,34,30.5,45812.78,8.6,True,False,False,False,True,False,False,False,False,True,False,True,False,True
41,20,27,37.6,38003.11,4.1,False,False,True,False,False,False,False,False,False,False,False,False,True,False
18,14,13,34.6,71606.72,7.4,True,False,False,False,True,False,True,False,False,False,False,False,False,False
61,18,9,39.7,37878.32,9.9,True,False,False,False,True,False,False,False,False,True,False,False,True,False
25,11,15,49.9,56123.75,3.8,False,False,False,False,False,False,False,False,True,False,False,False,False,True
41,12,15,19.7,45446.85,7.1,False,False,False,False,False,False,False,False,True,False,False,True,False,False
28,16,30,36.7,64579.6,8.6,False,True,False,True,False,False,True,False,False,False,True,False,False,True
68,16,24,36.1,61673.24,9.2,True,False,False,True,False,False,False,False,False,True,False,False,True,True
34,15,12,29.9,75750.8,7.5,True,False,False,False,True,False,False,False,True,False,False,False,False,False
25,15,5,44.7,44799.67,3.6,False,False,True,False,False,False,True,False,False,False,False,False,False,False
52,11,8,28.7,49602.5,3.9,False,False,False,False,False,True,False,False,True,False,False,True,False,True
52,19,35,29.6,35424.73,1.2,True,False,False,False,False,True,False,False,True,False,False,True,False,True
50,15,19,46.8,46114.13,7.8,False,False,True,False,False,False,False,False,True,False,False,True,False,False
22,13,17,52.0,62546.01,1.4,True,False,True,False,False,False,False,True,False,False,True,False,False,False
59,21,20,39.4,70139.77,8.8,True,False,False,False,False,False,False,False,False,True,False,False,True,True
56,12,3,30.3,36556.69,2.1,True,False,False,False,False,True,True,False,False,False,False,False,False,False
58,20,32,34.4,72392.12,2.5,True,False,False,False,True,False,True,False,False,False,False,False,False,False
45,11,26,48.1,82112.76,5.3,True,False,False,True,False,False,False,False,False,True,False,False,False,False
24,10,6,40.9,63268.7,7.6,False,False,False,False,False,False,False,False,False,True,False,True,False,False
26,20,5,39.2,92535.92,2.3,False,False,False,False,False,True,False,False,False,True,False,True,False,True
25,20,14,42.5,39524.22,5.0,False,False,True,False,False,False,False,False,False,True,False,True,False,False
29,14,17,39.7,30106.91,5.3,True,False,False,False,False,True,False,False,False,False,False,False,False,False
51,11,31,52.4,19425.6,2.9,True,False,True,False,False,False,True,False,False,False,False,False,False,False
50,11,10,34.0,84920.89,2.0,True,False,False,False,False,False,False,False,False,False,False,False,False,False
65,16,19,33.1,68087.31,8.5,True,False,True,False,False,False,False,False,True,False,False,True,False,False
40,17,23,28.9,53888.31,5.5,False,False,False,False,True,False,False,False,True,False,False,False,False,True
41,19,14,35.7,60599.37,1.1,False,False,False,True,False,False,True,False,False,False,False,False,False,True
54,17,6,31.3,32490.22,5.5,False,False,False,False,False,False,False,False,True,False,False,False,False,True
52,13,20,41.7,103915.04,9.8,True,False,False,False,True,False,False,False,False,True,False,True,False,False
61,10,25,40.2,57584.42,6.5,True,False,False,False,True,False,False,False,False,False,False,False,False,False
57,20,13,31.4,57187.9,5.5,False,False,True,False,False,False,False,False,False,True,False,False,True,False
39,16,36,44.7,69515.33,8.9,True,False,False,True,False,False,False,False,True,False,False,True,False,True
44,10,20,52.1,64620.18,9.6,False,False,False,False,True,False,False,False,False,False,False,True,False,False
52,20,17,42.9,59477.68,7.8,False,True,False,False,False,False,False,False,False,True,False,True,False,False
18,13,4,19.7,39190.51,5.0,True,False,False,False,True,False,True,False,False,False,False,False,False,False
52,17,2,55.9,64429.37,6.3,False,False,False,False,False,True,False,False,False,True,False,False,False,True
54,11,22,46.0,92640.49,7.3,False,False,False,False,False,False,False,False,True,False,True,False,False,True
64,15,25,55.7,81908.4,2.7,True,False,False,False,False,False,False,False,False,False,False,True,False,False
31,15,36,48.7,86863.73,5.0,False,False,False,False,True,False,True,False,False,False,True,False,False,False
20,21,23,50.3,44775.69,8.5,True,False,True,False,False,False,False,False,False,False,False,True,False,True
18,18,18,41.6,35207.9,6.9,True,False,False,False,False,False,True,False,False,False,False,False,False,False
22,14,24,37.9,52484.26,4.7,False,False,False,False,False,True,False,False,False,False,False,False,False,True
43,19,20,43.0,56114.5,7.0,False,False,True,False,False,False,False,False,True,False,False,True,False,False
31,13,11,34.3,76883.83,2.1,True,False,True,False,False,False,True,False,False,False,False,False,False,False
56,14,32,43.5,21150.71,4.6,True,False,True,False,False,False,False,True,False,False,False,False,False,True
44,21,3,19.0,85591.01,8.1,False,False,False,False,False,False,False,False,False,False,False,False,True,False
26,21,6,40.3,51839.84,3.0,False,False,True,False,False,False,False,False,False,False,False,False,False,True
32,19,21,50.8,46462.38,2.7,False,False,False,False,True,False,False,False,False,True,False,False,False,True
32,20,32,40.8,34757.91,9.6,True,False,True,False,False,False,True,False,False,False,False,False,True,False
43,14,16,53.8,21902.87,2.9,False,False,False,False,False,True,False,True,False,False,False,False,True,True
59,17,23,37.9,71463.41,3.3,True,False,True,False,False,False,False,False,True,False,False,False,False,True
30,19,33,48.0,56466.36,9.7,False,False,False,False,False,True,False,False,False,True,False,False,True,True
68,21,27,33.0,29200.78,7.6,True,False,False,False,False,False,False,True,False,False,False,False,True,True
49,17,38,47.7,29098.42,7.3,False,False,True,False,False,False,True,False,False,False,False,False,False,True
56,11,21,41.9,48284.31,8.7,True,False,True,False,False,False,False,True,False,False,False,False,False,True
66,16,16,38.2,88380.43,2.0,True,False,False,False,True,False,False,False,False,False,False,False,False,False
69,17,33,19.4,49808.17,7.4,True,False,True,False,False,False,False,False,False,False,False,True,False,True
49,20,5,38.0,24937.14,5.5,True,False,False,False,False,True,False,False,False,True,False,False,False,False
21,15,5,41.7,50085.14,8.5,False,False,False,False,False,False,True,False,False,False,True,False,False,True
47,14,33,46.6,56123.75,5.6,False,False,False,True,False,False,True,False,False,False,False,True,False,True
54,20,0,52.5,15000.0,6.6,False,False,True,False,False,False,False,True,False,False,False,True,False,True
40,18,9,56.3,53914.1,5.3,True,False,False,True,False,False,False,False,False,True,True,False,False,False
56,12,20,50.0,50381.31,5.3,False,False,True,False,False,False,True,False,False,False,False,False,True,False
62,21,4,35.5,68924.13,7.9,False,False,False,False,False,False,False,False,False,False,False,False,False,False
32,19,1,37.6,91979.12,6.7,True,False,False,False,False,True,False,True,False,False,False,False,False,True
60,13,21,45.9,77531.3,6.7,True,False,False,False,False,False,False,False,True,False,False,True,False,False
46,18,1,44.2,49622.23,5.1,False,False,False,True,False,False,False,False,False,False,False,False,False,True
53,15,9,53.0,32869.48,5.8,False,False,True,False,False,False,False,False,False,True,False,False,False,True
30,17,33,59.8,104960.96125000001,7.7,False,False,False,True,False,False,True,False,False,False,False,True,False,False
49,16,15,58.1,56184.37,8.4,True,False,False,False,False,True,False,False,False,False,True,False,False,True
24,20,38,52.0,55278.59,7.3,False,False,False,False,False,False,False,False,True,False,False,False,False,False
68,11,21,44.2,54517.5,9.3,True,False,False,True,False,False,False,False,True,False,False,True,False,True
39,12,11,50.8,58961.7,8.4,False,False,False,True,False,False,False,False,False,True,False,False,False,False
45,10,23,53.3,52112.79,6.1,False,False,False,False,False,True,False,False,False,False,False,True,False,False
19,18,39,38.8,43526.76,7.0,True,False,True,False,False,False,False,True,False,False,False,False,False,False
59,16,37,35.7,44062.82,9.3,False,False,False,True,False,False,False,False,False,False,False,False,True,True
62,10,9,33.9,54344.93,6.6,True,False,False,False,False,True,False,False,True,False,False,False,False,True
23,12,34,33.0,44131.5,8.4,False,True,True,False,False,False,False,False,False,True,False,True,False,False
45,13,31,28.9,40743.08,7.2,True,False,True,False,False,False,False,False,False,True,False,False,False,True
45,13,6,42.0,57128.6,6.0,True,False,False,False,False,False,False,True,False,False,False,False,False,False
61,14,20,32.0,49900.46,3.2,True,False,False,False,False,True,False,False,False,True,False,False,False,False
61,12,19,33.7,85079.86,4.8,True,False,True,False,False,False,False,False,False,True,False,False,False,True
37,12,25,45.6,15000.0,9.7,True,False,False,False,False,False,False,False,False,True,False,False,False,False
47,10,3,41.5,76830.14,6.9,False,False,False,False,True,False,False,False,False,True,False,False,False,False
28,16,21,43.4,79921.7,6.1,False,False,False,False,False,True,False,False,False,True,False,True,False,True
45,20,14,50.9,15000.0,9.4,False,False,False,False,True,False,False,False,True,False,False,True,False,True
42,19,39,46.9,48146.25,6.3,True,False,True,False,False,False,False,False,False,False,False,False,False,False
56,10,20,52.2,47571.18,5.7,False,False,False,False,False,True,True,False,False,False,False,True,False,True
50,11,14,40.6,26849.77,7.8,True,False,False,False,False,False,False,False,False,True,False,False,False,False
18,13,21,52.9,39443.67,5.5,False,False,True,False,False,False,True,False,False,False,False,True,False,True
44,13,27,42.9,32788.48,2.7,True,False,False,False,False,True,True,False,False,False,False,False,False,False
69,14,13,41.3,90045.41,5.2,False,False,False,False,False,True,False,False,True,False,False,True,False,True
30,20,26,51.7,73713.57,5.3,False,False,False,False,True,False,False,False,False,True,False,False,False,False
58,11,39,33.0,80431.1,4.4,False,False,True,False,False,False,True,False,False,False,True,False,False,False
20,13,27,56.2,69433.44,5.7,True,False,False,False,False,False,False,False,False,True,False,False,False,True
56,10,25,37.7,32418.96,4.7,True,False,False,False,False,False,False,True,False,False,False,False,False,True
23,11,1,30.3,44509.59,2.8,True,False,True,False,False,False,False,True,False,False,False,False,False,False
25,10,24,45.2,64787.49,4.7,False,False,True,False,False,False,False,True,False,False,False,False,True,False
44,19,2,37.0,30557.44,1.7,False,False,False,True,False,False,True,False,False,False,False,True,False,True
26,19,7,56.2,69259.97,6.2,True,False,False,False,True,False,False,True,False,False,False,True,False,False
54,13,32,36.5,50193.49,8.7,False,False,True,False,False,False,False,False,True,False,True,False,False,True
50,13,34,42.5,47503.58,7.5,False,False,True,False,False,False,False,False,True,False,True,False,False,True
68,16,5,28.6,69219.2,4.2,False,False,False,True,False,False,True,False,False,False,False,True,False,False
59,19,38,46.5,63885.27,1.8,True,False,False,True,False,False,False,False,False,True,False,False,False,False
61,20,22,33.8,47780.68,2.8,True,False,False,False,False,True,False,False,False,False,False,False,True,True
41,20,24,45.5,78186.6,5.5,True,False,False,False,False,False,False,False,False,True,False,False,False,False
32,18,18,36.6,33378.73,2.9,False,False,False,False,True,False,False,False,False,True,False,True,False,True
49,18,4,23.6,67318.71,5.9,True,False,False,False,False,True,False,False,False,True,False,True,False,False
49,14,10,41.0,66862.03,3.1,False,False,True,False,False,False,False,False,False,True,False,True,False,False
41,19,11,40.7,48809.07,8.6,False,False,True,False,False,False,False,False,False,False,False,True,False,False
58,10,9,47.0,61522.66,4.6,False,False,False,False,False,False,False,True,False,False,False,True,False,False
69,10,7,52.4,29977.73,3.2,False,False,False,False,False,True,False,False,False,True,True,False,False,True
66,15,23,55.3,73480.54,8.3,True,False,False,False,False,False,False,False,True,False,False,False,False,False
66,11,27,46.9,56123.75,4.1,True,False,False,True,False,False,True,False,False,False,False,False,False,False
69,17,35,42.2,44545.54,2.0,False,False,False,False,False,True,True,False,False,False,False,True,False,True
29,18,36,28.6,75980.18,6.1,True,False,False,False,False,True,False,False,True,False,True,False,False,False
56,13,20,41.6,40913.13,6.2,True,False,False,False,False,False,False,False,False,True,False,False,False,True
19,14,7,41.7,26830.77,7.4,True,False,False,True,False,False,False,False,False,False,False,False,False,False
20,20,8,38.4,23867.42,3.2,True,False,True,False,False,False,False,True,False,False,False,False,False,True
66,17,14,45.1,67120.2,5.0,True,False,False,False,False,True,True,False,False,False,False,False,False,True
54,12,39,49.0,29391.41,3.5,False,False,True,False,False,False,False,True,False,False,True,False,False,True
66,14,17,33.5,90095.88,1.7,False,False,False,True,False,False,False,False,False,False,False,True,False,False
34,12,19,33.3,15000.0,8.9,False,False,False,False,False,True,True,False,False,False,False,True,False,False
66,21,5,38.9,88929.13,7.6,True,False,False,False,False,True,False,True,False,False,False,True,False,True
19,19,11,35.1,59220.35,3.7,True,False,True,False,False,False,False,False,False,False,False,True,False,True
19,12,1,26.9,53065.74,6.4,True,False,False,False,True,False,False,True,False,False,False,False,False,True
45,12,6,32.0,44101.62,2.8,False,False,True,False,False,False,False,False,False,True,False,False,False,False
40,21,15,30.1,62982.72,9.0,True,False,True,False,False,False,False,False,False,False,False,False,False,False
54,16,2,49.7,54247.31,2.0,False,False,False,False,True,False,False,True,False,False,False,False,False,True
49,16,2,53.6,77066.04,1.0,False,False,False,True,False,False,False,False,False,True,False,False,False,True
50,16,26,31.2,57284.55,5.5,True,False,False,True,False,False,False,False,False,True,False,False,False,False
18,19,39,44.4,58006.04,6.2,True,False,False,False,False,True,False,False,False,False,False,False,False,True
36,17,37,47.0,47727.76,6.2,False,True,False,False,False,False,False,False,True,False,False,False,False,True
19,14,32,28.1,53861.09,1.5,False,True,False,False,False,False,True,False,False,False,False,True,False,True
61,14,27,41.3,61156.04,3.8,True,False,False,False,False,True,False,False,False,False,False,False,False,False
43,13,0,60.3,20796.63,5.5,True,False,False,False,False,False,False,False,False,True,True,False,False,False
49,16,7,45.4,28036.29,2.9,False,True,True,False,False,False,False,False,False,True,False,False,False,False
23,19,36,38.0,69865.28,8.9,True,False,True,False,False,False,False,False,False,False,False,True,False,True
49,13,31,35.5,58417.31,1.8,True,False,False,False,True,False,False,False,True,False,False,False,True,False
21,11,36,23.8,51320.33,5.4,True,False,False,False,True,False,True,False,False,False,True,False,False,True
28,13,3,43.8,55368.68,7.2,False,False,False,False,False,True,False,True,False,False,False,False,True,False
34,17,29,55.6,61951.63,3.4,True,False,False,False,False,True,False,False,False,False,False,False,False,False
55,18,5,33.5,44204.81,6.6,True,False,False,False,False,True,True,False,False,False,False,False,False,False
41,12,18,24.5,39433.91,8.5,True,False,True,False,False,False,True,False,False,False,False,False,False,True
22,16,31,34.7,58916.91,2.7,False,False,False,False,False,False,False,False,False,True,False,False,False,True
69,21,8,47.1,35432.54,9.3,False,True,False,False,False,True,False,True,False,False,False,False,False,False
51,18,11,36.6,63165.06,6.0,False,False,False,False,False,True,False,False,False,False,False,False,True,False
23,20,10,33.4,20948.33,3.7,False,False,True,False,False,False,False,False,False,True,False,True,False,True
39,13,15,40.2,75583.11,4.9,False,False,True,False,False,False,False,False,False,True,False,True,False,False
28,19,0,41.8,64451.95,3.8,True,False,True,False,False,False,False,False,True,False,True,False,False,False
65,12,20,28.9,60120.59,7.5,True,False,False,False,False,False,True,False,False,False,False,True,False,False
33,14,29,38.3,74653.82,5.5,False,False,False,False,False,True,False,False,False,False,False,True,False,False
50,10,12,36.0,88309.49,8.5,True,False,False,True,False,False,False,False,False,False,False,True,False,True
26,12,33,34.9,75287.4,9.9,True,False,False,True,False,False,False,False,False,False,False,False,False,True
23,17,3,31.9,18182.52,8.1,False,False,False,False,False,True,False,False,False,True,False,False,False,True
33,20,27,47.5,29408.46,6.4,True,False,False,False,False,True,False,False,True,False,True,False,False,False
46,17,37,34.8,42503.63,4.1,True,False,False,False,False,True,False,True,False,False,True,False,False,True
20,13,30,24.0,55521.82,5.9,False,True,False,False,False,True,False,False,False,True,False,False,True,False
37,11,26,42.1,65353.18,1.4,False,False,False,False,False,False,False,True,False,False,False,False,False,True
53,17,4,45.8,40485.12,7.7,True,False,False,True,False,False,False,False,True,False,False,False,True,True
36,17,24,33.6,58735.34,5.0,False,True,False,False,True,False,True,False,False,False,False,False,False,False
43,19,2,35.5,39892.34,1.2,False,False,False,True,False,False,False,False,False,False,False,False,False,True
20,13,32,34.8,56123.75,1.6,False,False,False,True,False,False,False,True,False,False,False,False,False,True
36,12,3,37.2,26866.78,4.5,True,False,True,False,False,False,False,False,False,True,False,False,False,False
37,11,24,48.9,36535.34,6.3,True,False,False,False,False,True,False,True,False,False,False,False,False,True
49,18,19,39.1,27966.31,5.2,False,False,False,False,False,True,True,False,False,False,False,False,False,True
24,10,33,46.7,35482.53,6.6,False,False,False,False,False,True,False,False,False,False,False,False,False,True
69,16,25,32.2,76072.84,5.3,False,False,True,False,False,False,False,True,False,False,False,False,False,False
58,14,4,36.9,36012.02,7.0,True,False,False,False,False,False,True,False,False,False,False,True,False,False
50,17,34,47.6,104960.96125000001,3.0,True,False,False,False,False,False,False,False,False,True,False,True,False,False
57,13,27,33.6,64866.36,2.0,False,False,False,False,True,False,False,False,True,False,False,False,False,True
56,16,28,48.1,58696.72,6.4,True,False,False,False,False,False,False,False,False,True,False,False,False,True
35,14,8,35.0,56123.75,5.4,False,False,False,False,False,False,False,False,False,False,False,True,False,False
57,14,37,37.4,56123.75,1.2,True,False,False,False,False,True,False,False,False,True,False,True,False,False
18,18,5,53.4,43487.24,4.4,True,False,False,True,False,False,False,False,False,True,False,False,False,True
28,18,18,36.5,57440.2,2.0,False,False,False,False,False,False,False,False,False,True,False,True,False,True
45,18,10,41.2,104960.96125000001,5.8,False,False,False,False,False,False,False,False,False,True,True,False,False,False
42,21,1,44.9,53078.8,4.6,True,False,True,False,False,False,False,False,False,False,False,False,False,False
67,15,8,41.8,77985.47,6.5,True,False,False,False,True,False,True,False,False,False,False,False,False,True
40,15,20,42.0,40936.47,8.3,False,False,True,False,False,False,False,True,False,False,False,False,False,True
48,14,23,39.5,54300.23,3.7,True,False,False,False,False,True,False,False,True,False,False,True,False,True
47,18,33,29.6,90416.01,9.7,False,False,False,True,False,False,False,True,False,False,False,False,False,True
59,19,21,42.8,42460.66,5.5,False,True,False,False,True,False,False,True,False,False,False,False,False,False
52,17,2,34.1,91248.97,6.6,True,False,True,False,False,False,False,False,True,False,False,False,False,False
24,16,11,46.2,69155.04,7.1,False,False,False,False,False,False,False,False,False,False,True,False,False,False
33,16,27,51.0,43750.66,7.0,True,False,False,False,False,False,False,False,True,False,False,True,False,True
43,15,29,25.6,67648.15,5.6,False,False,False,False,True,False,False,False,False,False,False,True,False,True
65,14,25,51.0,74451.09,4.9,True,False,False,False,False,False,False,True,False,False,False,False,True,True
69,13,20,36.7,67436.2,1.5,False,True,True,False,False,False,False,False,False,False,False,False,False,True
66,12,27,39.0,23595.51,1.2,True,False,True,False,False,False,True,False,False,False,False,False,True,False
19,12,25,32.7,40457.26,4.2,True,False,False,False,False,False,False,False,True,False,False,True,False,True
18,15,32,41.5,50049.63,4.0,False,True,False,False,False,False,True,False,False,False,False,False,False,True
65,13,20,40.5,53511.33,4.5,False,False,False,False,False,True,False,True,False,False,False,False,True,True
29,21,34,48.6,67413.44,2.2,False,False,False,True,False,False,False,False,True,False,False,False,True,False
22,21,33,34.1,58554.02,7.6,True,False,False,False,True,False,False,True,False,False,False,False,True,False
54,15,17,53.3,28293.11,8.7,False,False,True,False,False,False,True,False,False,False,False,False,False,False
49,12,10,45.3,62603.96,9.4,True,False,False,False,True,False,False,True,False,False,True,False,False,True
26,13,22,40.7,67211.71,5.4,True,False,False,False,False,True,False,False,True,False,True,False,False,False
58,18,21,38.6,66195.81,7.3,False,False,True,False,False,False,False,False,True,False,False,False,False,True
52,14,16,37.5,76615.61,8.7,True,False,False,False,False,True,False,True,False,False,False,False,False,True
36,16,4,38.1,71678.44,4.8,False,False,False,False,False,True,False,False,True,False,False,False,False,False
65,19,10,41.3,56123.75,5.5,False,False,False,False,False,False,False,False,True,False,True,False,False,True
33,11,29,38.3,53596.69,9.4,False,False,False,False,True,False,False,True,False,False,False,True,False,False
20,14,14,34.9,21780.78,5.6,False,False,False,False,True,False,True,False,False,False,False,False,False,True
37,18,26,41.4,63592.36,5.5,False,False,False,False,False,False,False,False,True,False,False,False,False,False
41,20,34,33.3,59153.75,2.6,True,False,False,False,True,False,False,False,True,False,False,False,False,False
50,12,32,42.6,60431.58,2.0,False,False,False,False,False,False,False,False,True,False,False,True,False,False
41,18,19,38.2,29465.03,8.6,True,False,True,False,False,False,False,False,True,False,False,False,False,False
69,20,15,45.6,33378.87,6.5,True,False,False,False,False,True,False,True,False,False,True,False,False,False
28,15,33,47.9,76063.06,3.9,False,False,False,False,False,True,True,False,False,False,False,True,False,True
66,13,1,47.9,54208.9,2.7,False,False,False,False,True,False,True,False,False,False,False,True,False,False
25,16,34,42.5,68630.01,6.0,False,False,False,True,False,False,False,False,False,False,False,False,False,False
53,17,39,43.5,55566.37,6.3,True,False,False,False,False,True,False,False,True,False,False,False,False,True
55,15,27,37.4,55595.12,2.9,False,False,False,False,False,False,False,False,True,False,False,False,False,False
57,14,38,45.4,73765.68,8.7,True,False,False,True,False,False,False,False,False,False,False,False,False,False
37,15,5,46.3,44679.11,1.8,False,False,False,True,False,False,True,False,False,False,False,False,False,False
52,14,8,27.5,56922.42,4.2,False,False,False,False,False,True,False,False,False,True,True,False,False,True
65,17,19,43.0,45754.49,7.1,False,False,False,False,False,True,False,False,False,True,False,False,False,False
42,10,0,50.9,46310.08,3.5,True,False,False,False,False,True,True,False,False,False,False,False,False,True
52,20,7,37.1,48816.56,8.4,True,False,False,False,False,False,False,False,True,False,False,False,False,True
42,16,22,35.4,59442.68,7.7,True,False,False,True,False,False,False,False,False,True,False,False,False,False
46,19,2,36.6,45425.03,8.1,False,False,False,False,True,False,False,True,False,False,True,False,False,True
35,19,3,28.0,80115.12,5.5,False,False,False,False,False,False,False,True,False,False,False,False,False,False
63,20,24,41.0,37107.85,2.3,True,False,True,False,False,False,False,False,False,False,False,False,False,True
35,11,37,40.2,51262.57,3.6,False,False,False,False,False,True,True,False,False,False,False,True,False,True
19,18,14,41.6,46205.38,5.7,False,False,False,True,False,False,True,False,False,False,False,False,False,True
52,10,20,43.3,83939.56,7.7,False,False,False,False,False,False,False,False,False,True,False,False,False,False
33,20,34,33.6,58931.1,8.5,False,False,True,False,False,False,False,False,True,False,False,False,False,False
58,19,13,42.2,75636.89,7.3,False,False,False,False,False,False,True,False,False,False,False,False,False,True
53,15,35,43.5,25288.79,9.4,True,False,False,False,False,False,False,False,False,True,False,False,False,True
50,18,11,36.1,60341.01,7.6,True,False,False,False,True,False,False,False,False,True,False,False,False,True
21,10,16,43.4,72792.62,3.8,True,False,False,False,True,False,True,False,False,False,False,False,True,False
50,13,38,40.6,56645.68,3.4,False,True,False,False,False,False,False,False,False,True,False,False,False,True
31,13,8,35.0,76309.61,7.3,False,False,True,False,False,False,False,False,False,False,False,True,False,False
38,18,34,42.3,44654.23,2.7,False,False,False,True,False,False,False,False,False,False,False,True,False,False
65,20,12,37.7,83186.95,1.8,True,False,False,True,False,False,True,False,False,False,False,True,False,False
37,14,14,45.6,100977.96,5.8,True,False,False,False,False,True,False,False,True,False,False,False,False,False
25,14,17,38.1,56123.75,8.4,True,False,False,False,False,True,False,False,False,False,False,False,False,False
24,15,32,29.7,46089.95,1.9,True,False,False,True,False,False,False,False,False,False,False,True,False,True
20,10,5,42.1,84067.69,8.1,False,False,False,False,False,False,True,False,False,False,False,True,False,False
34,10,26,41.8,86591.44,8.3,False,True,False,False,False,False,False,True,False,False,False,True,False,False
50,18,22,31.4,44542.8,5.3,False,False,False,False,True,False,False,False,False,True,False,False,False,True
65,12,26,46.0,46596.26,1.5,False,False,False,False,True,False,False,False,False,False,True,False,False,False
29,13,33,45.6,49364.31,2.6,True,False,False,False,False,True,False,True,False,False,False,False,False,True
68,10,37,33.0,28110.99,7.4,True,False,False,True,False,False,False,False,True,False,False,False,False,True
39,18,13,34.7,36626.96,7.4,True,False,False,False,False,False,False,True,False,False,False,False,False,True
39,17,35,38.9,34917.18,9.1,False,False,False,True,False,False,True,False,False,False,False,False,False,False
63,11,7,33.9,39644.05,5.5,False,False,True,False,False,False,False,False,True,False,False,False,False,False
47,17,34,45.1,54306.3,2.1,True,False,False,True,False,False,False,False,True,False,False,True,False,False
55,16,18,41.2,56123.75,2.1,True,False,True,False,False,False,False,True,False,False,False,False,True,True
55,20,29,31.3,86010.01,7.5,True,False,False,False,True,False,True,False,False,False,False,False,True,False
62,15,13,33.4,35032.92,2.7,True,False,False,False,True,False,False,False,False,False,False,False,False,True
68,10,19,49.5,74686.45,4.0,True,False,False,False,False,True,False,True,False,False,False,True,False,False
25,16,24,52.3,50720.22,5.4,True,False,False,True,False,False,False,False,False,False,False,False,False,True
44,19,39,44.3,54010.73,1.2,True,False,False,True,False,False,False,True,False,False,False,False,False,True
44,16,23,38.3,68496.39,3.2,False,False,True,False,False,False,False,False,False,False,False,False,False,True
51,18,13,36.5,32545.56,4.7,False,False,False,False,True,False,False,True,False,False,False,False,False,False
38,10,25,44.4,62648.19,3.5,True,False,True,False,False,False,False,False,True,False,False,False,False,False
47,11,37,40.6,58329.04,2.2,True,False,False,False,True,False,False,False,False,True,False,False,False,False
50,20,22,27.1,64849.03,7.6,True,False,True,False,False,False,False,False,True,False,False,True,False,False
45,18,21,48.3,60783.37,8.3,True,False,False,False,True,False,False,False,False,False,True,False,False,False
64,18,18,50.8,104106.0,3.3,True,False,True,False,False,False,True,False,False,False,False,False,False,False
50,15,2,45.9,42245.2,8.0,False,False,False,False,True,False,False,False,True,False,True,False,False,False
22,15,18,31.3,44380.06,4.5,False,False,True,False,False,False,False,False,False,True,False,True,False,True
65,13,8,34.9,42537.19,5.6,False,False,False,True,False,False,False,False,False,False,False,True,False,True
36,13,27,25.1,43890.46,8.7,True,False,False,False,False,True,False,False,True,False,False,True,False,False
21,14,19,52.8,42252.26,7.7,False,False,True,False,False,False,False,True,False,False,False,False,False,False
52,12,6,37.1,78780.33,8.2,True,False,False,False,False,True,True,False,False,False,False,False,True,True
66,10,13,58.7,83410.08,2.2,True,False,False,True,False,False,False,False,False,False,False,True,False,False
34,10,8,55.6,43585.07,1.6,False,False,False,True,False,False,False,False,True,False,True,False,False,False
61,21,18,32.8,38352.89,9.0,False,False,False,False,True,False,False,False,False,False,False,True,False,True
45,16,13,34.3,64428.31,4.5,False,False,False,False,False,True,False,True,False,False,False,False,True,False
47,10,37,43.7,43955.54,3.6,False,False,False,False,False,False,False,False,False,True,False,True,False,False
46,10,35,26.0,67658.64,7.5,False,False,False,False,True,False,False,False,True,False,False,False,False,False
63,12,39,36.5,59058.46,8.5,False,False,False,False,False,True,False,False,False,False,False,False,False,True
23,19,16,35.7,24685.12,8.8,False,False,True,False,False,False,False,False,False,False,False,False,False,False
52,13,29,54.8,85950.1,3.8,False,False,True,False,False,False,False,False,False,False,False,False,False,False
58,13,8,41.3,90917.55,8.7,False,False,False,True,False,False,False,False,False,True,False,False,False,False
54,11,32,37.7,42744.23,1.4,False,True,False,False,False,False,False,False,False,False,False,False,True,False
41,10,24,34.9,56123.75,1.4,False,False,True,False,False,False,True,False,False,False,False,True,False,True
46,12,13,47.2,60717.31,6.6,True,False,False,False,False,True,True,False,False,False,True,False,False,False
66,20,10,36.0,61689.14,1.6,False,False,False,False,False,True,False,False,False,False,False,False,True,True
63,13,34,39.6,68170.89,3.9,True,False,True,False,False,False,True,False,False,False,False,True,False,False
48,12,13,34.9,95204.09,7.1,True,False,False,False,False,True,False,False,True,False,True,False,False,False
52,17,29,27.9,51461.06,4.0,True,False,False,False,False,True,True,False,False,False,False,True,False,False
50,19,3,32.0,39034.06,2.6,False,False,False,True,False,False,False,False,False,False,False,False,True,False
69,10,3,36.0,27413.62,3.5,False,False,False,False,False,False,False,True,False,False,False,False,False,False
38,11,27,37.9,40381.4,5.1,True,False,False,True,False,False,False,False,True,False,False,False,False,True
49,16,7,38.2,54337.46,5.3,True,False,False,False,False,False,False,False,False,True,False,False,False,False
40,13,1,39.3,90891.16,8.0,True,False,False,False,False,True,False,False,False,False,False,True,False,True
50,17,21,36.1,44647.77,7.8,False,False,False,False,False,False,False,False,False,True,False,True,False,False
20,20,15,50.8,59475.76,5.1,True,False,False,False,False,True,False,True,False,False,False,False,False,True
35,12,28,47.6,54671.54,8.6,True,False,False,False,False,True,False,False,False,True,False,False,False,False
42,15,29,38.9,78767.87,2.0,True,False,False,True,False,False,False,False,False,False,True,False,False,False
59,18,11,42.0,104960.96125000001,3.3,False,False,False,True,False,False,False,False,False,False,False,True,False,False
48,10,34,37.0,44382.62,8.5,True,False,False,False,True,False,False,True,False,False,False,False,False,True
20,10,10,17.3,45211.21,4.4,False,False,True,False,False,False,False,False,False,False,False,True,False,False
57,17,20,40.2,75883.22,9.8,True,False,False,False,True,False,False,True,False,False,False,True,False,False
63,12,20,42.4,68637.83,5.2,False,False,False,False,True,False,False,True,False,False,True,False,False,False
41,14,4,27.1,91934.15,8.1,True,False,False,False,False,False,False,False,False,False,False,False,False,False
67,10,19,44.0,66678.56,4.6,False,False,False,False,False,True,True,False,False,False,False,False,False,False
49,14,36,37.8,47814.16,4.8,True,False,False,False,False,True,False,True,False,False,False,False,False,False
64,20,2,42.7,66813.1,4.4,False,False,False,False,False,True,False,False,False,False,False,False,False,True
39,15,32,38.0,77174.07,7.5,False,False,True,False,False,False,True,False,False,False,False,False,True,False
40,17,8,50.0,71409.64,5.9,False,False,False,False,False,False,False,True,False,False,False,False,False,False
19,12,8,41.8,65145.48,9.5,False,False,False,False,False,False,True,False,False,False,True,False,False,False
44,12,3,48.0,76333.49,3.3,True,False,True,False,False,False,False,False,True,False,False,False,False,True
59,21,34,48.7,78385.91,1.9,False,False,False,False,True,False,False,False,True,False,True,False,False,False
19,20,16,31.0,82643.18,4.5,False,False,True,False,False,False,True,False,False,False,False,False,False,False
43,20,33,34.1,67974.2,6.6,True,False,False,False,True,False,False,True,False,False,False,False,True,True
34,19,23,43.6,51657.64,8.7,False,False,False,True,False,False,False,False,False,False,True,False,False,False
57,18,31,37.1,57934.27,5.5,True,False,False,False,False,False,False,False,False,True,True,False,False,True
50,13,0,38.1,79130.18,6.9,True,False,False,False,False,False,False,False,False,False,False,False,False,True
26,13,7,50.3,38661.29,4.2,True,False,False,False,True,False,False,False,False,True,False,False,False,False
60,21,22,37.5,62373.47,6.6,True,False,True,False,False,False,False,False,False,True,False,True,False,False
65,16,39,32.2,47133.22,9.0,False,False,False,False,False,False,False,True,False,False,False,False,False,True
56,11,11,33.3,55574.9,3.1,True,False,False,False,True,False,True,False,False,False,False,False,False,False
46,17,11,57.5,80569.04,4.6,True,False,True,False,False,False,False,False,False,False,False,False,False,False
59,15,14,38.6,58821.98,9.9,True,False,False,False,True,False,True,False,False,False,False,True,False,False
43,12,18,29.1,55928.73,8.8,False,False,True,False,False,False,False,False,True,False,False,True,False,False
52,18,25,25.8,27802.88,6.1,False,False,False,False,False,True,False,True,False,False,False,False,False,False
67,14,28,35.0,69925.07,5.6,True,False,True,False,False,False,False,True,False,False,False,False,False,False
42,17,21,38.4,67909.68,3.6,True,False,False,True,False,False,False,False,True,False,False,False,False,True
41,16,39,47.6,98265.09,5.7,True,False,False,False,False,True,False,False,False,False,False,True,False,False
30,17,20,46.8,48844.44,8.6,False,False,False,False,True,False,False,False,True,False,False,False,False,False
24,16,37,39.9,59383.01,7.2,False,False,False,False,False,True,False,False,False,False,False,False,False,False
53,12,19,36.4,59987.67,3.6,True,False,False,False,False,True,False,False,False,True,True,False,False,True
62,11,28,42.7,86549.07,2.8,True,False,False,False,True,False,False,True,False,False,True,False,False,False
37,16,3,26.0,53094.09,3.4,False,False,False,False,True,False,False,False,False,False,True,False,False,True
18,12,6,55.8,60580.43,2.5,False,False,False,True,False,False,True,False,False,False,False,False,True,False
25,12,27,45.2,67157.93,1.9,True,False,False,False,True,False,True,False,False,False,False,False,False,True
63,11,27,46.9,58732.18,4.8,True,False,False,False,False,False,False,True,False,False,False,True,False,False
33,13,3,31.4,46071.33,2.0,True,False,False,False,False,False,False,False,True,False,False,False,False,False
31,17,21,50.3,58881.8,2.5,False,False,False,True,False,False,False,False,True,False,False,True,False,False
29,21,11,36.3,76472.63,5.9,False,False,True,False,False,False,False,False,False,False,False,False,False,True
68,10,2,32.4,34469.69,2.5,False,False,True,False,False,False,False,False,True,False,False,True,False,True
40,10,21,39.7,57659.39,1.6,False,False,False,False,False,False,False,True,False,False,False,True,False,True
32,21,1,39.5,40997.58,3.9,True,False,False,False,True,False,False,False,False,False,False,False,False,True
45,14,23,31.4,78900.93,3.0,False,False,False,True,False,False,False,False,False,True,False,True,False,False
51,20,33,32.8,24536.26,5.6,False,False,True,False,False,False,False,False,True,False,False,False,False,True
19,14,26,32.2,43821.56,1.9,True,False,True,False,False,False,False,False,True,False,False,False,False,False
49,20,0,32.3,62544.24,7.8,False,False,False,False,False,True,False,False,False,False,False,False,False,True
40,21,7,36.9,86310.48,9.2,True,False,False,False,False,False,True,False,False,False,False,False,False,False
39,10,22,28.9,53684.99,7.7,True,False,False,False,True,False,False,False,True,False,False,False,False,False
68,15,37,34.5,43896.01,5.8,False,False,False,True,False,False,False,True,False,False,True,False,False,True
42,10,5,48.4,92623.14,8.7,False,False,True,False,False,False,False,False,True,False,False,False,False,False
39,14,21,46.6,26039.72,7.3,False,False,False,False,False,True,False,False,False,True,False,False,False,True
39,18,24,31.6,15000.0,1.1,True,False,False,False,False,False,False,False,True,False,False,False,False,True
66,21,17,47.7,63800.29,4.5,False,False,False,False,False,False,True,False,False,False,False,True,False,False
69,14,16,24.3,44958.92,8.7,False,False,False,True,False,False,False,False,True,False,False,True,False,False
59,15,11,59.4,34575.34,4.1,True,False,True,False,False,False,False,False,False,False,False,True,False,False
23,17,5,50.4,69167.13,1.3,False,True,False,True,False,False,False,False,True,False,False,True,False,False
32,20,25,35.5,59876.01,7.7,False,False,False,True,False,False,True,False,False,False,True,False,False,False
60,10,26,43.1,43718.43,8.2,True,False,False,False,False,True,False,False,False,False,False,False,True,False
54,11,7,28.8,29393.91,2.4,False,False,False,False,False,False,False,True,False,False,False,True,False,False
50,18,18,40.5,72449.15,5.8,True,False,False,False,True,False,False,False,False,False,False,False,False,False
25,12,0,38.5,68004.02,2.7,True,False,False,False,False,False,False,False,False,True,False,True,False,True
61,15,28,33.3,53016.48,7.5,True,False,False,False,False,False,False,False,False,False,False,True,False,True
61,14,34,36.3,91932.74,3.4,False,True,True,False,False,False,False,True,False,False,False,True,False,False
22,20,39,35.5,33598.3,3.8,True,False,True,False,False,False,False,False,True,False,False,False,True,False
56,11,13,30.9,24489.5,8.6,False,False,True,False,False,False,False,False,False,False,False,True,False,True
21,16,34,33.1,41161.84,5.3,True,False,False,False,True,False,False,False,False,False,False,False,True,False
23,13,19,28.5,54088.28,7.0,False,False,True,False,False,False,False,False,False,False,False,False,False,True
62,10,12,46.9,59866.79,4.6,False,False,True,False,False,False,False,False,False,False,False,False,False,False
49,13,37,32.5,50175.28,3.7,False,False,False,True,False,False,False,True,False,False,False,False,False,True
69,15,7,30.2,62041.11,6.6,True,False,False,False,True,False,True,False,False,False,True,False,False,False
47,16,19,46.7,29969.21,2.4,False,False,False,False,False,True,True,False,False,False,False,False,True,False
64,16,32,43.0,83875.29,4.4,False,True,True,False,False,False,False,False,False,False,False,True,False,True
52,16,25,46.4,53356.98,2.9,False,False,False,False,False,False,False,True,False,False,False,True,False,False
57,12,38,47.3,56123.75,7.3,False,False,False,False,False,True,False,True,False,False,False,True,False,False
69,15,20,55.5,61854.51,9.5,False,False,True,False,False,False,False,False,False,False,True,False,False,True
33,17,8,38.8,64135.06,10.0,True,False,True,False,False,False,False,False,False,True,False,False,True,True
30,13,23,28.3,66395.35,5.1,False,False,False,False,False,False,False,False,False,False,False,True,False,True
67,17,36,42.2,63954.17,3.3,False,False,False,True,False,False,False,False,False,True,False,True,False,False
59,11,16,34.6,67854.46,5.0,True,False,False,False,False,True,False,False,False,False,False,False,False,False
47,19,23,32.3,81583.05,8.6,True,False,False,False,False,False,False,False,False,True,False,True,False,True
36,18,20,40.8,58930.42,2.9,True,False,False,False,False,False,False,False,False,True,False,False,False,False
34,18,38,46.9,69180.08,9.6,False,False,False,True,False,False,False,False,False,False,False,False,False,True
36,17,38,33.3,53205.29,4.1,False,False,False,False,False,True,False,False,False,True,False,False,True,False
45,19,12,50.2,83802.34,9.9,True,False,False,False,False,False,False,False,True,False,False,True,False,True
43,19,10,32.1,41472.15,8.5,True,False,False,True,False,False,True,False,False,False,True,False,False,False
54,10,18,38.0,91018.81,8.3,True,False,False,False,False,True,False,True,False,False,False,False,False,False
43,11,10,43.1,54196.84,3.9,True,False,False,False,True,False,False,False,False,True,False,False,False,False
40,15,12,36.9,26384.5,1.1,True,False,True,False,False,False,False,False,False,True,False,False,False,False
26,19,0,25.8,57562.09,4.4,False,False,False,True,False,False,False,True,False,False,False,False,False,False
29,14,39,47.4,41378.97,3.7,True,False,True,False,False,False,False,False,False,True,False,False,False,True
18,21,18,35.0,71812.87,1.3,False,False,False,False,True,False,False,True,False,False,False,False,False,False
18,18,11,46.0,41947.52,5.5,False,False,False,False,False,False,False,False,False,False,False,False,False,False
64,14,7,29.9,46076.33,4.6,True,False,False,False,False,False,False,False,True,False,False,False,False,False
51,11,7,31.3,17209.19,6.7,False,False,True,False,False,False,False,False,True,False,False,False,False,False
49,19,11,46.9,45953.87,6.6,False,False,False,True,False,False,True,False,False,False,False,True,False,False
65,13,32,42.7,15000.0,5.5,False,False,False,True,False,False,False,False,False,True,False,False,False,False
42,18,25,36.5,23321.94,9.8,True,False,False,False,False,True,True,False,False,False,False,True,False,True
57,10,38,42.8,70208.29,2.7,True,False,True,False,False,False,False,False,False,False,False,True,False,False
62,20,27,32.4,70716.0,5.0,True,False,False,False,False,False,False,False,True,False,False,False,False,False
18,10,4,40.9,63509.15,5.4,True,False,False,False,False,False,False,False,False,False,True,False,False,False
33,21,7,41.0,35660.48,8.3,True,False,False,True,False,False,False,False,False,False,False,True,False,False
56,16,24,37.0,54045.77,1.9,True,False,False,True,False,False,False,False,False,True,False,True,False,False
22,20,26,33.3,54927.95,4.9,True,False,False,False,False,True,False,False,False,False,False,False,False,True
39,12,22,40.6,31832.71,6.7,True,False,False,False,True,False,False,False,True,False,False,True,False,False
46,19,29,39.6,85067.97,2.9,True,False,True,False,False,False,True,False,False,False,False,False,True,False
20,11,22,36.3,72547.25,5.5,True,False,False,False,True,False,False,False,True,False,False,False,False,False
29,18,19,31.7,50580.72,9.3,False,True,False,False,True,False,False,False,False,True,False,False,False,True
43,12,17,40.1,55537.72,10.0,True,False,False,True,False,False,False,False,True,False,False,False,False,True
33,11,17,36.3,59167.66,1.3,False,False,False,True,False,False,False,True,False,False,False,True,False,True
68,21,1,31.7,15000.0,3.1,True,False,False,True,False,False,True,False,False,False,False,False,False,False
54,17,3,40.3,56123.75,3.8,False,False,False,False,True,False,False,True,False,False,False,True,False,False
39,19,29,52.9,41360.32,4.6,True,False,True,False,False,False,False,True,False,False,False,False,False,True
46,15,32,37.1,34967.6,3.2,False,False,False,True,False,False,False,False,False,True,False,False,True,False
31,15,35,52.0,49377.99,2.8,False,False,True,False,False,False,False,False,False,False,False,False,False,False
45,19,17,56.9,90953.73,9.6,True,False,True,False,False,False,False,True,False,False,False,False,False,False
22,20,36,32.4,67816.86,9.3,False,False,False,False,False,False,False,False,True,False,False,True,False,True
64,16,18,40.1,43576.42,1.4,False,False,True,False,False,False,False,False,False,False,False,False,False,False
66,16,27,56.8,66451.66,4.0,True,False,False,True,False,False,False,False,True,False,False,False,False,True
47,20,39,39.0,82987.11,4.6,False,False,False,False,False,True,False,False,True,False,False,False,False,False
63,15,19,40.3,73492.67,3.2,False,False,False,True,False,False,False,False,False,False,False,True,False,True
69,13,32,26.6,56192.61,6.7,False,False,False,False,True,False,False,False,False,False,True,False,False,False
22,20,11,35.7,42061.26,6.8,True,False,False,False,True,False,False,False,True,False,False,False,True,False
29,18,14,44.4,68964.47,8.7,False,False,True,False,False,False,False,False,False,True,False,False,False,True
33,15,38,59.4,62869.71,7.7,False,False,False,False,True,False,True,False,False,False,False,False,False,True
43,13,1,38.4,72903.86,5.9,False,False,True,False,False,False,True,False,False,False,False,True,False,False
43,21,28,26.7,67703.44,6.9,False,False,False,False,False,False,False,False,False,True,False,True,False,False
65,12,9,28.8,75991.05,3.5,True,False,False,True,False,False,False,False,False,False,False,False,False,False
38,13,1,39.7,44295.3,6.3,False,False,True,False,False,False,False,False,True,False,False,False,False,True
56,12,10,49.4,81347.88,5.4,True,False,True,False,False,False,True,False,False,False,False,False,False,True
53,11,12,45.1,58951.99,2.2,True,False,False,False,False,False,False,False,True,False,False,True,False,False
50,14,9,43.7,96505.22,3.2,False,False,False,False,False,True,False,False,False,True,False,False,False,True
47,11,13,50.5,41216.24,3.6,False,False,False,False,False,False,False,False,True,False,False,False,True,False
54,15,17,34.2,89719.28,9.3,True,False,False,False,False,False,False,False,False,True,False,False,False,True
40,12,8,40.2,58958.22,3.1,False,False,False,True,False,False,False,False,False,False,False,False,False,False
27,15,38,35.8,41971.64,3.6,True,False,False,False,False,True,False,False,False,True,False,False,False,True
22,20,27,37.8,45322.28,4.3,True,False,True,False,False,False,False,False,False,True,False,False,False,True
53,19,2,31.9,48593.05,7.0,False,False,True,False,False,False,True,False,False,False,False,False,False,False
51,18,19,37.2,63483.32,2.1,True,False,False,False,False,False,False,False,True,False,False,False,False,False
69,10,5,39.8,65456.71,9.6,True,False,False,False,False,False,True,False,False,False,False,False,False,True
48,15,26,37.0,43526.0,8.8,True,False,False,False,True,False,False,True,False,False,False,False,False,True
27,18,1,38.7,54512.91,6.2,False,False,False,False,False,True,False,False,False,True,False,False,False,True
36,20,28,43.2,97845.41,7.1,True,False,False,False,False,False,False,True,False,False,True,False,False,False
49,13,37,49.9,89550.86,1.1,True,False,False,False,True,False,True,False,False,False,False,True,False,False
18,20,2,50.5,63726.47,4.1,False,False,False,False,False,True,False,False,True,False,False,True,False,True
22,21,15,46.1,55760.07,8.2,False,False,True,False,False,False,True,False,False,False,False,False,False,False
62,11,29,29.9,57400.63,1.7,True,False,False,False,True,False,False,False,True,False,False,False,False,False
21,13,39,37.1,67270.36,3.5,False,False,True,False,False,False,False,False,True,False,False,False,False,False
33,10,1,37.8,34544.15,6.3,True,False,False,False,True,False,False,False,False,False,False,True,False,False
41,12,16,34.7,49852.47,3.3,False,True,False,False,False,False,False,False,False,True,False,False,False,True
33,19,11,42.7,21628.32,9.4,True,False,False,True,False,False,True,False,False,False,False,False,False,True
19,18,34,27.2,62984.46,2.2,True,False,True,False,False,False,False,False,True,False,False,True,False,True
66,19,0,53.5,67943.92,8.2,True,False,False,False,False,False,True,False,False,False,False,False,False,False
45,14,14,49.6,45336.27,5.6,True,False,False,False,False,False,True,False,False,False,False,False,False,False
49,20,25,43.8,86479.74,7.8,False,False,True,False,False,False,False,False,True,False,False,False,False,False
44,15,36,39.5,30484.69,3.8,True,False,False,False,True,False,False,True,False,False,False,True,False,True
37,12,20,49.8,25712.5,5.6,True,False,True,False,False,False,False,False,False,True,False,True,False,False
41,14,30,45.5,59489.04,8.7,False,False,False,False,False,False,False,False,False,True,False,False,False,True
29,20,24,48.9,75941.97,5.2,False,False,False,False,False,True,False,False,False,False,False,False,False,True
67,17,22,39.5,88678.55,4.2,True,False,True,False,False,False,False,False,False,False,False,True,False,False
52,15,23,54.3,45822.31,5.8,True,False,False,False,True,False,False,False,False,False,False,False,False,True
50,13,37,49.3,76573.62,7.5,True,False,False,False,False,False,False,False,False,True,False,True,False,True
50,11,27,44.1,54229.83,5.0,True,False,False,False,False,False,False,True,False,False,False,True,False,False
68,18,20,50.0,51547.45,9.4,True,False,False,False,False,False,False,False,False,True,False,False,False,True
60,21,17,36.6,72673.2,3.7,False,False,True,False,False,False,False,False,False,True,False,False,False,True
54,10,35,30.7,68046.46,5.3,False,False,True,False,False,False,False,False,False,True,False,True,False,True
29,10,34,42.6,23472.16,7.8,True,False,True,False,False,False,False,False,False,True,False,False,False,False
20,13,8,39.5,84530.81,7.2,True,False,True,False,False,False,False,True,False,False,False,False,False,False
18,16,37,38.4,82601.83,8.8,True,False,False,False,False,True,False,False,False,False,False,True,False,True
50,10,29,49.7,42488.75,10.0,True,False,False,True,False,False,True,False,False,False,False,False,False,False
57,18,33,41.3,62916.07,4.8,True,False,False,False,False,True,False,False,False,False,False,False,False,True
27,13,31,42.1,64880.6,2.0,False,False,False,False,False,False,False,False,False,False,False,False,False,False
60,12,2,37.4,60213.48,1.3,False,False,False,False,False,True,True,False,False,False,False,True,False,False
61,10,2,47.0,43993.9,7.5,False,True,False,False,True,False,False,False,False,True,False,False,False,False
46,19,27,45.6,41567.53,8.9,False,False,True,False,False,False,False,True,False,False,True,False,False,False
30,13,14,47.0,54488.92,3.0,True,False,False,False,True,False,False,True,False,False,False,True,False,False
29,18,22,36.0,56123.75,2.4,False,False,False,False,True,False,False,False,False,False,False,False,False,False
48,19,39,50.4,65872.0,1.6,True,False,False,False,False,False,True,False,False,False,False,False,False,False
63,15,10,54.7,47587.71,8.4,True,False,True,False,False,False,False,False,True,False,False,False,False,False
19,15,31,46.7,70433.97,3.8,False,False,False,False,True,False,False,False,False,True,False,True,False,True
68,10,35,33.5,15000.0,4.6,True,False,False,False,False,False,False,False,False,False,False,False,True,True
67,19,32,33.6,77975.31,5.5,False,False,True,False,False,False,False,True,False,False,False,True,False,True
52,11,23,37.0,20205.72,8.6,True,False,False,True,False,False,True,False,False,False,False,False,False,True
40,20,38,35.5,47751.18,6.9,False,False,False,False,False,False,True,False,False,False,False,True,False,False
34,15,33,39.4,32606.6,6.5,False,False,False,False,False,True,False,False,False,False,False,False,False,False
43,11,27,45.1,56123.75,2.6,False,False,True,False,False,False,False,False,True,False,False,True,False,False
25,12,36,42.3,78216.54,5.6,False,False,False,False,True,False,False,True,False,False,False,True,False,True
46,13,6,41.6,45645.98,7.4,True,False,False,False,True,False,False,False,False,False,False,False,False,True
43,20,3,38.1,61930.08,9.8,False,False,False,False,False,True,False,False,True,False,False,False,False,False
27,14,36,39.4,54061.59,2.8,False,True,False,False,False,True,True,False,False,False,False,True,False,True
43,18,0,46.4,64540.82,1.1,False,False,False,False,True,False,False,False,False,True,False,True,False,True
51,21,0,23.9,56536.44,1.7,False,False,True,False,False,False,False,True,False,False,False,False,False,False
68,13,19,39.9,29340.16,5.5,False,False,False,False,False,False,False,True,False,False,False,False,False,False
58,20,18,42.3,74925.34,8.4,False,False,False,False,False,True,False,False,True,False,False,True,False,False
24,18,28,46.3,45124.87,1.1,False,False,False,False,False,True,False,False,False,False,False,False,False,False
21,20,9,31.9,23868.36,5.1,False,False,False,False,False,True,True,False,False,False,False,False,False,False
67,19,17,31.5,46437.7,5.5,False,False,False,True,False,False,False,False,True,False,False,False,False,False
62,12,27,44.7,85015.2,1.5,True,False,True,False,False,False,False,False,False,True,False,False,False,False
28,17,34,24.8,72004.43,5.1,True,False,True,False,False,False,False,False,False,True,False,True,False,True
46,21,30,50.7,48026.96,3.3,True,False,True,False,False,False,False,False,False,True,True,False,False,False
53,10,26,41.8,48014.85,4.2,True,False,True,False,False,False,False,False,True,False,False,True,False,True
42,20,10,52.5,48567.3,7.4,True,False,True,False,False,False,True,False,False,False,False,False,False,True
38,18,37,31.3,96534.96,5.7,False,False,False,False,True,False,False,True,False,False,False,True,False,False
53,18,4,36.5,62638.71,2.1,True,False,False,False,False,True,False,False,False,False,False,False,False,False
27,19,7,20.7,63600.83,9.7,True,False,False,False,True,False,False,True,False,False,False,False,False,False
54,11,33,33.6,75605.67,6.7,False,False,False,True,False,False,True,False,False,False,True,False,False,False
26,13,11,38.5,59775.78,7.9,False,True,False,False,False,False,False,True,False,False,False,False,False,False
41,17,37,24.3,49819.16,1.7,False,False,False,False,False,True,False,False,True,False,True,False,False,False
52,16,0,36.8,51073.0,1.4,False,True,False,True,False,False,False,False,False,True,False,False,False,False
66,10,30,24.1,53567.97,1.2,False,False,False,False,True,False,True,False,False,False,False,True,False,True
52,14,3,37.9,54255.56,2.7,True,False,False,False,False,False,True,False,False,False,False,False,False,True
65,16,4,49.2,69552.59,4.7,False,False,False,True,False,False,False,True,False,False,False,False,False,False
53,13,29,39.7,56038.92,9.4,False,False,False,False,False,False,False,False,True,False,False,False,False,True
35,10,23,53.3,69652.8,5.1,True,False,False,True,False,False,False,True,False,False,False,False,True,False
66,18,2,46.3,53385.67,3.6,True,False,False,False,True,False,False,True,False,False,False,True,False,False
56,14,10,50.8,56572.7,6.1,False,False,True,False,False,False,True,False,False,False,False,False,True,False
49,20,3,33.9,15035.99,5.5,True,False,False,True,False,False,False,True,False,False,False,True,False,False
41,11,25,33.7,73326.55,6.5,False,False,False,False,True,False,False,False,False,True,False,False,True,False
40,17,26,42.8,61929.77,6.1,True,False,True,False,False,False,False,True,False,False,False,False,False,True
49,20,26,27.4,74960.2,8.1,False,False,False,False,True,False,False,False,False,True,False,False,False,True
54,11,5,43.8,15000.0,9.9,False,False,False,False,True,False,True,False,False,False,False,True,False,True
29,12,14,37.4,96767.49,3.3,True,False,False,False,False,True,False,False,True,False,False,True,False,False
66,19,29,50.6,52208.21,5.6,True,False,False,False,True,False,False,False,False,True,False,True,False,True
30,10,36,45.4,77163.66,9.2,False,False,False,False,False,True,False,False,True,False,False,False,False,False
40,20,36,48.8,34201.88,8.1,False,False,False,False,False,True,False,False,True,False,False,False,False,False
42,11,36,34.0,67255.48,5.4,False,False,False,False,False,True,False,False,False,True,True,False,False,True
52,16,34,48.4,56123.75,9.5,False,False,False,True,False,False,True,False,False,False,False,True,False,True
58,19,22,51.6,42524.62,1.5,False,False,False,False,False,False,False,False,False,False,False,False,False,False
47,11,5,39.7,93280.63,9.4,True,False,False,True,False,False,False,False,True,False,False,True,False,False
34,15,3,34.1,51186.35,1.5,True,False,False,False,False,True,False,False,True,False,True,False,False,False
66,12,17,34.2,59348.66,5.9,True,False,False,False,False,False,True,False,False,False,False,False,False,False
37,13,8,49.9,72401.35,9.0,False,False,False,False,False,False,True,False,False,False,False,False,True,False
65,20,28,61.5,64913.64,3.4,True,False,False,False,False,True,False,True,False,False,True,False,False,False
42,17,12,32.1,58008.38,5.3,True,False,False,False,False,False,True,False,False,False,True,False,False,False
39,12,16,31.5,62299.22,3.9,False,False,True,False,False,False,False,False,True,False,True,False,False,False
30,19,31,47.4,103068.31,9.6,False,False,False,True,False,False,False,False,False,True,False,True,False,True
36,15,21,34.0,53847.62,8.4,True,False,False,False,False,False,False,False,False,False,False,False,False,False
66,10,3,48.1,59021.98,7.4,True,False,False,False,False,True,False,True,False,False,False,False,False,True
53,16,4,43.7,76013.09,6.3,True,False,True,False,False,False,False,False,False,True,False,False,False,True
29,17,36,39.8,77110.52,8.4,True,False,True,False,False,False,False,False,False,False,False,False,False,True
58,20,12,43.5,78740.61,4.5,False,False,True,False,False,False,False,False,False,False,False,False,False,False
36,17,33,43.0,67774.6,5.0,True,False,False,False,False,True,False,False,False,False,False,False,False,True
29,12,21,38.6,32139.9,7.6,False,False,True,False,False,False,False,False,False,True,False,False,False,True
26,19,22,25.9,87668.63,4.2,False,False,False,True,False,False,False,True,False,False,False,False,False,False
24,10,2,41.4,32073.09,1.6,True,False,True,False,False,False,False,True,False,False,False,False,True,False
45,18,33,52.6,61052.71,1.7,False,True,False,False,False,True,False,False,False,False,False,False,False,False
31,15,31,27.1,39914.48,2.0,True,False,False,False,False,True,False,False,False,True,False,True,False,False
48,20,20,32.3,53717.23,8.8,True,False,False,False,False,False,False,False,False,False,False,True,False,False
69,18,20,43.4,61575.25,5.3,True,False,False,False,False,False,True,False,False,False,False,False,False,False
36,16,10,40.3,61427.14,7.4,True,False,False,False,False,False,False,True,False,False,True,False,False,True
64,10,38,43.3,63438.42,4.5,True,False,False,False,True,False,False,False,True,False,False,True,False,False
33,21,3,34.4,87274.23,3.3,True,False,False,True,False,False,False,False,False,False,False,False,False,False
22,21,0,49.3,64070.69,4.1,False,False,False,False,False,True,True,False,False,False,False,False,False,False
52,10,27,40.4,50116.87,8.1,False,False,False,False,False,True,False,True,False,False,False,False,False,False
29,15,23,45.6,74281.74,6.6,False,False,False,False,False,False,False,False,False,True,False,False,False,False
42,14,34,42.6,78789.41,9.4,True,False,False,False,False,True,False,True,False,False,False,False,False,False
69,18,12,41.4,30447.84,7.1,False,False,False,False,False,True,False,False,False,True,False,True,False,True
38,11,33,45.0,66948.0,6.1,False,False,True,False,False,False,False,False,False,True,False,False,True,False
53,17,10,41.5,69023.45,6.5,False,False,False,False,False,True,False,False,False,False,False,True,False,False
40,20,35,30.5,49048.73,9.5,False,False,False,False,True,False,False,False,False,False,False,False,False,False
33,14,16,48.7,82514.14,8.1,False,False,False,False,False,False,False,True,False,False,False,False,False,False
56,11,34,46.5,51998.89,1.2,True,False,False,True,False,False,True,False,False,False,False,False,False,True
62,19,17,23.1,57511.53,5.8,False,False,False,True,False,False,False,True,False,False,False,False,False,True
59,20,39,34.8,51538.56,7.2,True,False,True,False,False,False,False,False,True,False,False,False,False,True
56,20,21,48.3,55311.58,7.7,False,True,False,True,False,False,False,False,False,True,False,False,True,False
31,21,23,25.4,56123.75,2.9,True,False,False,True,False,False,False,False,False,True,False,False,False,False
48,15,18,47.5,26198.98,8.8,True,False,False,False,False,False,False,False,False,False,False,False,True,True
22,19,36,38.9,86890.1,9.6,True,False,False,False,False,False,True,False,False,False,False,False,False,True
52,17,38,50.7,38060.77,3.1,False,False,False,False,True,False,False,False,False,False,True,False,False,False
40,13,20,40.0,35172.15,8.9,True,False,True,False,False,False,False,False,True,False,False,True,False,True
46,11,7,34.2,15000.0,1.9,True,False,False,True,False,False,False,True,False,False,False,True,False,False
60,21,27,42.5,42220.77,1.5,False,False,False,False,True,False,False,True,False,False,False,False,False,True
28,20,4,39.8,28538.2,2.2,False,False,True,False,False,False,True,False,False,False,False,False,True,False
35,14,16,33.5,87840.3,1.5,True,False,False,True,False,False,False,False,False,False,False,False,True,True
64,21,36,57.7,56123.75,5.5,True,False,False,True,False,False,False,False,False,False,False,True,False,False
29,11,35,32.2,41236.99,1.5,False,False,False,False,False,False,False,False,True,False,False,True,False,False
26,11,18,22.1,100048.72,3.4,False,False,False,False,False,True,False,True,False,False,False,True,False,True
27,15,26,52.7,74635.31,1.9,False,False,True,False,False,False,False,False,False,False,False,False,False,False
61,20,33,35.3,48503.37,3.7,False,False,False,True,False,False,True,False,False,False,False,True,False,False
34,19,10,37.6,15000.0,1.8,True,False,True,False,False,False,False,True,False,False,False,False,True,False
55,18,11,37.1,100818.85,7.0,False,False,False,False,True,False,False,False,True,False,False,False,False,False
24,13,20,35.4,27208.55,2.2,False,False,False,False,True,False,True,False,False,False,False,False,False,True
63,15,10,33.9,22092.03,8.7,False,False,False,False,False,True,False,False,False,True,False,False,False,False
30,16,38,32.0,75451.41,8.4,True,False,False,True,False,False,False,False,True,False,False,True,False,False
57,20,27,40.5,103795.05,1.1,False,False,False,False,False,False,True,False,False,False,False,False,False,False
59,15,4,36.8,82685.46,9.1,False,False,False,True,False,False,False,False,False,False,False,False,False,False
26,17,16,45.8,66278.18,1.3,True,False,True,False,False,False,False,False,False,True,False,False,False,True
67,13,19,43.9,66895.09,3.2,False,False,False,False,True,False,False,False,True,False,False,True,False,False
44,21,11,32.6,72068.31,1.3,False,False,True,False,False,False,False,False,False,False,False,False,False,False
19,10,5,40.9,70178.57,4.0,False,False,False,False,False,True,False,False,False,True,False,True,False,True
22,16,16,36.7,60623.83,5.6,False,False,False,False,True,False,False,True,False,False,False,False,False,False
46,12,18,32.1,57084.02,8.2,False,False,False,False,False,False,False,False,False,False,False,True,False,False
54,15,25,45.5,53748.14,4.0,False,False,False,False,True,False,True,False,False,False,True,False,False,True
55,11,31,39.0,39920.71,7.3,True,False,False,True,False,False,False,False,True,False,False,False,False,True
36,18,5,36.7,49386.5,2.7,True,False,False,True,False,False,False,False,False,True,False,False,False,False
25,10,35,33.2,21140.86,7.8,True,False,True,False,False,False,False,False,False,False,False,False,True,True
65,15,37,31.8,53033.21,5.5,False,False,False,False,False,True,False,True,False,False,False,False,False,True
62,15,10,55.9,35228.18,2.3,False,False,False,True,False,False,False,False,True,False,False,False,False,False
18,14,32,42.7,56123.75,2.7,False,False,False,True,False,False,False,False,True,False,False,False,True,True
39,14,23,31.3,58597.88,2.6,False,False,False,False,False,False,False,False,False,False,True,False,False,False
69,10,22,42.3,82840.05,5.6,False,False,False,False,True,False,False,True,False,False,False,True,False,False
34,19,14,48.5,73366.33,8.6,False,True,False,True,False,False,False,False,False,True,False,False,False,False
24,21,26,41.3,23589.99,1.7,True,False,True,False,False,False,False,False,False,False,False,False,False,False
42,14,10,51.0,35207.44,7.4,False,False,True,False,False,False,False,False,False,True,False,False,False,False
62,11,16,27.7,73815.42,6.9,True,False,False,False,True,False,False,False,True,False,False,True,False,True
21,16,13,24.1,35350.25,8.9,False,False,False,False,False,False,False,False,False,True,False,True,False,False
53,12,26,42.1,50507.34,3.2,False,False,False,True,False,False,False,True,False,False,False,False,True,False
23,13,17,42.2,66001.04,5.1,False,False,False,False,False,True,True,False,False,False,False,False,False,True
48,12,27,17.21250000000001,35633.11,9.3,True,False,False,False,True,False,False,True,False,False,False,True,False,False
36,12,3,35.0,57107.51,6.9,True,False,False,False,False,True,False,False,False,True,False,False,False,False
61,13,6,31.9,28319.49,4.5,False,False,False,False,False,True,False,False,False,False,False,False,False,False
56,14,34,28.9,42972.65,2.2,False,False,False,False,False,False,False,False,True,False,False,True,False,False
44,10,8,31.9,61395.64,3.4,True,False,False,False,True,False,True,False,False,False,False,False,False,False
27,13,7,44.8,23140.13,6.2,False,False,False,True,False,False,False,False,False,False,False,True,False,False
43,21,16,31.9,63809.49,7.5,True,False,False,False,False,False,False,False,False,False,False,True,False,False
36,21,16,32.1,54607.24,2.1,False,False,False,True,False,False,False,True,False,False,True,False,False,True
56,20,32,27.0,66049.8,6.4,False,False,True,False,False,False,False,False,False,True,False,True,False,True
20,17,31,50.2,59478.28,6.0,False,False,False,False,False,True,False,True,False,False,False,False,True,False
62,19,7,43.5,82282.81,5.6,False,True,True,False,False,False,False,False,False,True,False,True,False,False
30,16,18,20.1,57504.49,7.2,False,False,False,False,False,True,False,True,False,False,False,False,False,True
67,18,37,32.1,46411.89,8.5,False,False,False,False,False,False,False,False,False,False,False,False,False,True
45,14,2,44.2,57445.95,3.9,True,False,False,True,False,False,False,False,True,False,False,True,False,True
37,19,4,50.3,65865.96,9.0,True,False,False,True,False,False,False,False,False,True,False,True,False,False
45,13,12,46.7,55977.2,2.4,True,False,False,False,False,False,True,False,False,False,False,True,False,False
25,17,30,37.2,55811.83,2.6,False,False,False,False,True,False,True,False,False,False,False,False,False,False
58,18,15,24.5,40960.17,3.4,True,False,True,False,False,False,False,False,False,False,False,False,False,False
56,16,31,47.0,41741.98,2.1,True,False,True,False,False,False,False,True,False,False,False,False,False,False
18,16,21,37.6,26947.89,3.1,True,False,False,True,False,False,False,True,False,False,False,True,False,False
20,14,28,40.6,89991.53,2.0,True,False,False,True,False,False,False,False,False,False,False,True,False,True
30,13,21,38.6,30122.74,8.4,True,False,False,True,False,False,True,False,False,False,False,True,False,True
45,19,2,29.2,41141.9,2.3,False,False,False,False,False,False,True,False,False,False,False,False,False,False
66,10,9,42.9,56123.75,7.7,False,False,False,False,True,False,False,True,False,False,False,False,False,True
42,19,20,41.8,72898.49,1.4,False,False,True,False,False,False,False,False,False,True,False,True,False,False
50,19,15,36.6,49101.01,9.5,False,False,True,False,False,False,False,False,True,False,False,True,False,False
55,16,11,43.8,79954.84,7.4,True,False,False,False,False,False,False,False,False,True,False,False,False,False
23,10,1,29.0,41530.19,1.1,False,False,True,False,False,False,True,False,False,False,False,True,False,False
61,10,23,37.8,60579.88,7.9,True,False,False,False,True,False,False,False,False,True,False,False,False,False
62,14,34,40.2,38293.06,5.6,True,False,False,False,False,False,False,False,True,False,False,True,False,True
49,18,29,26.1,97902.98,8.0,False,False,True,False,False,False,False,False,False,True,False,False,True,False
62,15,29,39.5,31248.03,5.7,True,False,False,False,False,False,False,False,False,True,False,True,False,False
64,12,34,45.9,61196.41,6.8,False,False,True,False,False,False,False,False,False,True,False,True,False,True
38,12,18,37.6,67675.54,8.1,True,False,True,False,False,False,False,False,False,True,False,False,False,True
33,16,7,39.7,63275.98,4.6,False,False,False,False,True,False,False,False,False,False,False,True,False,False
38,15,25,44.5,51294.25,1.0,False,False,False,False,False,True,True,False,False,False,False,True,False,False
28,18,39,36.9,52403.59,8.6,True,False,False,False,True,False,False,False,True,False,False,True,False,False
54,15,6,37.6,55876.23,4.4,False,False,True,False,False,False,True,False,False,False,False,True,False,False
53,14,29,30.6,52059.96,5.5,True,False,False,False,False,False,False,False,False,False,False,False,False,False
52,19,6,39.9,74277.58,1.1,False,False,False,False,True,False,False,False,False,False,True,False,False,True
36,16,2,37.3,99210.46,5.4,True,False,False,False,False,True,False,False,False,False,False,True,False,False
37,10,0,44.0,43850.16,9.9,False,False,True,False,False,False,False,False,False,False,False,False,False,False
35,21,35,44.5,27603.94,3.5,False,False,False,False,True,False,False,False,False,True,False,True,False,True
64,16,24,46.3,53234.36,5.5,True,False,False,False,True,False,True,False,False,False,False,False,False,False
58,12,36,35.9,104960.96125000001,7.2,False,False,False,False,True,False,False,True,False,False,False,False,False,False
66,18,0,22.6,38926.51,8.3,False,False,False,False,True,False,False,False,True,False,False,False,False,True
31,15,14,45.9,87782.34,4.8,False,False,False,False,False,False,False,False,False,False,False,True,False,False
32,18,36,43.4,88554.02,3.8,False,False,False,False,False,True,True,False,False,False,False,False,True,False
48,14,12,34.9,43928.24,9.4,True,False,False,False,False,True,False,False,False,False,False,True,False,False
18,16,39,44.4,66379.66,7.1,False,False,True,False,False,False,False,False,False,False,False,True,False,True
20,13,7,28.4,87567.93,2.1,True,False,False,True,False,False,False,False,False,False,False,False,False,False
33,16,4,48.2,47417.45,1.6,True,False,False,False,False,False,False,False,False,False,False,False,False,True
40,10,8,37.3,50928.39,5.4,False,True,True,False,False,False,False,False,False,False,False,False,False,True
28,16,0,33.4,43366.38,3.0,False,False,True,False,False,False,False,False,True,False,False,True,False,False
29,17,35,35.0,34704.87,3.3,True,False,False,False,True,False,True,False,False,False,True,False,False,False
27,14,34,38.1,42014.45,8.9,True,False,False,True,False,False,False,False,False,False,False,False,False,False
49,11,1,39.9,30521.19,1.8,False,False,False,True,False,False,False,False,False,False,False,True,False,False
33,14,39,40.4,55681.67,7.4,True,False,False,False,False,False,False,False,False,False,True,False,False,True
25,15,22,36.6,39600.54,3.4,True,False,False,True,False,False,False,False,False,False,False,False,False,False
55,21,8,41.6,59675.72,7.8,True,False,True,False,False,False,False,False,False,True,False,True,False,False
29,11,33,40.1,23882.09,7.5,False,False,False,True,False,False,False,False,False,True,False,True,False,False
41,15,13,34.8,61617.6,1.1,False,False,False,True,False,False,False,True,False,False,False,True,False,False
45,15,3,33.6,71670.58,5.6,True,False,False,False,False,True,False,False,False,False,False,False,False,False
25,10,29,44.9,15125.29,2.3,False,False,True,False,False,False,False,True,False,False,False,True,False,False
45,10,30,44.2,62481.13,8.8,True,False,False,True,False,False,False,False,True,False,False,True,False,False
53,20,37,40.5,79553.38,8.8,False,False,False,True,False,False,False,True,False,False,False,False,False,False
43,19,10,47.4,30807.18,4.8,False,True,False,False,True,False,True,False,False,False,False,True,False,False
25,12,34,24.3,88451.45,5.0,False,False,False,True,False,False,False,False,False,True,False,False,False,True
67,19,7,35.5,63380.38,3.7,False,False,False,True,False,False,False,False,False,True,False,False,True,True
45,19,2,30.7,40899.76,7.4,False,False,False,False,False,True,False,False,False,False,False,True,False,False
45,21,13,58.1,53884.62,4.2,False,False,True,False,False,False,False,False,False,False,False,False,True,True
54,12,12,45.7,66166.54,3.4,False,False,False,False,False,False,False,False,True,False,False,False,False,False
58,13,31,39.4,56520.11,4.9,False,False,True,False,False,False,False,False,True,False,False,False,False,True
53,11,33,46.3,65775.12,1.8,True,False,False,False,True,False,True,False,False,False,False,False,False,True
44,18,18,48.9,36586.53,7.7,True,False,True,False,False,False,False,False,False,False,False,False,False,False
34,19,37,48.8,58387.22,1.1,False,False,False,True,False,False,False,False,False,False,False,False,False,False
26,21,15,47.4,56123.75,6.8,False,False,False,False,True,False,False,False,True,False,False,True,False,False
50,20,1,37.9,52775.48,5.5,True,False,True,False,False,False,False,False,True,False,False,False,False,False
37,16,39,36.0,36921.85,3.1,True,False,False,False,True,False,False,False,True,False,False,True,False,False
30,16,16,32.3,40289.4,6.7,False,False,False,False,False,False,False,False,False,True,False,False,False,True
45,15,33,44.0,79721.86,9.9,False,False,True,False,False,False,False,True,False,False,False,True,False,True
65,12,15,38.7,76826.2,8.0,False,False,False,True,False,False,False,True,False,False,False,True,False,False
46,15,37,36.7,67182.76,3.0,False,False,False,False,True,False,False,False,False,False,False,True,False,False
30,21,1,36.2,33153.74,2.6,False,False,False,False,False,True,False,False,False,True,True,False,False,False
63,17,1,51.6,48671.83,8.8,False,False,False,False,True,False,False,False,True,False,False,False,False,False
52,17,25,47.6,79261.95,5.0,False,False,False,False,False,True,False,False,False,False,False,False,False,True
23,20,12,54.6,57834.34,2.2,False,False,False,True,False,False,False,False,False,True,False,False,False,True
35,18,30,44.2,101386.59,8.8,False,False,True,False,False,False,True,False,False,False,False,False,False,False
68,10,33,40.5,62866.36,8.3,True,False,False,False,False,True,False,False,False,True,False,True,False,False
22,10,38,39.8,58840.98,9.9,True,False,False,False,False,False,False,False,False,False,False,False,False,True
64,12,2,31.8,48817.67,9.2,False,True,False,False,True,False,False,True,False,False,False,True,False,True
42,12,7,29.9,57670.82,8.7,True,False,False,True,False,False,False,False,True,False,False,False,False,True
19,19,22,44.1,51950.6,1.5,True,False,False,False,False,True,True,False,False,False,True,False,False,False
27,17,13,32.5,69162.17,1.9,False,False,False,False,True,False,False,False,False,True,True,False,False,False
47,19,26,41.7,74134.05,6.1,False,False,True,False,False,False,False,False,False,False,False,False,False,False
67,10,28,48.9,39280.21,5.8,True,False,False,False,True,False,False,False,False,False,False,False,False,False
62,11,38,34.7,28375.34,5.1,True,False,False,False,False,False,False,False,True,False,False,False,True,False
22,11,38,56.1,18275.89,4.6,True,False,False,True,False,False,False,False,False,False,True,False,False,False
50,12,0,32.1,65159.83,4.9,False,False,False,True,False,False,False,False,False,False,False,False,False,True
18,15,16,47.9,32932.67,6.1,True,False,False,False,True,False,False,False,True,False,False,False,False,True
35,10,29,43.4,15000.0,1.0,True,False,True,False,False,False,True,False,False,False,True,False,False,True
49,11,12,49.6,62771.57,3.3,True,False,False,False,False,False,False,True,False,False,False,True,False,False
64,10,20,31.1,104859.99,5.7,False,False,False,False,True,False,False,True,False,False,False,False,False,False
66,14,18,58.5,54878.58,7.5,True,False,False,False,True,False,False,False,False,True,False,True,False,False
28,16,18,38.6,71769.82,2.6,True,False,False,True,False,False,True,False,False,False,True,False,False,False
38,17,24,45.4,56636.59,5.9,False,False,False,False,False,False,False,False,False,True,False,False,True,True
43,19,21,51.6,53022.21,7.4,False,True,True,False,False,False,False,True,False,False,False,True,False,False
42,10,30,35.2,73381.53,5.0,False,False,False,True,False,False,False,False,True,False,False,True,False,False
39,16,16,46.6,49194.51,1.2,False,True,False,False,True,False,False,False,False,False,False,False,False,False
44,14,22,33.8,60347.85,5.0,False,False,False,True,False,False,False,True,False,False,False,False,True,True
66,19,31,51.2,61433.96,3.7,True,False,False,True,False,False,True,False,False,False,False,False,False,False
30,10,9,33.9,41638.19,9.4,False,False,False,False,False,True,False,True,False,False,True,False,False,False
50,12,9,40.3,74840.85,2.1,True,False,False,True,False,False,True,False,False,False,False,False,False,False
51,16,35,42.4,51500.8,6.9,False,False,True,False,False,False,True,False,False,False,False,False,True,False
58,19,7,46.3,39885.1,1.5,True,False,False,False,False,False,True,False,False,False,False,False,False,False
52,10,19,55.7,65730.2,5.0,True,False,False,True,False,False,False,False,False,True,False,True,False,True
18,16,31,36.4,37030.64,6.0,False,False,True,False,False,False,False,False,True,False,False,False,False,True
38,14,13,49.1,55563.62,3.7,True,False,False,False,True,False,False,True,False,False,False,True,False,True
65,10,27,55.8,54817.62,5.1,False,False,False,False,False,False,False,False,True,False,False,False,True,True
23,10,23,41.3,76717.91,2.5,True,False,False,True,False,False,False,False,False,False,False,True,False,False
45,10,14,35.6,64493.96,3.7,True,False,True,False,False,False,False,True,False,False,False,True,False,False
34,20,21,26.2,54499.46,6.6,False,False,False,False,True,False,False,False,True,False,False,False,False,False
22,18,29,55.1,56123.75,3.7,False,False,False,False,False,False,False,False,True,False,True,False,False,True
48,20,3,38.0,82804.15,9.1,False,False,True,False,False,False,False,False,False,False,False,True,False,False
22,12,12,32.0,66156.21,6.7,True,False,False,True,False,False,True,False,False,False,False,True,False,True
55,14,22,29.1,56123.75,4.9,False,False,False,False,False,True,False,True,False,False,False,True,False,True
20,20,7,32.0,28763.28,1.3,False,False,False,False,False,True,False,True,False,False,False,True,False,False
40,19,17,47.4,33697.73,5.5,False,False,False,False,False,False,False,False,False,False,False,False,False,False
54,21,11,48.5,48895.51,7.9,True,False,True,False,False,False,True,False,False,False,False,True,False,False
54,18,30,45.2,42809.76,3.4,False,False,False,False,True,False,False,True,False,False,False,True,False,True
27,15,13,41.1,51260.57,8.3,False,False,True,False,False,False,False,True,False,False,False,False,True,False
27,21,33,30.0,56133.0,3.3,False,False,False,False,False,True,False,True,False,False,False,False,True,True
36,18,17,34.2,65593.86,8.4,False,False,False,False,False,False,True,False,False,False,False,False,False,True
34,17,33,31.1,53590.02,1.8,False,False,False,True,False,False,False,False,False,False,False,False,False,False
38,17,10,44.6,56123.75,8.8,True,False,True,False,False,False,False,True,False,False,False,False,False,True
31,10,11,31.5,56289.49,5.5,True,False,False,False,False,True,False,False,True,False,False,False,False,True
26,18,14,34.3,15490.67,3.7,False,False,False,False,True,False,True,False,False,False,False,True,False,False
63,15,30,38.5,36213.29,3.4,True,False,False,False,False,False,False,False,False,True,False,False,True,False
18,18,28,26.6,52118.25,4.9,True,False,False,True,False,False,False,False,False,False,False,False,False,False
68,12,25,40.4,30806.11,10.0,True,False,True,False,False,False,False,False,True,False,False,False,False,False
62,21,17,39.1,66998.57,3.0,True,False,False,False,True,False,False,True,False,False,True,False,False,True
30,12,31,49.5,85615.02,1.9,False,False,False,True,False,False,False,False,False,True,False,False,True,True
21,15,21,33.4,79375.24,6.3,False,False,False,False,False,True,False,False,False,False,False,True,False,True
18,18,37,29.6,50731.14,5.4,False,False,False,False,False,True,True,False,False,False,False,True,False,False
66,16,16,37.0,84814.52,5.7,True,False,False,False,True,False,False,False,False,True,False,True,False,False
57,12,22,31.2,57973.35,7.0,False,False,False,False,False,True,False,False,False,True,False,False,False,False
49,12,23,40.3,48258.28,3.4,False,False,False,False,False,False,False,False,True,False,False,False,False,False
51,11,7,25.1,42731.95,9.2,False,True,False,False,True,False,False,False,False,False,False,False,False,True
45,18,5,35.2,48950.61,4.9,False,False,False,False,False,True,False,False,True,False,False,False,False,False
48,12,4,32.6,47236.46,2.2,True,False,True,False,False,False,False,False,True,False,True,False,False,True
25,20,28,44.5,58408.32,7.7,False,False,False,False,False,True,False,True,False,False,False,True,False,False
56,14,27,33.5,58211.48,6.8,False,True,False,False,False,False,True,False,False,False,False,False,False,False
43,18,10,26.1,55060.92,3.8,False,False,False,True,False,False,False,False,False,True,False,False,False,False
51,17,0,38.4,63738.76,6.6,False,False,False,True,False,False,False,False,False,False,False,False,False,False
20,11,18,42.6,78812.93,3.0,True,False,False,False,False,True,True,False,False,False,False,True,False,False
67,12,8,37.8,73991.08,5.0,False,False,False,True,False,False,True,False,False,False,False,False,True,True
29,11,26,35.1,25302.04,9.1,False,False,False,False,False,True,False,False,False,False,False,False,False,True
18,17,33,34.6,15000.0,2.2,True,False,False,False,False,False,True,False,False,False,False,False,False,False
61,15,3,40.9,73686.4,4.5,False,False,False,True,False,False,False,True,False,False,False,True,False,True
22,15,35,32.9,27662.43,8.4,True,False,True,False,False,False,True,False,False,False,False,True,False,False
47,21,17,37.4,50504.69,9.7,True,False,False,False,False,True,False,True,False,False,False,False,False,False
47,18,14,46.0,31597.74,5.1,True,False,False,True,False,False,False,False,False,True,False,True,False,False
34,17,12,29.6,18960.39,5.6,True,False,False,False,False,False,False,False,False,True,False,True,False,False
65,13,18,39.7,65829.25,6.1,False,False,False,False,False,False,False,False,True,False,False,False,False,True
64,21,5,25.7,70183.1,9.4,True,False,True,False,False,False,False,True,False,False,False,False,False,False
40,13,11,41.8,43469.79,8.7,True,False,False,False,False,False,False,False,False,True,False,False,False,False
32,18,36,32.2,15000.0,2.5,False,False,False,False,False,False,True,False,False,False,False,False,True,False
54,10,16,48.2,44075.11,5.5,False,False,False,True,False,False,False,False,False,False,True,False,False,True
38,11,22,28.2,62836.08,5.2,False,False,False,False,False,True,False,False,False,False,False,False,True,False
31,11,25,43.5,25421.77,8.1,True,False,False,False,True,False,False,True,False,False,False,True,False,True
19,15,28,49.8,58667.2,6.4,False,False,False,False,False,False,False,False,True,False,False,True,False,False
28,13,32,31.8,54693.8,6.9,True,False,False,False,False,False,True,False,False,False,False,True,False,True
68,20,26,33.1,66585.83,10.0,False,False,False,False,True,False,False,True,False,False,True,False,False,False
56,19,24,32.4,57391.61,5.5,True,False,False,False,False,False,False,False,False,False,False,False,False,False
55,12,9,36.1,35538.62,3.0,False,False,False,True,False,False,False,True,False,False,False,True,False,True
51,12,22,44.1,78931.43,4.7,True,False,False,True,False,False,True,False,False,False,False,True,False,True
55,12,20,35.5,51829.41,4.1,False,False,False,False,True,False,False,False,False,True,False,True,False,False
67,15,20,31.0,54453.91,1.2,False,False,False,False,False,False,True,False,False,False,False,False,False,True
51,17,12,23.8,36334.64,1.8,True,False,False,False,False,False,False,False,False,True,False,True,False,False
35,20,36,52.8,46134.35,7.1,True,False,False,False,False,True,False,False,False,True,False,True,False,False
47,16,32,53.4,37303.95,8.9,False,False,False,False,False,False,False,False,False,True,False,False,False,False
32,13,23,44.5,51541.08,5.6,False,True,False,True,False,False,False,True,False,False,False,True,False,False
44,20,10,33.5,89234.17,5.9,False,False,True,False,False,False,False,False,False,False,False,False,False,True
68,21,16,46.0,27561.98,3.3,True,False,True,False,False,False,False,True,False,False,True,False,False,True
51,13,3,47.6,22728.77,7.9,True,False,True,False,False,False,False,False,False,False,False,True,False,True
69,20,24,38.0,84423.41,7.8,False,False,True,False,False,False,True,False,False,False,False,True,False,False
55,19,29,40.3,50813.53,6.3,False,False,False,False,False,False,False,False,True,False,False,False,False,False
50,20,8,49.9,41618.55,2.9,False,False,False,False,False,False,True,False,False,False,False,False,False,True
41,20,20,26.9,75798.09,1.9,False,False,False,False,False,True,False,True,False,False,False,True,False,True
32,20,19,48.0,42887.69,1.6,False,False,False,False,False,False,False,True,False,False,False,False,False,False
47,11,18,37.5,91520.19,6.3,False,False,True,False,False,False,False,False,False,False,False,True,False,False
59,10,18,31.1,68558.52,8.4,True,False,False,False,True,False,False,True,False,False,False,False,False,False
68,18,11,31.8,45241.77,8.7,True,False,False,False,True,False,False,False,False,True,False,False,True,False
34,21,36,33.1,98146.16,5.2,False,False,False,True,False,False,False,True,False,False,False,True,False,False
22,21,16,30.3,42885.7,8.1,True,False,False,True,False,False,False,False,False,False,False,False,False,True
46,11,36,54.2,69841.91,5.5,True,False,False,False,False,False,False,False,False,False,False,True,False,False
21,17,38,43.9,60985.85,3.5,True,False,False,False,True,False,False,False,False,True,False,False,True,False
27,18,27,48.5,81034.83,4.6,True,False,True,False,False,False,False,False,False,False,False,True,False,False
34,13,34,44.5,86230.22,9.4,False,False,True,False,False,False,False,False,True,False,False,False,False,False
27,17,17,40.5,55640.08,4.0,False,False,True,False,False,False,True,False,False,False,False,True,False,True
34,18,13,40.6,39931.64,9.2,False,False,False,False,False,False,False,True,False,False,False,False,False,True
37,19,34,36.8,64199.44,9.8,True,False,False,False,False,False,False,False,True,False,False,False,False,False
41,19,6,37.5,41445.69,7.0,False,False,False,False,False,True,False,True,False,False,False,False,False,True
22,14,12,28.7,95267.74,8.4,True,False,True,False,False,False,False,False,True,False,False,True,False,False
51,16,17,48.7,57730.71,7.7,False,False,True,False,False,False,False,True,False,False,False,False,False,False
23,19,36,25.5,47693.57,7.3,False,False,False,False,False,False,False,False,False,True,True,False,False,False
19,13,12,31.5,58693.61,3.8,True,False,False,False,False,False,False,False,False,False,False,False,False,False
30,10,35,56.1,28057.47,1.5,False,False,False,False,False,True,False,False,False,False,False,False,False,False
60,12,30,41.1,35567.72,4.1,False,False,False,False,False,True,False,False,False,True,False,False,False,True
60,14,1,41.4,79008.28,7.0,True,False,False,True,False,False,False,False,True,False,False,False,False,False
65,12,15,45.1,41862.11,1.9,False,False,False,False,True,False,True,False,False,False,False,True,False,False
28,21,8,27.7,34061.78,1.1,True,False,True,False,False,False,False,False,True,False,False,False,False,False
68,20,8,28.8,65733.06,5.5,True,False,True,False,False,False,False,False,False,False,False,False,False,False
64,16,37,36.4,78714.08,7.4,False,False,False,False,False,True,True,False,False,False,False,False,False,False
40,21,10,32.8,69379.07,9.8,False,False,False,False,False,True,False,True,False,False,False,False,False,True
33,18,21,39.4,74920.95,9.8,False,False,False,True,False,False,True,False,False,False,False,False,False,True
48,21,32,43.9,39864.1,5.4,True,False,False,False,True,False,False,False,True,False,False,True,False,False
28,15,35,51.1,26563.79,8.8,True,False,False,True,False,False,False,False,False,True,False,True,False,False
33,19,22,46.5,85026.67,7.6,False,False,False,False,True,False,False,True,False,False,False,True,False,False
25,10,33,32.0,48546.4,5.5,True,False,True,False,False,False,False,False,True,False,False,True,False,False
21,16,8,37.0,49983.34,6.2,False,False,False,True,False,False,False,True,False,False,False,True,False,False
57,12,23,34.8,81563.88,2.2,False,False,False,False,False,True,True,False,False,False,True,False,False,False
21,14,7,31.9,66124.6,9.4,False,False,False,True,False,False,False,False,False,False,False,False,False,False
42,19,6,30.0,64117.76,4.2,False,False,False,True,False,False,False,False,True,False,False,False,False,False
20,13,35,53.3,98300.05,5.0,True,False,True,False,False,False,False,False,False,True,False,False,False,False
49,19,17,40.1,56123.75,7.0,True,False,False,False,False,True,True,False,False,False,False,False,False,False
20,14,2,38.2,73556.8,5.5,True,False,False,False,False,True,False,False,True,False,False,False,False,True
44,14,27,43.9,56140.26,3.3,False,False,False,False,False,False,False,False,False,True,False,True,False,False
46,15,5,44.3,60371.85,6.7,False,False,False,False,False,False,False,False,True,False,False,False,False,True
49,19,20,49.0,85569.37,1.2,False,False,True,False,False,False,True,False,False,False,True,False,False,True
67,21,27,34.1,65156.72,7.5,False,False,True,False,False,False,False,False,True,False,False,False,False,True
68,19,39,43.2,65765.92,5.5,False,True,False,True,False,False,False,True,False,False,False,False,False,True
36,20,0,32.7,76450.15,6.5,True,False,False,False,False,True,True,False,False,False,True,False,False,False
38,15,35,38.5,47700.95,5.5,True,False,False,False,False,True,False,False,True,False,False,False,True,True
22,17,20,40.5,38215.81,5.7,True,False,False,True,False,False,False,False,False,False,False,False,False,True
35,17,34,41.2,34103.82,6.2,False,False,False,False,False,True,False,False,True,False,False,True,False,False
45,20,12,40.9,15672.87,7.2,True,False,False,True,False,False,False,True,False,False,False,False,True,False
59,18,9,46.4,96124.14,7.8,False,False,True,False,False,False,False,False,False,True,False,False,False,True
39,17,9,35.2,32935.83,7.5,False,False,True,False,False,False,False,False,False,True,False,False,False,False
38,20,12,41.5,50574.93,8.8,False,False,True,False,False,False,False,False,False,True,False,False,True,False
23,11,36,33.9,49463.73,2.7,False,False,False,True,False,False,False,False,False,False,False,True,False,False
18,21,37,62.51249999999999,61148.13,4.6,True,False,False,True,False,False,False,True,False,False,False,False,False,False
22,19,23,32.7,71314.74,5.5,True,False,False,False,True,False,True,False,False,False,False,True,False,True
58,21,1,34.4,72209.47,4.6,False,False,False,False,False,True,False,False,False,True,False,False,False,False
29,20,21,47.1,43338.45,2.1,True,False,False,False,False,True,False,True,False,False,False,False,True,False
43,10,16,36.6,51657.57,5.7,True,False,False,False,True,False,False,False,True,False,False,False,False,True
63,19,35,47.1,60651.6,2.0,False,False,False,False,True,False,False,False,False,False,False,False,True,False
51,11,13,41.2,50026.18,2.8,True,False,True,False,False,False,False,True,False,False,False,True,False,False
66,11,9,36.8,87146.91,10.0,False,False,False,False,True,False,False,True,False,False,False,False,False,False
31,21,34,34.0,64819.5,5.9,False,False,False,True,False,False,True,False,False,False,False,False,False,False
43,12,24,33.7,69697.56,3.6,True,False,False,False,False,False,False,True,False,False,False,True,False,False
62,19,2,36.9,68257.63,10.0,False,False,False,True,False,False,True,False,False,False,True,False,False,False
44,16,37,38.6,78469.48,9.7,True,False,False,False,True,False,False,False,False,False,False,False,False,False
26,11,16,33.3,58620.43,5.0,False,False,False,False,False,True,False,False,False,False,False,False,False,False
43,10,11,39.1,29063.36,3.3,True,False,False,True,False,False,False,False,True,False,False,True,False,False
64,15,23,31.2,62993.76,8.5,False,False,False,False,False,True,True,False,False,False,False,True,False,False
39,18,28,46.0,41972.86,7.4,True,False,False,True,False,False,True,False,False,False,False,False,False,False
64,12,24,47.6,44427.67,7.2,True,False,False,False,False,True,False,False,False,True,False,True,False,False
47,15,35,34.4,66727.28,9.0,True,False,False,True,False,False,False,False,False,True,False,True,False,False
60,12,25,33.9,79765.66,7.2,True,False,False,False,False,True,False,False,True,False,False,False,False,False
65,10,37,41.4,55425.43,3.6,True,False,False,False,False,False,False,False,False,False,False,False,False,False
34,21,0,50.1,61176.66,7.2,False,False,True,False,False,False,False,False,False,True,False,False,False,True
43,14,19,51.9,56123.75,3.8,False,False,False,True,False,False,False,True,False,False,False,True,False,False
53,19,27,28.8,59815.06,7.8,True,False,False,False,False,False,False,False,False,False,False,True,False,True
18,20,15,48.1,104960.96125000001,6.6,True,False,True,False,False,False,False,True,False,False,False,True,False,True
25,13,16,39.5,66310.19,1.7,False,False,False,True,False,False,True,False,False,False,False,False,False,True
66,16,39,39.7,19784.74,5.6,False,False,False,False,False,False,False,False,False,False,False,False,False,False
52,15,27,44.0,70066.83,4.1,True,False,False,False,False,False,False,False,True,False,False,False,True,False
69,19,11,36.2,62623.17,4.0,False,False,False,False,False,False,True,False,False,False,False,False,False,False
32,16,26,48.8,80795.06,6.4,True,False,False,False,True,False,True,False,False,False,False,True,False,False
64,14,29,51.4,68463.63,3.9,False,False,False,False,False,True,False,True,False,False,False,True,False,False
39,13,33,51.7,52230.88,8.0,True,False,True,False,False,False,True,False,False,False,False,False,False,False
31,16,36,25.2,30514.04,1.6,True,False,False,False,False,True,False,False,False,True,False,False,False,False
43,16,5,38.2,50819.53,6.9,False,False,False,False,False,True,False,False,False,False,False,False,False,True
45,15,6,24.5,56123.75,8.3,True,False,False,False,False,True,False,False,False,True,False,False,False,True
40,17,31,33.9,43389.53,7.1,False,False,True,False,False,False,False,True,False,False,False,True,False,False
31,13,31,20.8,66771.57,5.5,True,False,False,False,False,True,False,True,False,False,False,False,False,False
41,19,24,43.6,88398.09,9.6,False,False,False,False,True,False,False,False,False,False,False,False,False,False
19,14,32,41.8,62893.43,3.7,False,False,False,True,False,False,True,False,False,False,False,True,False,False
62,13,6,36.5,31082.34,1.2,True,False,False,False,False,False,False,False,True,False,False,False,False,True
43,21,11,33.7,63892.05,4.9,False,False,True,False,False,False,False,True,False,False,False,True,False,True
31,10,15,42.5,78932.63,1.3,False,False,False,True,False,False,False,False,False,False,False,False,False,False
68,21,15,31.9,42804.34,9.6,False,False,False,True,False,False,False,False,True,False,False,False,False,True
24,17,35,31.4,52319.66,2.9,False,False,False,True,False,False,True,False,False,False,False,False,False,True
20,10,12,30.4,55293.76,8.1,False,False,False,False,False,True,False,True,False,False,False,False,False,True
64,14,6,38.4,39302.03,8.0,True,False,False,False,False,True,False,False,False,False,False,False,True,False
40,15,35,35.3,67965.61,3.0,True,False,False,False,False,False,False,False,False,False,False,True,False,True
63,15,8,36.9,52581.04,6.6,False,False,False,False,False,True,False,False,False,False,False,False,False,False
60,14,31,44.2,63390.65,1.4,False,False,False,False,False,True,False,True,False,False,False,False,False,False
64,12,10,47.7,37250.16,5.4,True,False,False,False,False,True,False,False,True,False,False,False,False,True
62,14,7,51.6,46250.83,1.1,False,False,False,False,False,False,False,False,False,False,False,False,False,False
35,21,32,40.5,69447.63,9.3,False,False,False,False,False,False,True,False,False,False,False,False,False,True
55,17,22,42.8,47543.34,9.8,True,False,False,False,True,False,False,False,False,False,False,True,False,False
