feature_1,feature_2,feature_3,feature_4,feature_5,feature_6,feature_7,feature_8,target,gender,age_group
0.496939387538075,1.2787749614057942,-1.003102057692118,0.5060376546940897,-0.012408405072434531,1.7405425217139732,-0.4886103212428061,0.5027733118962368,1,F,Young
0.2711110569345514,1.280312200910053,2.154738258538362,1.6449180835402146,1.5360782760843088,-0.3380951396221274,-1.3114565411833858,-0.1487771384194463,1,F,Middle
0.5710966283371796,-0.9315740041318948,-1.0261125055983684,0.48047076933389804,-0.22229509949446558,2.007271640519753,0.3441138663720848,-0.28683404289823483,1,M,Old
-2.4039336985312136,-0.0050387887002808895,0.0070645185400407375,-1.1747321607284331,-0.9739954829089413,1.7684106708376446,0.9337034564303797,2.8747183531804024,0,F,Middle
-2.0816414724933257,1.0189874978283742,0.43210368752364625,-0.8011193544721747,-0.111901258180661,1.513658668667761,0.8284455984708669,2.436630769872491,0,M,Old
0.6307183849102536,-0.46974865180520675,0.18346169636485335,0.2928302304518792,1.0013199686579815,-0.59899603608076,-0.22815954977599004,-0.6401970104413359,1,M,Middle
-1.7326061306210416,-1.3979422803428783,1.348617071635631,-1.2743252702258363,-0.6613139469239666,-1.3118232789941882,2.3271898635141506,-0.6106562275370744,0,M,Middle
-1.6933756059492224,-0.12048473472740878,0.29208368923779676,-1.2371232341005698,-0.1790733852685401,0.023807126616513723,0.629531205910224,1.9620405988427552,0,M,Young
0.5421177664668215,1.7674778029335516,-0.8442031654876483,-2.232304090441933,-1.826817352257462,0.6894662493022571,3.1500433862579658,-0.25825353651516375,1,F,Old
0.5696542367591562,0.3188069128723426,2.1538558278298887,1.013388045521694,0.7388223595712307,-0.23520954013020323,-0.12733564911805942,-0.5979836937949061,1,M,Middle
0.39629413455921125,0.17127212515511933,3.0816563056217534,-1.548416724361987,-0.20197532789032774,-2.1724159570344765,2.755974444840643,-0.8845332641492641,1,F,Middle
-0.5822439692710485,-0.6306171079967398,-1.1487080993860186,1.190224709226012,-0.47927280146502793,-0.45907767751893386,-1.0864928219215242,-1.7069842610266788,0,F,Young
-1.1946756565247896,0.4640678707988276,0.1699353379562664,-0.49374615818984563,-0.886040341538179,-0.9910614286651296,0.18418049314399362,0.045785547641880385,0,F,Young
-0.6080030070823644,1.204926791569499,0.4965223211124085,-1.2418374299232555,0.3966839938706818,-1.2757799719665366,0.6183870009688857,0.8024338505103733,0,F,Old
-0.29122463959175376,2.7137933840072193,0.7900019769962506,-0.08629718973467479,0.13887860709168404,-0.6687923880125076,-0.23313536638610555,0.4002811429577219,0,M,Middle
1.0131563150555776,-1.018709959444964,-0.9138662582068621,-0.7138946315463395,-0.3192916448638896,0.756241487609281,0.4553401208848194,0.49498644986009155,1,F,Old
1.0086512896453186,0.6084384220963073,0.6042639772702673,1.3732804184115337,0.38101672956477717,0.6154950931760422,-1.4485584174543693,0.04364190025448349,1,M,Middle
-0.8651300688705214,-1.0511808898091786,0.45646531690509395,-0.7250407240188846,-0.531060508026041,-0.6770586483972988,1.3730112267290078,-0.5781869458643456,0,F,Old
-0.3757464586348909,-0.7372905879812779,-1.478471808796382,1.1619003199870792,0.7462128763670987,0.5309088037152403,-0.15315021673505924,-1.9760253230029883,0,F,Young
-0.5824300975364786,-0.1986833794018649,0.35401667001141246,-0.14951462210158775,0.4745814724504855,0.4086239415474312,0.18121124659074198,0.8134682179077913,0,M,Middle
-1.6288867321183325,-1.3339971587958899,0.8435580405771114,0.5430216566105855,-0.5014430948152184,-1.8229559004698093,-1.4800199866477837,0.10294946365173585,0,M,Old
-0.5235692782971163,0.7649509929192926,1.6850761730330566,0.900764644458383,-0.4299562217953171,-0.478161803551648,-0.6089875936517122,-0.20395433604066446,0,M,Young
0.12697846586246422,0.43951223294498953,0.2193753212284182,-1.142159088375779,0.369553600047136,0.3522673738784017,0.7820905488957395,1.4724935024038024,0,F,Young
0.5344193163882929,-0.3984331196318698,-1.5027618835753744,0.8952613193957174,-0.34056865757396243,1.7358652407708521,-0.5458404429870168,-0.44385123376380897,0,F,Old
-1.002869642195773,-0.5710676977233623,-0.25196536377860085,-0.006956391846668688,-0.6160300074897569,-1.3155048441318864,0.32847447844021876,-1.4825783895900342,0,M,Middle
-1.105786090090021,-0.5179830463825165,-0.1950795956805473,0.03187918566597117,-0.3692656808954359,-0.11753417031874237,0.9359599689891771,-1.1566169235359705,0,M,Middle
-0.36117769045924664,0.8402088504412063,-1.31368992670634,0.9466360314643134,-1.4593529886728291,-0.11590127856456853,-1.3180748678754624,-1.0258421230339434,0,M,Young
-0.2532299008406853,-0.3103323175102664,0.8256698212089314,-0.6767127953073644,0.2686245721407037,-0.4889142082382084,0.5611368415256756,0.6469428237521495,0,M,Middle
0.2749675478284671,2.010041266422687,0.8816981566747699,0.7135144900417344,-1.2319454560143686,0.7073548919696502,0.3672991854713524,-0.8269760076730486,1,F,Middle
1.2538431159226553,0.22379269936017027,-1.4695651868243043,-0.270048114263698,0.46854472728059054,0.9545142210494664,0.05702241601581256,0.12796644283336606,1,M,Middle
-0.4368882957915491,-0.05012245541029576,0.962108586275348,-1.1728242868017404,-1.2028133624297042,1.3110947852171482,1.2004023202623906,2.1583986862046323,0,M,Young
-0.1442845898018164,1.7552144586907417,-0.018956269052251954,-1.0439224893217376,-0.6957574555737871,-0.8820969615710442,1.0675019669345112,-0.3221523617056916,0,M,Old
0.9729886644967414,-0.495844027824744,0.12630418903976884,0.1704922104766857,1.006280502062258,-0.6492129509480359,-0.21036780483496675,-0.6145020972581303,1,M,Middle
-1.078758769556916,-0.31500604097089424,0.018842273766149803,-0.4911552436095952,-0.8306304721757071,-1.3156606422764507,0.642988346899829,-0.8901801942347354,0,F,Young
1.3041549366539595,0.12935927519996565,0.6516063521991828,0.5016111850737742,-0.4198868916337386,0.2950723067637233,-0.31626824133715314,-0.26531568668677935,1,M,Young
-0.019793891140155024,1.0029280420350004,2.139516123603236,1.0045103655928,1.8865594179741496,-0.940798267022038,0.180595477054171,-1.2261610534758622,1,F,Old
0.08517405560113803,1.2985815776954408,0.13407310032104566,-0.5253642283664977,-0.23369595256137016,-0.6246342572193659,1.2551418901319433,-1.115350056254928,1,M,Middle
-2.145319627382049,-1.8522608797853906,0.6108469608789775,0.1488546100141021,-2.323683023681173,-0.8459224960031916,0.2186503727155625,-0.7060351692373849,0,M,Middle
-0.5801020650166658,-0.2511246052328232,-0.1672984506565291,-0.2586699672917962,-0.22000830862160636,-0.13999996153823663,1.1722860884300783,-1.0567201244783555,0,F,Old
-0.7313539023817937,-0.4847743102447952,0.24465487772157682,-0.9799742024237377,-1.5624721963824189,-1.1278196741767161,0.5756307062189414,0.11009513506069916,0,M,Old
-1.878481020776205,-1.4484423457189928,-0.6253814787964141,-0.3061477936475375,1.4223140319481449,-0.5291460268019931,-0.3067631202922884,0.7974595302759819,0,F,Young
1.2361016805124487,2.0508331008507175,0.033134841022884165,2.0007569690318032,1.2771685858445085,0.8015824392445311,-1.9151775755329328,-0.5549734055009502,1,F,Young
-0.6797564828496893,-0.15428449961868626,-1.6895363443970697,1.7861370916006856,-0.27593144586919793,0.36138765792566374,-1.190204721375676,-2.1533798766037755,0,M,Old
-1.5187100416554973,-0.24329028044790396,0.5135120199744896,-0.5104701733772542,-2.2536931903555395,-0.35891911228140877,0.636338834859026,0.1338975148706916,0,F,Middle
0.08306543149437454,-0.21718553047660938,0.026528758333299735,0.02236738409159361,1.8439181953289048,0.05030325289332101,0.12821638987759668,0.13684586649664496,0,F,Young
0.9569465886802593,0.09407470686300805,-1.325415690128087,0.2092670428488017,-1.6057925565856532,0.32115322508620747,-0.6998419004819286,-0.4989183894551132,0,F,Young
0.350125179945637,-1.6655045792036842,-0.843601438435724,-0.10825243646508205,-2.3571406318223085,-0.8170789195091474,-0.9388769348381771,-0.3289644860643898,0,F,Middle
-1.121992879796091,0.007324056698422296,0.15805851833397055,0.5030004907529232,0.5670501806367615,0.2850878020279563,-0.36400906123494503,0.28486858424597467,0,F,Young
-0.39848903142400277,0.2172350733798759,0.2958568847188098,0.13969956670386,1.4974625561090005,-1.202032141050719,-0.6983908995075903,0.07832323020005207,0,F,Middle
-1.0317156861090695,0.9691885660344346,-0.17178873421157004,-0.9146273091140548,1.6776132103016108,-0.9344719180610228,0.21420433671913072,0.950248250109712,0,F,Middle
-0.35101526454703874,-1.039890891065654,-1.0314463652719086,0.2833285190360351,0.36721358398624726,0.10322796900583739,0.18378533938615288,-1.0513026559068723,0,F,Middle
0.8471860765756716,-0.5498031809658936,0.4011472711848055,-0.605376675129102,-1.5650179249630172,-0.05649061415006739,1.4850963441145266,-1.025688201214314,1,M,Old
0.34328285664731584,0.9611412463619581,0.7923056265738313,0.4658240515467726,0.4391740782812423,-0.9036333798786489,-0.6021946663998953,-0.41994379969477963,0,M,Old
0.23736040723410523,1.454624273677253,-0.7290061764232912,0.2403621126567531,-0.16788026541179327,1.8508152577352484,0.23369075298009778,0.3860239936815542,1,F,Old
0.7759262526564132,1.3343127340284304,1.3976506226678076,0.7689814135732468,1.7877421663379804,-0.9178292241774417,-1.3059912449873474,0.33352781327266595,1,M,Middle
-0.585823110897087,0.4098403540382641,-2.1252481674936283,2.4891974076213534,0.8566465615955976,1.6350209729413,-1.4664940177417902,-2.033860399043097,0,F,Middle
-1.416231826938717,1.158007297412566,-0.9147995844215229,1.7601915092730667,0.06865738438959393,0.17365458056032543,-0.8253865457474251,-2.02236646318791,0,F,Old
0.1558723795593299,-0.13823850884433586,1.971123643659034,0.47040860975840354,-0.8730253562836217,-0.6544032976854659,-0.24601923639366235,-0.13444133639725114,0,M,Young
0.5652872662169864,1.8784800069865273,0.06095180976090781,-0.5485067420907893,0.023109000837869754,-0.8613045198281711,0.12231161279407984,-0.047992218219429825,1,F,Middle
0.3207464052874475,-0.7458331548387908,-0.7977175520339755,-0.3815285650035365,-0.45429257791769223,-0.6633156476436413,0.044129415995326535,-0.5696637334177799,0,F,Young
-1.7755579417375453,1.7173553025351618,0.2542409787789309,-0.3567109570643914,0.15393104698512902,-1.3282112304393356,1.2904242174267837,-1.4362222018766493,0,F,Young
0.23496604417148342,-0.9069910851831492,0.4463826408177652,0.050395267472928315,-0.1607679937992531,-0.35109151239012465,-0.04623300043352538,-0.16418301492332757,1,F,Middle
-0.13491259218534385,1.059728328900792,0.4118094660216092,-0.5072002709203063,1.7307392704986146,-1.5794522478739794,1.240069496810802,-1.4171800471309408,1,M,Middle
0.17488443286143965,0.9662799971847673,0.3723402483344288,-0.9187297360718593,0.3508520333162532,-1.090830463151296,-0.005335228733516776,0.8721706602210375,0,F,Young
0.05165390794628824,-0.780494499279147,-0.3334312125050765,-0.7150157506650424,-1.7630893636691156,-0.34373279757014297,-0.024495922668869734,0.480783383525561,0,F,Young
-0.3878102578912001,-0.7930977146255778,0.0887835846126147,-0.8756216453442436,-1.0603048083434532,-0.2459473318028218,1.2431846829075859,-0.21245514501407986,0,F,Old
-0.1095144036001969,-0.3723646760153084,0.430458195223972,-0.35035400212783285,0.5408346900295824,-0.12267544325056888,0.25265667142652104,0.5510902642744375,0,M,Old
-2.04107565602698,-0.18207807882922536,-0.0337998144324619,-1.2131128743050663,0.6920185436242636,1.1184215129532074,1.056817313596841,2.3865244985151355,0,F,Middle
1.5176215144373453,0.5204643095160429,0.3554159803506745,-0.12792635941910158,1.215920348625556,-0.9468773716990224,-0.13582315880775794,-0.42381450575901564,1,M,Old
-0.09423491432014314,0.147575828803343,0.5884274975489243,-0.18785256027957425,0.5969367837487672,-0.9273424004044102,-0.1079538944207311,0.11215188657947238,0,M,Old
-1.0111222650844134,0.9979459368197168,-0.7918610917276846,1.0706957335081857,-0.3823416698505578,0.9455311511456631,0.4246310142246549,-1.7836554161672458,0,F,Old
-0.778135746497513,-1.1657532957850332,0.35181852014758,0.32606359466859,1.006648835121898,-0.3719108135289617,-0.2730917850075983,0.009896576934749518,0,F,Old
-0.8597954368931556,0.1905357531554546,-0.22318109958006782,0.2586338434330555,-1.231353736906942,-0.38815349821494555,-0.07568504928402922,-0.7826011810680317,0,M,Young
-1.406681834955742,1.2228019167764534,0.0023740729932439242,-0.11843275676628416,-0.12391681168876514,-1.1757114492563043,0.9861712494691209,-1.6325718667312472,0,F,Middle
0.8366895847545186,-0.3130318722013963,0.45401843939193753,-0.6019191244044254,1.16730378004151,-1.4846566801017997,-0.01684901428487364,0.011936889511100703,1,M,Old
1.9506776922588231,0.3078995404194399,-1.9254659702261985,-0.45363899662455365,1.0054568051475714,0.2320549835625895,-1.4362416734463384,1.2592489937514637,1,M,Young
-1.5315452855359528,1.2586582038033352,-0.2469810191462085,0.2912343009173534,1.0582547605794252,-0.006540405162510005,-0.7182950480185044,0.7774404668237241,0,F,Young
0.21293684326994097,-1.234225634870783,-1.7568735692871436,0.9743357395223928,-0.5034919713365428,1.3162413074422494,-0.5976974064237518,-0.961319231678688,0,F,Young
0.27834936748197875,-2.097902884512555,0.2932635239276701,-2.215286003675692,-2.147370411975922,-1.992397819915708,0.24342286707319982,1.5615684353325154,0,M,Old
0.3474332106223342,0.48727532251386324,-1.9249144585947353,1.249102819628729,-1.2697835658478518,1.20182316985539,-2.198113537955873,0.13213273804690048,0,M,Old
1.4495317870918583,-0.35994095331585413,1.5799652239295128,0.48367760610091187,0.8472301667176683,-0.4539264798000841,0.46356164327700883,-1.1171799744857696,1,M,Middle
-1.442301219043738,1.1151988324714364,-0.31732817895521986,0.6488871509542358,1.2378666743685511,-0.5831489456725782,-0.6998912651482696,-0.3831879535198799,0,M,Old
0.7583719273429059,-1.481645128462192,-0.9417490119732708,0.010706892634689788,0.13226388723435104,1.2293704738538414,0.0012951877313966836,0.32059103932512023,1,F,Old
0.009751570995150985,-1.6131045295583988,0.4801377091658996,-0.3338939905417143,-1.1587455215721771,-0.1960418498999608,0.7107938881415031,-0.35912080989893513,1,F,Young
0.8678915652464841,-0.03619267703562949,1.0266459116293676,-0.5097440461060464,-0.5424747144702544,-0.6913811687779262,0.6737196009645153,-0.2507356816708216,1,F,Middle
0.03785356456206057,0.06608027059761909,-0.36837411121739116,0.30842991443768525,1.9616514841660846,-0.6078932819144817,-0.5126975570670497,-0.34103871723168766,0,F,Old
-0.23021801351238264,0.9166827397978327,0.7375899700457241,0.4853577274670317,0.6240780191097386,0.31361220189682015,-0.6120686420968909,0.7420958230676158,1,F,Old
-1.053938611486161,-1.2328252124288488,1.531630852933517,-1.162631543611299,-2.063705097128912,0.6421878872885878,1.9622933895696366,1.0051423204695469,1,M,Young
0.067136139600462,-0.3373380890474892,1.1128445947161016,-0.0347255365770295,-1.2221586129788113,-0.02890223129115408,1.0054008423440683,-0.7488750637097209,1,F,Young
-1.6125357105061389,0.3852720871436649,-0.6292747112688588,-0.8256596821267572,1.3934212380732087,0.7763152815414863,0.42187996056884997,1.8538236104491042,0,F,Old
0.44467069044119845,-1.3112377814917597,2.0744822823279274,2.1738482268199975,-0.253025608571039,1.1125386859404114,-1.4343031810441211,-0.04583552987843761,1,F,Middle
-0.7203462635501434,-0.41026780553765796,-1.350435620184451,1.2219604855073942,-0.23397207293582178,1.567888108888324,-0.29954563434599596,-1.0142384884869873,0,F,Middle
-0.9454315590672695,0.1659007772137629,0.6968335924445713,0.28552263663263816,-0.025775259554756187,-0.15290288243907096,-0.4044412560534115,0.4976479448131454,0,F,Young
-0.35344487044134004,-0.42024086106841585,0.023562405817527634,0.783197801804061,0.7842516084854155,-0.33699096857913496,-1.1676870749047192,-0.0049107968459594096,0,M,Young
-1.0529380317177892,-0.4549228329981396,0.4811557764798333,-0.19729823488444279,0.6255435020837677,-0.03518691590795957,0.048327690397018556,0.893279443230562,0,M,Old
-0.8714183343381067,-1.7309831065210137,-1.6461196880625464,2.3916878870597236,-0.5937282269050913,1.7132501898634327,-1.156680292171517,-2.0555908992514915,0,M,Young
1.1888250044898605,-0.0509944137066201,-0.10890266596394992,-0.9130015792568943,1.2067176620239675,-1.5256442018922016,0.8141452445872636,-0.8858997536486637,1,F,Old
1.843512276323188,-1.3462214083562882,-1.274675751996314,-0.40382638978368945,1.1033649903975666,0.6655051095024412,-0.13928587944861923,0.4039748841059855,1,M,Middle
0.006271677863831489,0.13803096435578344,0.4031854217940572,-0.0805626648096928,1.6138715192024826,-0.4290632535275582,-0.8875674109061172,1.3151235598293236,1,M,Middle
-0.879509532691663,-0.5334750201494061,0.8976197969938882,0.8282973318169793,-0.020664643202710258,-1.8573575393796806,-1.256496013793811,-0.7692820020575272,0,F,Old
1.1164780759808177,-0.305982681008342,1.2035739337771472,0.20581636838731596,-0.6501040424259317,-0.16197129410661446,-0.17714454044809178,0.009786792127213543,0,F,Young
2.6096495045617742,-0.23869065570288095,-2.63012063375462,0.6764951774363946,0.7831961183110115,2.1097128055744245,-1.056604965071667,-0.134916218512621,1,F,Middle
-0.5131673544590029,0.17218666276034328,-0.9246003485995844,-1.2581349819140901,2.6290830355748227,-0.5538930577268902,0.595105763361844,0.9993401686861557,0,M,Young
-0.04010739033687771,-0.28168375088173714,-0.926758296802534,0.26331406953597547,-0.04575274342799089,2.6299205231794107,1.370238337310614,-0.368621891980283,1,M,Middle
0.3375493746085987,0.9780937965864198,-1.00321883969589,0.09157167486926507,-0.7367294367578447,0.48279578630702935,0.408319411024724,-1.004330306321396,0,F,Old
2.3131818061796885,0.6944893387322817,-2.2876674925489606,-0.020868205356037988,0.321913060619671,1.7863410996121996,-0.07541263206874046,-0.19107631824374832,1,F,Old
0.95867015085451,-1.4266908108740892,-1.3264335560313163,-0.44993367940982887,0.6020618115362552,-0.6107313505386767,0.018785253262000045,-0.6735528548471694,1,M,Old
1.13673977696122,-0.7793750796184173,-1.5752873498672995,-0.350457190062494,-0.3295576599809596,1.3184171766682873,0.5450878517690884,-0.16339678195290053,1,M,Middle
-1.017183364350725,-0.8344063621573631,-1.3108851170555988,1.505802878979506,0.18621788360352098,-0.3312585190940589,-0.9459837908578153,-2.180759485654133,0,F,Young
0.4542077313219451,-1.274413612646925,0.1213974847622197,0.4707516160983753,-0.6569455135464539,0.36871225840456684,0.1262897015238813,-0.7962822253477091,1,F,Young
0.6324762995409149,0.07454861551834656,-0.261192556998252,0.11957610458246652,0.62178241761205,0.8528039720664329,-0.1928320754126297,0.5397717683939793,1,M,Young
0.7662685188749939,1.3338586133655135,-0.6664086903703679,-0.2155557542133985,-0.12707691174698912,1.4685966073587884,1.39316883784121,-0.6389529957637757,1,F,Middle
-1.2745209851088586,-1.8301565007878644,0.21915078038157867,-0.4108812942304053,-1.040209395101061,-1.1017830083886713,0.6449753372211697,-0.7173227583882751,0,M,Middle
1.1186418150269837,-0.02556277820560636,-0.5515178603302578,-0.4262626927428036,-0.07126227326034827,0.9563680429699948,0.39285962975776667,0.4640483561938953,1,M,Middle
-0.046950355351351246,0.17278815839645703,0.8042611480494871,0.046106384400534176,0.016509970904976343,0.5632209267706835,0.16477855722077514,0.6731686090748121,0,M,Middle
1.2625984380173851,0.2657260220115596,-0.15798340067830402,-0.9819262476279789,0.9089332414603416,-1.47952248547114,-0.1644826536622301,0.3472771874929124,1,M,Middle
-0.5067886774488704,-0.3115119536653956,0.8268251403063346,0.3099378862035366,0.43558160927886125,-0.887252640281804,-0.33837514258515894,-0.21567557593573364,0,F,Young
-0.13934525247061436,0.04684488486506704,-0.8767344474901941,0.32378530497464575,-0.6526189740563362,0.4982001206469531,-0.5022380725241292,-0.09286626344620048,0,F,Middle
1.4833924178914968,0.8295343313949273,-2.0988911985758443,0.9888316530146417,-1.2774730802903778,1.7718200967855948,-1.6651035427329528,0.03389507672250591,0,M,Middle
-2.6132309950347983,-0.6822496990726725,0.6796857844042831,1.0479643842547786,-0.10274279368451025,0.48727716248594627,-0.6494488022315102,0.43819706672704467,0,M,Young
1.563885061332227,0.8874897956734837,-0.7211552889774304,-0.5462903865945493,0.1476485477183274,-0.04868102226083825,-0.9787410136886876,1.2765559140678362,1,M,Middle
1.0614627822390423,-0.26484439568589097,1.4487632976485283,-0.19149082248821322,-0.4224738816086523,-0.42416739083306904,0.4118115886209274,-0.04787309226068826,0,M,Young
0.11534511677572552,-1.697522631983392,0.9469693643161343,0.4534059377508941,0.2431869446726479,1.2424482156095582,0.5379520576239645,0.1825127293715774,0,M,Young
0.1536681321913619,0.31243167145839856,-0.6905715263459996,0.09273700937770377,0.05005943473679421,0.4818148993516698,0.8490037793533377,-1.1851239927359443,0,F,Old
-1.7906139998690203,-1.125332548582858,-0.0952871177782153,-0.7272516056595654,0.4339456182716399,-0.39694644751732405,0.05081790731336887,1.3247112200807918,0,F,Old
1.170389257399895,0.6477960544646979,0.428272088955352,0.7898054437333318,0.1036671324314864,0.367367683026661,-0.408264397146782,-0.5963931610986428,1,F,Old
0.825308684439742,1.7256423687229643,1.004552510700043,-1.452947715267282,0.7321878327653558,-1.999864165201488,1.8312402727738157,-0.9323997002438728,1,F,Old
0.816341811752768,0.13188864472217443,-0.41412233212819144,-0.23445560511522104,1.993315827891947,-1.261959712376034,0.4051010247828033,-1.2868795743751653,1,M,Middle
2.486987929224609,-1.7224786596856012,-2.103185079967164,1.004938656632487,1.9819735200944066,0.8443359414768712,-3.053819920795683,1.1304148281846729,1,M,Old
-1.1574312383894898,0.902958346895675,0.23378391469345702,-0.8322281610463923,-0.3529648209923029,-0.9667733419872003,-0.01439140000187173,0.9947953938741044,0,M,Young
0.20555985867128446,1.9180358588804318,2.3396442098577346,1.2706128479924617,1.0191015157182581,-0.4131731290951636,-0.731975705271134,-0.22435566487394956,1,M,Middle
-1.3568614764873292,0.5236916030129843,0.9570113286970829,-0.6591856906671089,-0.6263670112704716,0.6674324236861388,0.5925160136497105,1.7822463533677761,0,M,Old
-0.7328674748365958,0.4700044501132769,1.1534339521465873,0.23165033434988352,-0.5700538216704996,0.6914619512273319,0.20244876584611046,0.7010000031785837,0,F,Young
-0.8505831877470887,0.7825446383742224,0.6468568138505432,0.6759525189447778,-0.24599614080668566,0.11233280893939597,-0.7285692904875689,0.3543444839419924,0,M,Middle
1.6204739225761038,1.245721978108187,1.5781283733743399,0.5884067345223042,1.0718827547801135,-0.546503547471776,-0.6863653694242358,-0.010710121284025499,1,F,Middle
-1.0070373174418463,1.0112080215049912,0.3093760863404984,-0.9167594126031338,-0.8734400224450164,-0.5418333401487729,1.2654674270734487,-0.10654317227946201,0,F,Old
-2.453615662484489,2.0188018158783865,0.10025798774608585,-0.13893016263350408,0.08273601639768574,0.007747954954611089,-0.41839830666497646,1.4482367041400106,0,F,Middle
0.37631469700061626,-0.5681580014938221,-2.346767895000219,1.825409525764842,-0.4523069509102674,1.592733320042842,-1.7648458459916323,-1.1566676183113853,0,F,Young
0.9047448976587502,-1.823801188573961,0.1595625092078394,-0.4232692790481877,-0.8121719800402586,-0.13321205377650502,1.3446542956743048,-1.2674421273959036,1,M,Middle
-0.8986937509816595,-0.14973373670353074,0.2507490909736205,-0.9886385386661295,-0.5490934513601846,-2.061501877282953,0.5331245719770313,-0.4126995736174226,0,F,Young
0.31682454642365715,1.2195018051260267,-0.5965502316951128,-0.30474253974652055,0.3191168096502348,0.8525190225319449,0.5854705397532394,0.18054308083092946,1,F,Middle
0.5641677778617027,0.699506487451019,-0.9850582461532209,0.9293298834394373,1.4289174888969287,0.008980204328210662,-1.0833896871486821,-0.7661379874538258,1,F,Old
-0.08214418243985826,-1.009088011312955,-1.4044373193136648,0.9938987961333242,-0.5309540407372062,0.06990472109897265,-1.5777704489410982,-0.6144230833158492,0,M,Young
1.7090019916065153,-1.0713286872674568,-0.13122122574795592,0.2600406102896083,0.06971303456795826,0.03298800814426007,-1.2345207018011128,0.5535224936953103,1,M,Middle
-0.9591699057633725,-0.1343758669855227,-1.0408535983929919,1.4704200976675457,-0.949195829106464,0.017430317786116842,-1.2943396045959317,-1.4488413880258226,0,M,Middle
1.5591665576331304,0.6799423234675227,-2.0032192524371126,0.6109990977116503,-0.8104282399423497,1.6358202403809412,-0.8257784549632753,-0.32920989758294333,0,F,Middle
-2.0096817205703243,-0.6012659176401187,0.25258995724351324,0.15565489731525814,0.9589569920543918,0.09249546774182384,-0.3610429828988916,1.0572361836666284,0,F,Young
-0.27560221658693407,0.05868641280364401,0.08032879380686009,-1.1091613974605745,-0.5598706661231078,-0.8433554304342809,1.3527259766982294,-0.40670835553908546,0,M,Young
0.7439355653028524,0.21190079331600445,-0.6739005061912704,-0.18530809323672665,-1.5966258052526763,0.5598824417403498,-0.06720601362503041,0.0491876848588258,0,F,Young
0.8285954071876525,0.539492825776575,-1.0920776645869508,-0.10202857781367111,-0.11669921054233222,0.533959200357385,0.7643840401078946,-1.1333664488036355,0,M,Old
-0.9145641341270018,0.6341374799877483,1.0249466681137474,0.26874075326851227,-0.09486810621150385,-0.059962158657290744,-0.21811763090858252,0.5493955125663046,0,M,Old
2.0398693716370686,-0.6165129986272253,-1.4591850241173687,-0.5529463848146251,-1.2873457751786221,-0.4401820283601372,-1.217731364642181,0.4727736728680897,0,F,Young
0.5750497244544528,-0.33340551466433554,-0.07914615401946146,-1.4852949194487477,1.1985035694584443,1.7349105927850728,1.7188812372887736,1.965901578608716,0,F,Middle
-0.20094393767300003,0.5249302988709139,0.479786304013221,-0.8717753209973954,-0.27156485769403915,0.6451522871063858,0.532319041330165,1.6875309955023141,0,F,Old
-0.4449874213429156,-0.3776491387565315,0.654513755400027,-0.7969490237326499,-0.0918629811352645,0.04969009642457287,0.41489050461087973,1.3824721524638601,0,F,Young
1.2459997447553983,-0.5889834136784632,-1.3714828760567401,0.5202390022702247,1.1124423526261682,-0.06607571607177162,-1.7457563916473633,0.21811679393552869,1,M,Middle
0.92176269802239,2.020759146330188,2.291957749965895,2.7594124923073053,2.3816540827900847,0.24299466135832745,-3.183936780992905,0.717862002269711,1,M,Old
-1.1142424633671921,0.06956474393141074,-1.2019427059720393,1.500572048228318,0.3120377654006327,1.0716733294055891,-0.23728218288306754,-1.7168569455988683,0,M,Middle
-0.5949236998991247,-2.3606664078941737,-0.5443046358794623,0.37914710270765467,0.8237359302998533,0.21342775576637976,0.5427137845293329,-1.140054618252173,0,M,Middle
-1.661806773266259,2.27565163719666,-0.4311123034745149,-1.0308847717133145,0.8725756531990055,0.9032658497531667,0.5717993624012017,2.1767348185279465,0,M,Middle
-0.9692566989967732,-1.0449309692610278,-0.4750297022732636,0.3928914574973883,-0.320517037597575,-0.4861557268083664,0.2178594690581561,-1.416848062537191,0,F,Middle
-0.6611683740771506,-0.491491949912466,0.74896229989954,0.08361211905840318,0.28678777178023207,0.3495953070202434,0.25389557225736026,0.49053164439248104,0,M,Old
2.2911749348350097,0.19560319224781292,0.7054729681980724,0.9030466839497333,2.392909544739832,-0.544773469830014,-1.1841435231039141,-0.41061450931747545,1,M,Old
1.2288093407285305,0.3473115072368574,-0.7379669008070289,-0.354859832412536,0.018172488576169356,-0.47644181152376497,-0.9056847718242224,0.5531978221164324,1,M,Old
0.8281911184525198,2.4428489877422583,-0.48514401630470694,0.674106336157123,2.8088108026017284,-0.7910923796840799,-3.146346775453118,1.888090448429807,1,F,Young
-0.5123118571446742,-0.22141175040795935,0.6786067578055702,-0.8123993139210879,-0.5287120540397453,0.19354842462636573,1.0683261901764114,0.712333810335268,1,F,Old
-0.9019529358280818,-0.5437686284699617,0.47205690982055215,-0.3934300847192247,0.8062934067412721,-0.6003042676476146,0.2423502670701518,0.5004480989068635,0,F,Middle
-0.923205563273451,-0.343792440624017,0.5430288377757566,-0.0060684670529551205,0.9034586805014527,0.0441480289953657,-0.1882686096929334,0.9614173474401473,1,F,Old
0.5087389779729024,-1.282086926282761,0.06920216818487904,-0.8084887439208032,0.2319252339872715,-1.1673156686595687,0.4216911054644955,-0.16868974131206085,1,M,Middle
0.35149766237860636,0.5745700972746023,-0.8918544507329108,0.050997831835472615,-0.8419980954897448,0.5094642674578757,-0.39499369167381787,0.09074219785304127,0,M,Young
0.7166829216536967,-0.8143283988013167,-0.4657895751261712,0.46374652716410253,-0.42694471094249964,2.1509574591548213,0.3649690196490723,0.08595011776022621,1,F,Middle
1.6256292370179177,-0.9463806573146888,-2.059811741938254,0.010556601757778871,-0.07878632608898335,1.6911138979430433,-0.25581899977474076,0.13242275442620963,1,F,Middle
1.5514848260777123,0.8278331129766869,-0.8031912285020432,-0.7363555241409674,1.0887020481346734,-0.22124179991406506,-0.4503473592038313,0.9295683969254941,1,M,Middle
-1.5094515729806608,0.37148649274786955,-0.29935666541431155,0.5071462868065921,-0.15917944222730418,0.4849542110136509,0.6733551869929323,-1.065255215058389,0,M,Young
-0.8528290981370895,1.8153380995605115,0.32129126397845137,-0.5752533422569067,-1.3409131281642146,-0.48152850999284585,0.45640161903870263,0.21947924353233048,0,F,Old
-1.0312401895491015,-1.2334637613815713,0.8360536413410884,-1.6421985490231628,-2.0366848376368556,-2.225045340258923,1.0079730410652856,0.12982230333238634,0,F,Old
-0.18312442927876035,0.1763033952952649,-1.8540261231418678,1.7167443939379607,0.8308748790674564,1.9313257587404895,-0.1457952248870503,-1.9909425366356246,0,F,Young
-0.9807068781684581,-0.6991133804023311,-0.5652740268664287,0.5359789644544052,-1.6549043150283742,-0.3173301630408548,-0.39610520516212566,-1.0437401408973268,0,F,Middle
-0.2315450068201521,0.8771324627994982,1.037133664268899,0.16851789161240885,-0.45297851616423895,0.32589334981218143,0.09207622452132261,0.45295946061216363,0,M,Old
1.1200037700813184,0.9969010926379788,-1.4038096246664304,1.69980155570276,2.2858721302815006,1.537860350696476,-2.030529276542001,0.10382182726046749,1,M,Young
-1.081076312849707,0.4544784786750727,-0.1677283538142213,0.12747308791841347,-0.10936709073708871,0.6180642353510856,1.12126605692206,-0.8648829217866065,0,M,Old
0.035123662381623795,-0.6518209845799662,0.28604691101854085,-1.6800267707390364,-1.205854331244264,-1.2181457648296323,1.0607992175675343,0.5348826583928699,0,F,Young
0.8310707023124597,0.2485621427223198,-0.8030089471554734,0.537698075509751,0.4472925150446431,1.8274007973760438,0.10264962050143121,-0.08459849225085851,1,F,Middle
-1.0351316729047786,-0.21501755135815329,0.1747421175948643,-0.03297732582527373,0.4727502743155389,0.9343968455572632,-0.006042460924994163,1.3009060750697576,0,M,Old
1.0915103621537448,0.022774034543365403,-0.8161074959348277,-0.5622027386457382,-0.13047726101552407,0.48168230916927224,0.05791518134282811,0.5409921847826862,1,M,Young
0.07541706040692184,-0.14351829567739266,-0.11540932573588708,-0.6269517230932157,-1.0382197335918337,-1.2201944572566534,0.01442776214005148,-0.23164663216309184,0,M,Old
1.2009590749595704,1.2989868089346885,-1.5206128962252123,-0.4990770646837717,-0.7984288330654867,0.31302267661590477,1.3265835547383877,-1.759432599925514,1,M,Old
0.5265849131955129,-0.03372150868395627,-0.9993314157692267,-0.13492399848780595,0.8822152330909192,0.521774030345502,-0.637336003956747,0.8766383320199205,1,F,Old
1.3576152321904404,0.8492130868250468,2.563267295354064,1.207640448713003,-1.3956920736135763,0.2599760935031835,-0.41291807251342244,-0.4778025651220816,0,M,Old
0.686688924642394,0.3364646282161777,0.4396676932914325,0.401274521442328,1.0605539935214687,-0.4928343946171384,-0.03617632659342982,-0.8253519488019745,1,M,Young
-0.0002062111587926121,-0.2099175915716786,-0.3828621199922782,-0.6697463620226269,-1.2965061821485087,-0.6999384806858674,-0.06852634705713488,0.21165685621471325,0,M,Middle
0.7573077543067444,-0.9281312021210204,0.23450944407142593,-1.0596713549169094,0.263305806992128,-0.24197194238652775,0.18451553111554722,1.3679485247428722,1,M,Young
-1.9414233020558451,1.5167673578231964,-0.4984019922400774,1.295571557712565,-0.6396293014212884,-0.4727863129643838,-0.22794188665433085,-2.2322798932345616,0,M,Young
-1.4395797183684982,-0.201603598668691,-0.6112722039109154,1.1998319952239291,-0.1917912077730999,0.6151775182827524,0.05301975634593865,-1.599417445326069,0,M,Young
0.9737123873814171,1.1905283194800087,-0.37730102850896424,-1.2763144056350662,-1.3360348064438698,-0.1427088203053769,1.1858859421965413,-0.027975463628910867,0,M,Middle
-0.6575276441599529,-1.649917452797688,-0.09835608927061266,-0.08896051030978591,0.10697078066749972,-0.5733717554936341,0.7947128501458023,-1.1548155698436693,1,F,Old
0.5037796539937262,-1.3414919621274233,0.926005113273709,0.9297657013347512,0.33611514743528864,-0.10959782496646102,-1.0407157505374032,0.0034860314331625493,0,F,Old
1.0822682503840948,0.9646891697422273,-0.9761397398581995,0.02857679071122101,0.49968378170209726,1.2873415838097302,-0.18324728195043774,0.5150416845884708,1,F,Old
-0.22947193884324463,0.41744623514114176,-0.5821638575229493,-1.215661803727241,2.171157847701896,-0.4560372719522462,0.5995106289763595,1.0523789126175547,0,F,Middle
1.3401274271055694,-0.32805552534582744,-1.2672191077121533,-0.6942305174303078,0.2836843893377246,0.7714712342601182,0.573963627207934,0.1438576383915524,1,M,Old
-0.5402875989861834,-1.2324413740669788,0.5174393477833366,-1.3151616009861173,0.4828964458464225,0.5809258206581877,1.1806013128875115,1.8462196735872038,0,F,Middle
1.0216744542590475,-2.3558655863697853,1.4688040069146477,-0.45577675006054297,-0.882417713498693,-0.23211548386506742,0.8099523834492889,0.041587627540128035,0,F,Old
0.2087137852969606,0.014906071777019107,1.8250632846485466,0.816829310177603,-0.6112166148387095,-0.2885460511833589,-0.445046624610201,-0.2332123324007005,0,M,Old
-0.6895261976263212,0.5009194057304263,-1.4724895820454331,1.7697395275750305,-0.3036730845469307,0.7412873260863884,-1.2273263430800625,-1.636413446764387,0,M,Young
0.9673127523776915,-0.9031258206510975,-0.25919693329782406,-0.632669239297239,1.1064131655156864,-1.2062819006297285,-1.3621413912803353,1.4634012087430284,1,F,Middle
1.0926128373348822,-1.3117159673536223,-1.025048361041898,0.3163323489207257,1.7074279698163677,0.3442071772252685,-1.2420843635785284,0.6447704548856873,1,F,Young
0.26550892002885995,1.0365589554390418,-0.3563466227808359,-1.323610135870043,-1.5884690413398141,1.3815731383286478,2.5471080494663747,-0.12028780287378486,1,M,Young
-1.219268316919287,-0.9605644729926994,-0.3335598129681007,-1.6778017753702446,0.2240833048941245,0.2842624815005102,0.5428668333383201,2.6306596427557887,0,F,Young
-2.0488821866391818,-0.7055683012645697,-0.19392438698970946,-0.34411401207381287,0.9819585234822821,-1.624669639396605,-0.49156342875066716,0.36797108460742145,0,M,Middle
0.08709198269474354,0.8195634940300608,-1.2092704400785084,0.6465625434270753,0.31473062614326086,-0.2056731282578965,-0.2937072729632914,-1.5882504308043495,0,M,Middle
0.6780733645811022,-1.3414190138902187,0.045828749926616875,-1.7276529944502323,-2.5654418611820775,-0.5867384378491084,-0.27167726043074114,2.230056549259363,0,M,Old
0.4501129259040916,-0.6162044842241279,1.6895502929384434,2.1214979984703453,-0.2932021834710551,0.1601724645931242,-1.4168453223796114,-1.0137928691601843,0,M,Young
-0.55382220085971,-0.9958549737667428,-0.5231347107665105,0.4910495512556629,-0.48693079010381174,0.8643916503146861,0.37644237917431717,-0.784628143581622,0,F,Old
-0.4521485801738971,-0.2162090773075897,-0.5405474724133154,-0.0038416473260046405,-0.7826139102964742,-0.34118945354076685,-0.20573547158853758,-0.3508626207506987,0,M,Young
0.2517943909147437,-1.000543552728894,0.14001894049467623,-1.7165287733955448,-0.7271687416881657,-0.6181919066362741,1.7144673896732217,0.2647080482195447,0,M,Middle
0.12204415412958242,1.3405658541741943,0.9022189224932391,-1.3282509731635104,0.7247731092097113,-2.0251766486645044,2.0606288235276753,-1.319217771061699,1,F,Middle
0.5581664690747309,-0.0042211714200706876,-1.1616997747382949,0.5714399116943462,-0.2626021505498591,1.513683657839443,0.05217516172202815,-0.5940508399932768,0,M,Middle
0.40618786003326135,-0.2393345327117935,1.4887068013360458,-0.5942513280258582,0.1161273618658515,-1.312285491758914,0.14015822254995064,0.48739604742114667,0,F,Young
1.69463370682478,-0.3787023653191141,0.041965023592152734,-0.6092583415114253,0.30392419858024444,-0.9025671679629338,-0.10901168841062235,0.03952114470290468,1,F,Middle
-1.114936970264005,-0.3828865975770527,0.10259682714364947,-0.21575516027856412,1.4266701415486114,-1.4263543132384475,-0.4197488059534431,0.22792063807107246,0,F,Young
0.3986875399681039,0.0929945559755035,1.0679670696345356,-0.4124452871621134,0.13583462188508869,-0.3214811675151545,0.3068585140815394,0.5881579770927554,0,M,Old
0.49918365320851793,0.4279845781142112,0.045612323202152194,0.3457701235985225,0.06857858171708398,-0.0015132750152502972,0.24857701706328222,-0.983264904232634,1,F,Young
-0.5980231648513109,-1.0871083035116915,-0.25867343457292286,-0.3137714907321403,0.8555763967439454,0.8565593481846845,0.3269187307373335,1.0206559275093148,0,F,Old
0.5859532048225343,-0.5366200935691636,-1.8901983865897847,1.4681316412474652,-0.4039594897036164,1.6233691925994476,-0.7274457054712508,-1.5467045001903792,0,M,Young
-0.25715021922859926,-1.6227066409923083,0.74510357290632,-0.20143546591014677,-1.5336611684926609,-0.11210996548903529,0.43287182149690545,-0.023140142244235246,1,F,Old
0.47782979860386493,-1.8690338259973114,0.6236210990744172,-0.4217347172699615,0.5912073053861892,-1.0258957707872052,-0.23217009875421418,0.44869971277098136,0,F,Middle
0.37117060246825206,1.7138499127585902,0.38123049401184456,-0.23797993234048653,0.2799760127753208,-0.0707367173969193,-0.74791520402635,1.4054175769966697,1,F,Old
-1.8870899004348554,-1.3212047395218935,0.430326371000524,0.44389032253951083,0.4404966455999676,-0.763255993976389,-0.517046381476983,0.007189661429676759,0,F,Middle
-0.6380330598714813,1.583617842076406,2.415087755749688,0.257303678980058,0.7287973984609278,-1.2647448542281055,0.22532169338454103,-0.1430746911173334,1,F,Middle
-1.0386933813021888,1.1208597220070182,0.04576966100689077,1.305812203265207,1.2948270336371668,1.238452653892637,-0.5918516672828736,0.02401926875737047,0,M,Old
1.5657828414441601,0.40643659889322126,-0.7334861275869373,-0.8266341373275009,0.5741533929286735,0.2503792031170133,0.17172276962401456,0.6968386837143392,1,F,Young
-0.8110296597681944,-0.7450079258908351,-0.04677155026180334,-1.0583581078241973,1.324969488411786,-1.065428938909404,0.4775467669205499,0.7280209204902343,0,F,Young
-1.0990411107186064,0.5137853810097333,1.9003622723213147,1.0174866539662475,-1.4329803337988551,0.08796277272508657,-0.4564758457004548,0.00754896185587696,0,M,Young
-0.5571499532004833,0.3578216458397477,-0.45997136841139974,0.2500330251882575,-0.41003878904581,-0.6173387417207911,-0.5369153454814807,-0.49376231412903354,0,M,Young
-0.05212251498310139,0.08893778312884074,0.4594561072093151,-1.0201884598525366,0.692869019102335,0.4827710595898301,1.3263411005654737,0.957275953131316,0,M,Young
-0.622553774219394,-0.11747654919035819,-0.38048043334104914,-0.935396701630725,0.4077620844533695,1.0366675598088941,0.7773951097143371,1.5676145013147798,0,F,Middle
0.6535830569570465,-0.2589527336844595,1.3502642194361465,0.0900357059428403,0.6057172273481284,-0.8087814115983728,0.6652483993608869,-0.9484828406020611,1,M,Young
1.3787809000393225,0.5760966565427937,-1.4802766546126982,0.7230477539237383,0.1642070520691675,0.7249156237685627,-1.0200172068854807,-0.5688225665573875,1,F,Middle
0.8711973188027763,-0.5739077152918075,-1.0868501605547785,-0.22365098045452314,-1.446119996586494,-0.5255283045594811,-0.8969066867956039,-0.06067540441774114,0,F,Middle
0.49770588415875144,1.5208906816399046,-0.6248834332341008,0.7104395236089258,0.7481527695328088,1.6399721727866188,-0.6427098009033356,0.5849381019658132,1,M,Middle
0.6085742090681688,-1.3320146327276345,-2.492437395006624,2.1889581037817933,-0.3057844049019423,1.7188822901405807,-1.4827832793963749,-2.1284478825718645,1,M,Old
-0.39876286867175853,-0.8341615981801334,0.43315298381741196,0.618134425660313,1.5800789208448514,0.05815896637320378,-1.5495817863856796,1.4403352547707864,1,F,Old
0.34092554332084174,-0.865528738403749,0.7781731706557166,0.03063839429537811,0.2480552062883514,1.0808175942271363,0.6009514087308435,0.5411469026728669,0,M,Middle
0.7189713990489726,-0.31636823674143366,-1.3550413093000655,-0.5286087827306426,0.06228440935336935,1.682275181594698,1.1913853528315361,-0.02611080372984882,1,F,Old
1.300525777027981,1.330086372569291,0.6190039969391395,-0.4751325112237487,0.5624483958343278,-1.0011876814244864,0.3118501871141569,-0.30861285582334486,1,M,Young
0.9835368393756683,-0.23156510500671024,-1.3371367551525157,0.3051502520733876,-0.19826886476643601,2.1266070673407964,0.3233275918454145,-0.13830709269018934,1,M,Young
-0.6047691350174137,1.098295015401888,0.8268258897254144,-0.29356031023935547,0.6038366412925501,-0.33973653819505084,-0.02965959390627908,0.9680989406003664,0,M,Middle
-1.7983631820982293,-0.16999255817267891,1.0937252919645783,0.7775347782747862,-0.4286454072989913,-1.0969408769796953,-0.8349483583600243,-0.2546661430713357,0,F,Young
1.1826378963035218,-0.42055367350894474,0.8537028747904231,0.9784332461517387,1.4778149604302726,-0.38478824450590676,-1.7180119426094402,0.4597541847076514,0,M,Middle
0.549360871735643,-1.5412591761660883,0.6666647438031557,-1.8531809331375917,0.32592873403189127,0.6059582361877283,1.7022725396460205,1.9441162750921617,0,F,Middle
2.4876366922341657,-0.42148082950094207,-0.8193781944473054,-0.7839089765616507,0.8045913163138502,-0.9121094661849695,-0.5696552393550226,0.26904846435533986,1,F,Young
-0.23315928294990762,-1.0558809497816968,0.1656273338859779,-0.4174830017706072,0.307973595687556,0.16834937301093492,0.0837315613145187,0.9614340346273773,0,F,Old
0.20948793393948245,-1.2581953599264637,-1.4014816694998116,1.0344910642201028,-1.1337738517021263,1.1779611863694428,-1.1558898836717357,-0.4131710455143438,0,F,Young
0.8997268521353858,0.7262503323658781,-0.27941668696413474,-1.2969905071118615,-0.2151414873918822,-1.0285855595586784,1.8586834021450662,-1.2996285040628337,1,M,Young
1.0069982616379087,-1.075040684649344,0.7142728912407496,2.7733350178823835,1.1867476878609753,1.2447175733505604,-2.854987292021966,0.0516430051399399,1,F,Middle
-1.143964539174801,-0.27557674270008037,0.7593392044781498,-0.5239480782704891,0.08830126553545596,-1.2958809452607674,0.160544245097141,0.34032523744304466,0,F,Middle
1.1785085646195248,0.8658813418373771,-0.8210669238650176,-0.9502089680136474,-1.3083081281255642,-0.3967705252228558,-0.17774623167979026,0.5272757976488582,0,M,Middle
0.32524778801483645,-0.054733874113589126,-1.2742933186693377,-0.06991243098168119,-1.2941682290942036,-0.7022974508112028,-1.0711409630526052,-0.2073774293239932,0,F,Middle
-1.2869989220526308,0.01620338287414583,1.41251077008139,0.25425096598227,-1.0825400458835701,1.3105061194741332,0.5165631757206042,1.0226671967557683,0,M,Old
-1.059630219377885,2.577055353981141,0.7482953789942367,0.4580295191104811,0.3417292866947581,-0.5747854421064151,-0.13067070122323196,-0.3679309477962214,0,F,Old
-0.49369542660345134,0.496715459663879,0.7584896985210317,-1.4744816994207803,-2.6913413470035907,-0.43031072757290645,1.5378963415443925,0.451979309294521,0,M,Old
1.5771779879630337,-1.4707778460753975,-1.6998502391404018,-0.2384618911048525,0.1717178416240012,0.9969722460157954,-0.5130754244653362,0.5307765469582693,1,F,Middle
0.3587874528912359,0.833708442765819,1.448293284949422,1.8046814169131091,0.8818438876332475,0.5176002353451569,-0.6358713062839689,-1.0263706595838005,1,M,Middle
-0.9205101933397705,-0.5183162929746046,2.0600167844961996,1.502561534332745,0.6426874675503012,-0.027784381918122818,0.029787061081043818,-1.1307620029506793,1,F,Middle
-1.7474162475019772,-0.22419560446876757,-0.22581678480163944,0.12436592664325309,0.68732722468942,0.5397568603960207,-0.248995357436147,0.9769624007314763,0,F,Old
-1.125562169701255,-0.01080908322911722,-1.1014115244029052,1.683054434552675,0.31611617668086867,0.39198223982286856,-0.23747515430862104,-2.548159232738992,0,M,Middle
-0.10603030369470565,0.6999589286794927,-1.5932478422391232,1.4435282151707456,-0.5437363277149196,1.5232595049809858,-0.6924665580153321,-1.307273159755599,0,M,Young
-0.8909909097459691,-0.26502186599803673,-0.4366932977177171,0.21348993146993708,-1.1045133072321192,0.48308439954898896,-0.07147106784770807,-0.06038250231766451,0,M,Young
0.006868382444248638,1.0807940174946535,-0.40392487841915026,-0.31615616972630056,-0.8010798990124004,0.4335791967790158,1.1060300262248368,-0.7675878518541164,0,M,Middle
-1.9116464826309372,-0.5965478476964269,1.1189189374964716,0.3274217744108734,-0.12289404627614016,-0.6220810254250158,-0.39982810300964305,0.4932064231473795,0,F,Young
0.00046674493732044126,0.21353204470288206,-0.07828109352351866,-2.054673915532284,0.29252398509247174,0.7356108427393584,1.6074626983302802,2.228754072933293,0,F,Young
0.378349942062159,-1.9130273081283473,-0.8967700470170238,0.029724011679421927,-0.8849745336130198,2.0475430757262614,0.6517354841758574,0.17019944815257848,1,M,Old
-1.6990120757016878,-0.8266080620743496,-0.8383164583246224,1.6881941085298091,-1.581827989022413,0.007716159239951364,-1.839671115185517,-0.9731965210631117,0,F,Middle
-0.37105268180669454,-1.1831648072802128,-0.9067231820168401,0.6552950705558969,-1.0580749505546887,0.2353378220553919,-0.250155679044191,-1.2076092627977835,0,M,Middle
0.5414262656426887,-0.6953556611811337,-0.2815181415024257,-0.9234319113256522,-0.1586991854425499,0.34712042133665405,0.6313220173457313,0.7997195270849222,1,M,Old
0.5622584936427091,1.2894805256379513,-3.022473915011223,3.4516121416706125,0.7996317780414535,3.152917147564277,-1.6737703672282958,-2.954609882434496,0,F,Young
1.7119895222986012,1.1848431550670129,-0.5653728411372569,-0.4852155786372106,-0.2534922811439721,-0.23004615669943873,0.3429877071951993,-0.5762020220384148,1,F,Young
-0.8818759877211159,1.3070053356888378,1.225701216876498,0.5178967801940241,0.4985086101033407,-1.8745042040554898,-0.9935335156235404,-0.2980129844044557,0,F,Middle
-0.257660020489026,1.2350879896526168,-0.28089938452638646,0.6011778437889029,-0.09639813657682267,0.17470085985366876,-0.16296673262664443,-0.7940905448562303,1,F,Young
1.7242354654864618,-0.33154319682195305,-0.795846154607542,0.08916605328757281,0.979926237884869,-0.34223065971383554,-1.002344833640881,0.01378503170370754,1,F,Old
-1.977913778320421,-0.10294322840555638,0.22264032296612643,0.037618734126300464,-0.8299189601848558,-0.69740623932813,1.2715188701583013,-1.6733152564077198,0,F,Old
1.25170403693553,0.4228319125884015,-0.08913746677174975,-1.3050461988607938,-0.746517792339298,-0.7744737830898124,2.0728134782487295,-1.3927676524675514,1,F,Middle
1.2842196523743794,1.8990311297756213,-0.5037671396292012,-1.3083624150322024,-1.8665835223130582,-0.5029336436149511,-0.22240137988065686,1.1675655710527721,0,M,Old
0.38284180205233476,0.7192365000493522,-1.0768323682010563,1.5930064673326652,0.7170557720607045,0.9456552285932088,-1.5610931492552893,-0.6521789887229792,1,M,Old
1.0057275144303488,0.4221528430434221,0.8554356201481607,-0.12284636056757453,-1.0281714828176494,-0.17374574579430407,-0.05101125851852048,0.18425446972044646,1,M,Middle
-0.3369063690572666,-0.04542239772016381,0.6524149892987908,-0.49261869658096713,0.3940020983582326,-1.2653544264668803,0.22928707924931027,0.010037631758204593,0,M,Old
-0.5111325516671149,-0.44694387644066347,1.403437961813945,-0.6862808468962865,0.8129708192275581,-1.321580520924663,-0.7337593516302257,1.9808356669094684,1,M,Old
-0.050271592204106236,-1.6257595995359928,0.5602454831163938,-0.7432315075093308,-0.13649922847471627,-0.2673226346590827,0.4076955268953871,0.8666001714345744,0,F,Old
0.3692282833682128,1.0489426266304733,-0.10248205266255556,0.15781669555326427,-0.1768367471767645,-0.13891016225258934,-0.1913023310146631,-0.3414540858197224,1,M,Young
-0.11326141520831066,1.6670827021628987,0.2211917835266389,0.8804698031101462,0.22559407891807137,1.4826608662368272,-0.36397736065714975,0.37947094251508456,1,M,Middle
-1.104671293564629,-0.30638346257985555,0.2975699315114067,0.10308214992605791,0.7670210078296198,-0.35298556467926334,-0.4262072489475479,0.6069053005015921,0,M,Middle
-0.45634053048466433,0.1772851925258919,0.046080613264353226,-0.8239174556548217,-0.1219291005964119,0.969746677887947,1.5059907453179577,0.5629086691092517,1,M,Middle
1.581310729773048,0.4223726460272426,-0.21148917940915316,-0.21775956313179248,0.5879371387632931,-0.6034268458904541,-0.6836270371405098,0.2413121809942126,1,M,Young
0.3178829301995142,-0.7675230703554838,-1.800824172800849,0.8264943390255922,-0.5422150650165658,0.99593178341905,-0.5366943519354397,-1.1118768259645588,0,M,Young
-0.004312899090117202,0.4784038054486135,-0.1815109806362618,-1.0199975877528948,-0.39166341241196667,0.3997927033127847,0.9691388773637573,0.7668839946519973,1,M,Middle
-0.8582721959706555,-1.1679734076091643,-0.05358335271789321,-0.344085664040134,-0.2672593361005403,0.04102139217200148,1.0488168537437101,-0.479891946571493,0,F,Young
0.9015501829073694,-0.4734863093976253,-0.16587594382707455,-1.563423690659292,-0.1600003198922021,-1.4322032469976724,1.417887080253369,-0.5876653228455997,1,F,Middle
1.3660824916065049,-1.224424440635367,-1.289336425996058,0.6768413657758612,-0.6199434718548945,3.2291276256406274,0.9384833312730241,-0.7096677284421458,1,M,Young
1.2555466201863186,-1.4739303291931813,0.7638105608512306,-0.83257747984219,-0.44090802482467994,-0.7982766896317306,1.522513356135376,-1.0356290112215754,1,F,Old
0.9987193954910724,-0.24820875923895533,2.35417841234018,-0.2646638349604895,-0.1203998777262868,-0.9880943425023109,0.3789913833399958,0.21190036988808272,1,F,Old
-0.5011140831101335,-0.818686638587174,-1.9822379260228757,2.302002152358712,0.8503652083484274,1.8735692203783543,-0.7662814429445751,-2.2887657969646265,0,F,Middle
0.32003436577063366,0.21912396305719806,-0.4646730606344683,-0.039913488823245455,0.48546296512229675,0.7511171261931635,-0.33111164689356837,0.8358554191783065,1,F,Young
-2.7869314845340303,1.9178531822596547,-0.49838256340210846,0.5257739743206802,1.8540641264587292,-1.7459525200037542,-1.510393452321952,0.14826750523632048,0,M,Young
0.8285890202540763,0.17087132136853064,0.32748331150470916,-0.4344358891307781,1.0463842442483877,-1.8088198463464886,-0.4978190707284668,-0.06499935794676152,0,F,Old
-0.03723210476697828,-0.46836388122310857,-0.009704700111179023,-0.9803462646123998,-1.128550399508063,-1.4299202547562435,0.5362894869919738,-0.3539491247255657,0,F,Old
0.07849763190578003,2.103505278378702,1.0624839779644253,-0.25129406238607643,0.23369291621056235,-0.2065230391304292,0.40830478187487745,0.3837779312212433,0,F,Young
0.3153616573217184,-0.186546476852107,0.5246017959541867,0.9303904440536789,0.9833933852057269,-0.05899168863860029,-0.1729901335074728,-1.0672580558609226,1,M,Young
1.1464974497112796,1.5399597360514472,-0.13979924118015494,-1.3201405327553684,0.6157718774287331,-1.415493071899192,2.0213906742093677,-1.6373632576165331,1,M,Young
1.026411465884834,0.012032615785495325,-0.07525840688675337,-1.1349313426593683,0.7243082169222691,-1.3781929245875735,1.5333675420495865,-1.255005832695095,1,M,Young
-0.8571140028415204,-0.9178359885199364,1.2697370357034592,-2.0033281425074407,-3.1854991706466973,-1.3565770454990789,0.7622490875632385,1.8006066240240912,0,M,Young
0.04465580841819779,0.007544828675173607,-0.8306129732902692,0.2689309470818971,-1.6772947586779616,0.7469087788194414,-0.9001749160922501,0.504962520206057,0,M,Young
-2.044626569909363,0.9495841671796447,-0.5705765335240716,1.6549250358131817,0.1358635191821606,0.20646745866525626,-0.7007376940313903,-1.595538120390128,0,M,Middle
0.46977678814144147,-0.5565238288273631,-0.7367929006375857,-0.24100850415266636,-2.353859825908737,0.7840937500262882,-0.6105293154964503,0.9004476973792036,0,M,Young
0.3710713795660299,0.1453366722422508,1.6908420383975133,1.1609034659996824,0.7703170413224414,-1.7447551167228572,-0.7374393578243089,-1.613234830661802,0,F,Old
-1.5123586123773793,-0.12682985095150823,-0.7682796792938644,-0.7480744961493309,1.507388160118705,-0.17953660065989457,0.044276303276300645,1.2713230617760716,0,F,Middle
0.09678192645970388,-1.7898347888341968,0.09091814673292282,-0.4710407194268703,2.0606617103285583,-1.1633010580489722,-0.006648557215601874,0.17667895764857777,0,F,Young
-0.28036139256003906,-0.44197884969101575,-0.7991016992114839,0.29477265269211755,-0.9416378809274597,0.23612861832643708,-0.17529590309431367,-0.622720851258259,0,M,Old
-1.2194879948220585,-1.2607665941227004,0.05378128169919817,-0.30168672877207015,-0.7385713723815613,-0.7987542865601389,0.6137877064000322,-0.6688550626844638,0,M,Middle
-2.476105910758133,-0.2108128639250172,0.23951164678690648,-0.7751073032390762,-0.6170928759321017,-0.13250824283701887,0.18523179718350694,1.6711700473463333,0,M,Old
1.0729823860594916,0.0006977954496452983,-0.8051921928512592,-0.6460634751537195,0.10797555041832871,0.2627546205318754,-0.19811241623825793,0.8528943994348716,1,M,Young
0.4522026285381069,-0.6000966724820777,-0.11017082833228953,0.19298138872000886,1.0856185201479884,0.4694710609862159,-0.8556503861859867,1.0849163182417692,0,M,Young
0.17586880927376278,-1.6724336111620162,0.3485157126928803,0.21187222181525245,0.3836245549752145,-0.429407938457652,0.26779693887893863,-0.836819962598777,1,F,Young
-1.4183682065713288,-1.1988516473483315,0.01756774332147775,0.2891083208113415,0.8971427028620365,0.9822851609728968,-0.2027310501161684,1.1021929758157145,0,F,Young
-0.20140390506733308,0.7861023174275741,-1.4593094062052787,1.4071457052185128,-1.1325670352449708,1.8769866134850968,-0.8450986053905869,-0.7540103934939967,0,M,Middle
0.538936532443459,-0.3669701216027234,0.1649813600219005,-2.11631815953338,-1.6989077450554466,-1.7299532039604235,0.800284018842344,0.8812384584466632,0,M,Middle
-0.33978598755452366,-1.2025949425480649,1.2567458591280596,-1.4674777716547787,0.543324471764303,-1.1357149511667743,0.5589739073383441,1.7630328081930693,1,M,Old
0.7433369097980946,-2.256819832539324,-0.781968609556089,-0.29153965608252275,-0.6538771497298119,-0.10628930069811178,0.2183371739503577,-0.5893085695255628,0,M,Young
-0.9614813362964695,1.1846795503951941,-1.2343437716238745,1.6990963146339095,-0.20051787510659386,0.4607488624645719,-0.5885805868083335,-2.2967113393056233,0,F,Old
1.6832027655225663,0.11772803336137048,-2.1051081760499106,0.9329699501257382,1.8673443639467247,1.5381668398488137,-1.4947462175185162,0.16984927849821818,1,M,Middle
0.5736485505584696,-0.4907242451250644,-0.2392089628869897,-1.3711925370759417,-1.7700001355114403,-1.5889155616476562,-0.15252820197971287,0.6146567441680206,0,M,Young
-0.5593475328359694,1.030282641861519,-0.8056208646228866,0.511832823234128,-0.8657086044022577,-0.13406322979405733,-1.046690312681266,-0.18823451624943988,0,M,Young
-0.2874533691455559,1.4500023758213438,1.3406496462360127,-0.6126425815880542,-1.2696424578145669,-0.8774298096315841,0.1745806982697853,0.7243312725823785,0,M,Middle
0.08300744366423835,-0.4706655592197154,1.4379897056313817,0.6498461147528324,0.01376871094165187,-1.4111880042677594,-0.9210255750896733,-0.4220230509020184,0,F,Middle
-0.5245650449697835,-0.4264314310277218,0.624438173205727,-0.25495962472259104,-1.2687043171314263,1.0191722199508184,1.5355686685782346,-0.24258375599342288,1,M,Middle
-0.9045534127940413,0.06932119530592115,-0.3615659791997988,0.12068096216162422,-1.0436140164699061,-1.1809528966055067,0.38446878966356757,-1.8086375264822814,0,M,Middle
-1.7778483426048222,-0.8558036049614698,-0.17882934559395255,0.24276032588228685,1.2876754739457539,-0.48534659037016226,-0.7918213381584923,0.6788565875929453,0,F,Middle
-2.428868689637807,-0.32875423030648737,0.4103345472124077,0.8364269199782386,0.404598242264402,0.4483403024078968,-0.6387997538671405,0.6353510747903044,0,F,Young
-1.164417685787131,1.1233363043695397,0.1287116302798156,-0.5004013987001775,0.2598735483916157,-1.2136969629352112,1.179587255282125,-1.171903965291458,0,F,Middle
0.21139877763400156,0.9625741103997812,-0.2890208604280097,-1.3289777341251454,-0.46153267602263387,-0.5196941675696177,1.4856251716198081,-0.23195430124051333,0,M,Young
-0.6522243912788775,-1.2563490838461215,0.5433973918377433,-0.5588444352898038,-0.128476092786771,0.12247381456757772,0.03217775450518692,1.4788033624082813,0,M,Young
0.9354976555872244,-0.5687318315011278,1.704884886178023,-0.2710704969552226,-0.6760180155595635,-0.47527520780706994,1.188227038020644,-0.7459428131099404,1,F,Middle
-0.6841619841940372,-1.1077379554229827,0.6380727767644135,0.7299073502750387,0.7797869329056084,0.23450919338704598,-0.6229908477550691,0.35430489232047113,0,F,Middle
-1.0955182601262137,-1.0940031611358385,0.0962547354950679,-0.35788031504293427,-0.6708136492901875,-0.3800059815085658,0.6725194944604005,-0.2832149082843381,0,F,Young
-0.46420873472830354,-0.45879683537489097,1.0056996343303912,-0.07059745635197254,-0.12856214726610415,0.7781314694685775,0.49905717682484274,0.8553735806136694,1,F,Middle
1.4626196819149293,0.9603498113476224,-1.16803040896739,0.0717528254048925,1.5746444516427964,0.22437464717538524,-1.3470343865526104,0.8898718834049448,1,F,Middle
1.1162482895600745,-0.24827675080203965,-0.42626302563344576,1.001264621153405,0.9995643454195257,0.41662874061824146,-0.03564776091871276,-1.689189052890438,1,F,Middle
-1.562040113147465,-1.01919792604849,0.08292618410461015,0.28609183946171535,-1.2156042418045987,-0.29248399616165865,0.6088215044256305,-1.2094563032789818,0,M,Old
0.7466542201602083,1.0636933847923467,-0.32726292171217364,-1.6897387256801435,-1.3279540379672454,0.9978497721072648,2.971516734781357,-0.393642467412535,1,M,Young
-0.7585072958508541,0.939237139504878,-0.5278527018908895,0.35344426706549226,-1.4476163972968732,0.08036778236859472,-0.40940501017141445,-0.37954663090534424,0,M,Old
-1.0163753380152416,-0.3401998099530461,1.007888323801484,-0.7936903190201168,-0.10085938613105944,-0.24827866400215773,0.5120712239209702,1.3526588987752002,1,F,Middle
-0.5974079456124861,-0.07100458632860794,1.0826256517194515,0.14115566680374608,-0.1530011176245585,-0.053638428420396275,-0.18023758518460492,0.6696363653412551,0,F,Old
0.22159959128190754,0.48187976366925395,0.5173813908574254,-2.250309656715605,-1.4172273676177487,-1.9142544706866178,1.0583976220190963,0.971017156514291,0,F,Middle
0.5292470503131613,-0.25556963594984516,1.7424726129365635,-0.5730727144813508,-1.4048347826928205,1.3354312298066728,0.654448577127306,1.9632862110216023,0,F,Old
0.8430766215723055,-0.2644680061958851,-1.4394132994185462,0.6910296999307877,0.4992109751991184,1.4522909684885656,-0.9760590425064819,0.26781729061186593,1,F,Middle
-1.8923845088528335,-0.5692678867676592,-0.2908678796392895,-0.35647424987206267,1.495614648159175,-0.40430690716223566,-0.32843430608286966,1.2202127073787725,0,F,Old
-1.299523616732274,-1.960610305049404,-0.3210992769655994,-0.9551816621838922,1.416749286077261,-0.6448595881045446,0.2578128823080612,1.1578902994930573,0,M,Old
-1.6290835045246868,1.2632336386707734,-0.5326652549338207,-0.7443078451064932,0.5445452651849071,0.020280672292027933,0.05861126139635628,1.4287984683455053,0,M,Old
0.6453341946834158,0.4096285087504176,-1.7400554911177553,0.6840780451967335,-0.29615875671829217,0.48978390119821674,-1.3378330361103519,-0.3528049768312494,0,F,Young
1.2729296510842776,-0.7116752519424241,-0.3695225777451959,-0.3294822000282969,0.40785913801320156,-0.6580364814774486,-0.8581305679774126,0.5566472076080762,1,M,Old
-1.693985121887213,0.8272954673862387,0.398168425885272,-0.5689986012150724,-0.050970246753113305,-1.1730937273226676,1.777606245057122,-1.4947206739839365,0,F,Young
-0.31481319611424424,0.0713698012284308,0.8036982740265145,0.09388091589128356,-0.1397609230402815,-0.46705436777587384,0.40803275535980305,-0.5332540485649365,1,M,Middle
-0.5770461382978356,-1.9892599140953282,-1.1593527223113083,1.1915282406432086,-1.151959010497378,0.4522575233728985,-1.2792165748807633,-0.8161974593493482,0,F,Old
-1.8319636952359606,-1.250703986726745,0.2353951557439494,0.5751758504436636,0.39319107169091755,0.37863207923581577,-0.622577170028386,0.7494681544507771,0,F,Middle
-0.5632753274429604,0.414882535827664,0.8047533140697961,-0.7336630844042128,-1.1187378738870126,0.6514327610129894,1.1021842408699805,0.9180975665638962,1,M,Middle
1.4646351052995692,0.9645373850859604,-0.5628052254161517,1.156669060547216,0.22661317229900704,0.8390840290934386,-1.1892497045132417,-0.5062481046338031,1,M,Old
-0.5798992675157062,0.18409979095149506,0.014634055390170259,-0.6192093745571997,-1.1698304867349683,-1.2976873906684285,0.6354765311436507,-0.8313669402213125,0,F,Young
0.16032433396379153,-0.5460347178699958,-0.4961762292521695,-0.7268301532432713,-1.531745109019543,0.16072278948078536,0.13080064116597692,0.6618759696643417,0,F,Old
0.6303195782383056,1.071628928446191,1.3742579146520564,0.7209866827334156,2.790822947614845,-1.3176370555722043,-0.4561330425637553,-0.7574438069609404,1,M,Middle
-0.2994749463180219,-0.6425535486615896,-0.11926212152151863,-0.5272902920164897,-0.8558024633037109,-0.9424222620868317,0.6177754819731975,-0.7633656873405208,0,M,Middle
0.9862894702710362,0.3825963477214033,1.3884536403405294,-1.3510883121895818,-0.030045943143832434,0.18017289681707813,1.2758346570765797,1.469160544813131,0,F,Old
0.39084917143067405,0.4442427198931607,-1.3728365175103998,0.5118377022331209,0.5991220309798427,1.8789280313982322,-0.16611454285721236,0.1406135518561697,1,M,Young
1.4624051463020769,1.7692244287311856,-1.3153527142217138,0.2388575353903217,0.3696427150845075,1.2390932381077795,-0.7153355424235338,0.43907633935351426,1,F,Young
-0.26291303884104167,-0.08338657792147026,0.5023434131508772,-1.6185484582551337,-1.1322762003924083,-0.8785305731462351,1.1727778371856399,0.7959205103824366,0,F,Middle
0.10226161594349249,0.48112665429942836,0.00048065205597254705,-0.1838041906991058,1.0131255366001504,-0.3893235649432165,-1.0442395402082176,1.3656906842239065,1,F,Middle
0.4708147739147886,0.786097495303709,1.771087406310043,0.25107877333938017,2.06142325680069,-1.6210392738258288,-0.4096650502414744,-0.11627992996474432,1,F,Young
0.22190065795592756,0.2859648459007122,-0.18153739926269458,-1.3334726874786453,-1.3984957650019372,0.6559953288797766,1.6136810312537408,0.5341456331390946,1,M,Old
0.5449507259805357,0.4712957447195148,-1.9822769447328463,1.5021735497547748,-0.004938673196490785,1.5860599090467598,-0.8114995927520718,-1.5146189555168472,0,M,Middle
1.3500596880802738,-0.12358349079567642,-0.9396256872174535,0.09119403393110709,1.427274585815,-0.06665654270505714,-1.5570128181442096,0.9943352785361956,1,M,Young
0.60075816650424,0.01679477486233443,1.3069668812040665,0.3054458081397424,-1.0775238796613134,0.20601232061634223,0.5293281076587403,-0.5678755434120564,1,M,Middle
0.5979102010570336,-0.8215990231755662,1.1417681450308206,-0.20930069644454993,0.20220416605785357,-0.10726886405371368,0.4958083036322876,0.19746424422575404,0,M,Old
-0.1918072580473991,-1.5792642483067159,-0.26177468892479266,1.1284191543992292,0.7118016316420266,0.45491916143574995,0.3703753758550887,-1.9745712332837106,1,M,Young
1.6243760720964517,1.115962180774114,-1.1085910949148032,-1.1829410921693715,-0.12662304104063712,0.3284301757132943,0.4446672286120225,0.7096655894882562,1,M,Middle
-2.072522615229991,-1.6078788594475995,-1.0994569481027805,2.1757018223150224,-0.23624551397762264,0.5094158104501606,-0.6992176993002454,-2.582293147976953,0,F,Old
0.3825435499310575,-0.8060939821895748,-0.02171914699960572,0.11887415814945232,-0.22653608011401064,-0.11765360384563613,-0.1459516165759817,-0.2764801097836113,1,M,Middle
-1.3634083844502753,-2.176524069964785,-0.44378951349892365,0.27596618911410536,1.2486338343033028,-0.8686355998623995,-0.7066279050509146,-0.06942646291973646,0,M,Old
1.8014442464315465,0.7055319756562427,-1.7128857899710135,-0.5134378453955772,-0.3242285872275757,1.1273704311293364,0.16132631098999872,0.1632320929640338,1,F,Old
-1.703707340165008,0.1595387960875538,-0.4325871476009104,0.44127266619818484,0.7456712628248822,-0.09753761974931585,-0.9584964718983657,0.619944751939704,0,M,Young
0.5455344440221326,-2.5632854269347285,-1.025045274395088,-1.149851415488074,-0.7903335216393916,0.6940914031860336,1.1781465447514676,0.30857905552097487,1,M,Old
0.3877737032415531,-0.022507178312291754,1.5717728821276564,0.30943192092618055,0.3620807398133837,0.31536517553641036,0.11459964576291827,0.44681466270161463,0,F,Middle
-0.5430106151616203,1.572606306179532,0.5220423562715869,0.03818537792960483,-0.29249049303359065,1.0096911383927696,0.47403972848508324,0.6172479742178403,1,M,Old
-1.1270613421608846,-0.8304663918860294,-1.2565519012996262,-0.19674672431971416,1.7102509016278016,1.2101637082383188,0.056337636254760626,1.1529388569485293,0,M,Old
-0.18335839296228762,0.6311868525498124,0.7170693766033199,-0.45645908291850884,-0.09133242565723172,0.25826806680690223,0.561206333295281,0.7696555506991856,1,M,Young
1.8051185066599804,-0.5394175994371307,1.0850302967767178,-0.6798252796908559,-0.8197499199653473,0.730448108589857,0.8389011620720989,0.8018968385044276,0,F,Old
-0.12000263624613079,-0.7830076732618823,0.5039054649479117,0.29336938379838473,0.594993116962644,0.8781224490227689,-0.06324128578440509,0.7310446782158521,1,M,Old
-1.1322486169724193,-0.5666383431008138,0.05274384223646378,-0.6914141214319506,0.625278839909668,0.6177153998546676,0.18592260254689907,1.9103325937808877,0,M,Middle
0.2406821647737363,-1.3483978832787107,2.0913857356376946,2.123308167576276,-1.0908759347726995,-1.5220202863058803,-1.7772389642856745,-1.8647288739237422,0,F,Young
-1.7132855694073486,-2.567323426644341,-0.8570162663147475,1.7941500066434963,-0.09810161015230337,-0.013211831906833327,-0.8265827886938513,-2.155404346288309,0,M,Young
0.7957842880521947,-0.5895990642022136,0.1929829664290097,1.595345584821512,-0.4723622133915086,1.2872346996122064,-0.46138542752859857,-1.2570280221218304,1,F,Young
-1.0456363712923802,0.3333119225416928,0.9160605430943973,0.8773280721833068,-0.27567221977453316,-0.7562656294099029,-0.9029568935949366,-0.32468216120544174,0,F,Old
1.4484633495298478,-0.18104321798511552,-1.4625341570504033,0.15150433148155246,0.05633368641514796,1.797996950216479,0.5438572182800885,-0.5692039593399028,1,M,Young
0.45423315357297317,1.3250713079950056,0.7404405680059924,-0.15022448371744432,0.7811451976702698,-0.36427295268406784,0.26633405045632763,0.05351815613335697,0,F,Old
-0.1885213343477509,0.7357261384033691,0.7084537419686884,-1.6071678493039685,0.0710738037064555,-0.6151965577153146,1.076758532171333,1.4034071445007363,0,F,Old
0.8946201232639531,-0.6933786164341067,-0.18562155320680843,0.21425876934344307,1.9811635674914123,-0.34864924306537315,-1.8483733947353578,1.5228022482882366,1,M,Middle
-1.0855628175156982,0.6915874091456501,1.2686277004259585,0.5841930472190207,-0.4253248174684165,0.2326478984117649,-0.4968941836634213,0.7208475583211913,0,F,Middle
0.6043136846967332,0.6959030835335416,1.0728414892357878,-1.1457277684961713,-0.1531217644956971,-0.5243911180360454,0.9133931116134397,0.8508711232001289,0,F,Middle
0.6642868096316896,-1.080912463447869,-0.8737457854426908,-0.14703907945072484,-0.4641639314630139,0.5947244869064106,0.4456777754900216,-0.5127358582208971,0,M,Middle
0.1409982751319777,2.244097166052426,0.757984646013082,0.029988201327313828,0.4950380639619577,-1.4228511855526196,-0.5217974211445718,-0.16984407237634436,0,M,Middle
-0.3546997339274081,0.3617190573193534,-0.10870307846783864,-1.5216436023920514,0.8640547733217081,0.11141122146858565,1.334838747337351,1.2742707408820235,0,M,Old
0.4775959646141962,1.353385117814968,-0.5038820095147705,0.3001899440952149,-0.20936517290917514,0.2148843845542898,0.2407750023871573,-1.0603781525425213,1,F,Old
-0.813632758380077,0.12697983550994377,-1.7064794744594798,2.395327299357833,-0.9521604522225717,2.1106003133066875,-0.8396520755439045,-2.20796587349917,0,M,Young
-0.2762230109763019,0.21834430447921438,-1.4864182047609578,1.3706344856577104,-0.14959600860239303,0.6945667539315086,-0.8649359191657878,-1.5156022472015667,0,F,Old
0.5530531374601549,0.959910213034353,1.7601403466376002,-0.7154651927141816,0.28680965643282064,-1.0997134931696328,0.6368989285993186,0.4250191944520134,0,F,Old
-0.24654501200915147,-0.18803803747760858,0.24447473035688916,-1.9709016223211584,0.9982894997871883,0.8388108282215253,1.8739050932713517,2.2126106580296003,0,F,Middle
0.12368667913439506,0.030987179521018635,1.0107976645075416,0.09757660256548031,-0.16642299918393333,-0.5516893470403545,-0.5220656765247703,0.49954481087529484,0,F,Old
1.9072373682514607,-0.13242925133148575,-1.486005712994467,-0.049702539697763934,0.8600592343096038,0.9679530533178035,-0.49274559032090126,0.3028654704948277,1,F,Middle
1.0262207471595284,-0.38969022175335233,0.5889945905650041,-1.3471676890353272,0.9087818874406122,-1.4958299763980152,0.6599847820376125,0.4570078502385737,0,F,Young
0.09141871536859197,-0.4861989673021434,-0.6416306710803478,0.07244518660448312,-0.7799054064719481,-0.3538840925014961,-0.6027781872671207,-0.21493190788423805,0,F,Young
-0.1522601122137206,0.8089737273175884,-0.7164099639189868,0.026123653078485534,0.9835642525906202,-0.5587186295436165,0.5925337767054502,-1.4388173267431275,1,M,Old
-0.8694095867120376,-1.9920981205034096,-0.8957772752647359,0.6626957424471903,0.183139314896153,-0.4381372799195311,-0.37355610013981844,-1.3152052810394355,0,M,Young
0.3523532401871397,0.6043455050332593,1.15443061835385,-0.37804601378833297,1.0464378369379848,-1.4505663429210207,0.24009657897319575,-0.14806661569672475,1,F,Old
1.3438736897576415,1.1925796955796417,0.7964585902919904,-0.8206055572354403,0.10920006532515869,0.0840977174958583,1.0339150294837012,0.3624918267359749,0,F,Young
0.08984996927390879,-0.3349003996649284,0.7906993071807225,0.42551637969067924,0.5628946113102551,0.10502156515081477,-0.1298050763024485,0.028141264551107315,0,M,Middle
-1.7750832578155056,-0.06874505067663624,-1.6475588111914714,2.6874315720654245,0.2652480003433986,0.8149143689371836,-1.8434721343437301,-2.1384165004151883,0,F,Middle
-1.334471920951076,0.12728939209547477,0.8977885676412471,0.6738399897412353,-1.3836165518974828,0.863894584361943,-0.5048300603575361,0.8175568913668944,0,M,Middle
-0.3711853140480336,-0.29534216501532207,0.8473779421802422,0.5346977793760143,-0.0066386763004758695,0.7461428370252465,-0.17876810528828355,0.5067584825896005,0,M,Middle
-0.23178250807188872,0.35608486357440966,-0.22126691183074682,0.025234829232185074,1.8085641475783312,0.6854727848226577,-0.10963708587599393,0.8931552905770413,0,M,Old
0.9546132109761221,-0.22181094930167172,-1.1605050574279856,0.16301756802766137,0.5821296612051063,-0.04723618243411409,-0.19259304554760265,-0.8995562430484023,1,F,Young
-1.528870322060639,-0.745380869098509,0.4313750772012848,0.5503333862021761,0.39068987208920586,-0.6104237635544723,-0.8270655870062094,0.22573671974543982,0,F,Old
1.2925686909731489,0.8631308105246908,1.9762757821017047,0.5227956030061192,-1.1934867319648306,-0.07165418166820439,-0.09751809544668105,-0.2465627849301067,0,M,Middle
0.593852236828616,1.336822053889578,-1.2004550913880934,0.46783933234673464,1.155428369734301,-0.07905047495300901,0.0857066324704117,-1.6203084154871792,1,M,Old
-0.12418050190497365,-0.6716027017163473,1.069324815737324,1.2500871311182482,-0.23046913007960332,0.3992108360272732,-0.7974739367410469,-0.24921107953707347,1,M,Young
-0.009418606041525626,2.024969726293566,-0.8591144811324417,0.06817539872819789,-0.20998769936851358,0.16415536039613732,-0.27282195090748573,-0.1671569326818844,0,M,Old
-0.26574302887473544,-0.5304026734983525,0.9158143531413131,-0.990214858876598,0.18384699741467572,-0.2793237911764232,1.8625482840911238,-0.15195179250246335,1,M,Young
0.13407867616391753,-0.8748747742273171,-0.27531835834125523,-1.0405655334100803,-1.7122154515252108,-1.3191591304795962,0.20229653806625922,-0.043933522809836846,0,F,Old
0.3931688667646535,0.14233858576962743,-1.274432976198251,0.4756944786171843,0.09304922017533224,2.450142664993708,0.677282865376686,-0.3439157312306605,1,M,Young
-0.11626392120675215,0.7033120865978056,1.0311641004551781,0.6286095727359013,-0.26452896822516725,0.11657883129949093,-0.5453472643658096,0.24467814331175236,0,F,Young
0.5594965287480873,0.6134506968901463,0.7357556129531759,-1.169433716495457,1.2933541932005388,-2.0779179072284517,1.2693980328295784,-0.8076179083574097,1,M,Middle
2.2142038796592316,-0.5574501278180699,-1.9233228474377464,0.6039538865324675,0.9029304099214404,1.536839126584302,-0.9049232996830918,-0.159559214653238,1,F,Young
-0.6240241824142717,0.7266629472538941,-0.5646843819210144,0.12826141774778405,-0.8028879702429885,0.8084346052263448,-0.036725977406144764,0.22788316249409565,0,F,Middle
-0.32534710401035233,-1.387051361598889,-0.6127738365290459,-0.32513227912475356,-0.8951869811283595,-0.6535837965343064,0.21267838496651584,-0.6579332944651971,0,F,Middle
-0.42517400707771885,-0.08505237774270133,1.0064786555466503,0.75573181905668,-0.39922858049640536,0.5584729660158578,-0.4482811533679724,0.3318435695924761,0,F,Middle
0.02530835412383353,-0.812363787306745,1.2904834215662933,-0.053935005673387555,-0.7616213405029324,0.24095204317816232,0.57436735672204,0.21330289958103424,0,F,Old
-0.5479129699501369,-0.19646321631066563,0.8432063691345695,-0.0958652484350375,1.0520049199952326,-0.23936592007919927,-0.4696475399442466,1.3062633703493245,1,F,Old
-0.12269166669436118,-1.2801115652175727,0.21654126755200023,-0.5944225490603634,0.10278402901653451,0.34216520108765314,0.8143951355979725,0.5072010071670422,1,M,Old
-1.5114016836581343,-0.9671519861254763,0.22522101076818785,-0.4518198075861487,-1.5810262599253733,-1.4683115957122057,0.22642599790334833,-0.48025883649718243,0,F,Old
0.9637768323724571,1.1586656652436662,0.2507461597859765,-0.7292371813930125,-0.21893367857078783,-0.8108733587936424,0.5699490082462352,-0.26432569202945594,1,M,Young
-0.793736370885504,1.6429366214260335,-0.0037109854761167007,-0.5147822400986153,-0.8587979079238369,0.06193447280923476,0.7257852524445233,0.13439871086769917,0,F,Young
1.2253488257090226,-0.16928417134229917,-0.717409063002298,0.737275073006086,0.5363508699513729,1.7418171881551816,-0.5102424011796113,0.19364490158010386,1,F,Old
-0.08037917597553319,0.46134352063270817,0.8941400819203372,-0.14074188342932203,0.10828078443738424,0.4331651310935542,0.4432229647526883,0.6237103525478588,0,M,Young
-0.6851628430361322,1.5609987353118489,0.5572665158130091,-0.2480971061968809,0.5385684711826273,-1.2794459408205292,-0.3143056877324979,0.28777329602975277,0,F,Young
0.27109146511890797,-1.168603747979429,1.579826754429577,-1.4009076973903472,0.3449547860288538,-1.9678266666702198,2.1054392832926645,-0.91513894904498,1,M,Middle
-1.9335915681122378,0.9596866109147312,-0.500441130602238,0.44845390678031755,1.4502354213166626,0.5570017525161854,-0.4900520293305261,0.7380860495447851,0,M,Middle
0.3084580649624359,-0.3809879720897717,-0.5849298022281754,-0.20915438541555617,-1.4856335326980383,0.02754765259163151,-0.38613745818584444,0.19797087085436474,0,M,Middle
0.814856929526341,0.5395569439194537,1.7930988588115855,-0.09521246150547999,-0.7435298701252208,-1.8967735908588235,-0.15439933399352015,-0.583520282294985,0,M,Middle
-0.455917275658611,1.0669809528873828,-0.5039652453676222,0.35960942508783045,-0.5204710068295055,0.5147241707034265,0.8082408611582724,-1.3931957698212476,0,F,Young
-1.2791522175917278,0.4582154260985167,-0.034537891470330796,1.2304665054174977,1.3255031569234212,-0.4286773369099143,-1.7755376580922002,0.16894068438054108,0,F,Old
0.6436186992836008,2.1007933908270906,-0.509547183239623,-1.7261386434027233,-1.6375407086574938,0.4217612344237532,1.9510496512940916,0.27213341992319456,1,M,Young
-0.0021039490589707596,-0.13922329265938754,0.7872075216618725,1.775234358767502,0.4373321447374823,0.5900574025343751,-1.9164671809577671,0.26571149285686885,1,F,Young
0.9319695049520315,1.4327155129952052,0.8626386868589692,0.16533435482422223,0.7495395678006226,-0.09086234495181318,0.04925453658267269,-0.05418049623353401,0,F,Young
0.6911385990313225,0.1801449590107809,-1.1331887563656107,0.04181492723687342,0.41968907481553513,0.5423470858230711,0.5992690371708248,-1.0781632597017536,0,M,Middle
0.48551348339492323,0.1511060411087933,2.415009659813318,1.1725688461768509,0.8279059087081234,-0.2963358481180581,-0.39296764497507536,-0.4219654755446822,1,F,Middle
-1.595533195018758,0.017352291175134864,1.2643317454415628,0.3879378768820308,-1.2459179094908188,1.7299157614713419,1.1026240836425159,0.42053102332802156,1,M,Middle
0.7041967824219509,-0.10535687536346239,-0.11223785747711632,0.6250946278052985,-0.682803163551832,0.6396138425975663,-0.34222408268302074,-0.47064522428836836,1,M,Old
-2.391776711672813,1.9555011213079987,-0.13280621935184136,0.712472010759506,-1.2839969734494738,-1.137749500827716,-0.2860185166627767,-1.5093295394042185,0,F,Young
1.5881394813231102,-0.033162142831318284,-0.5022517705371173,1.0429842200400892,-0.7946733238831415,1.3191458612866354,-0.47612219411773343,-0.9141378033576257,1,F,Old
-0.9128062408799059,-0.026360107483390696,-0.5531091419392297,0.6132918270314003,-0.47714485485351743,-0.35296628592636364,-0.16036153224274777,-1.3125128007320401,0,F,Middle
-0.4602104533872965,1.4587568374025854,0.8747552013864602,0.8610772664743122,-0.12065325881102763,-0.12151871545004128,-1.1123005909923986,0.34427545030581663,0,M,Old
0.23603343238285024,0.9981443922143635,-0.16880322587683097,-1.6160365618706396,-0.8644893455633794,0.6428078937738074,2.213275775292474,0.37861663319832695,1,M,Young
1.0421666253467212,-0.8629788556172829,-0.38959163924225615,0.4581142534393722,0.2879726493445178,1.5693336621557323,0.07257777691915837,0.021692079163207072,1,F,Young
0.626450173480045,1.4015261057032917,0.8375739678272511,-0.2573997101834096,-0.21322133027450657,-0.19848554033786917,0.20901032493837102,0.2999076078205837,0,F,Middle
-0.29449215752800384,0.7144973146343391,0.47564941805248184,-1.460430519895637,-1.6045901346342966,-1.6003056426780078,0.7537905993875917,0.32896897752144866,0,F,Middle
-0.7294057713357847,-0.6891316568105019,0.9776664989454874,0.28836525939341856,0.34395383125098505,-0.10369779022248016,-0.1455183678126554,0.38668175873463667,0,F,Old
-0.4913159719094083,-1.4364917405104112,-0.09114422603689945,-1.2442731596934418,0.7800725546269789,0.02884130821046022,0.9407284769073296,1.2315225132516392,0,M,Middle
0.9034942978330543,0.9027252137196795,-0.9899721803844724,-0.6286645137613841,-0.851941882837794,-0.8410498730188115,-0.13221938405707506,-0.40891545157507825,0,F,Middle
-0.4765919896295734,1.3030382857639167,0.7597295802569727,0.5466941329113566,-0.4492638986088393,0.17186737076791855,0.5767589816097964,-0.9985952208384862,1,M,Young
1.0396753371886251,-0.4691664448372831,1.124991066098276,-0.07024052125177538,0.02913868008527496,-0.5852100579307457,0.39176218853234474,-0.47473795158551335,1,M,Middle
1.1589733821391406,1.6268802403406657,-0.7314351060741215,-1.280384952553874,-1.1391133105378637,-0.45811934294164486,0.09750485759098602,0.7943476177745823,0,F,Middle
1.1637594440447812,-0.7704942155894903,-0.5245046256328451,-0.03161323353054465,0.31048724015676454,-0.2678521804531315,-0.08733573727731715,-0.6174481890360018,1,F,Young
-0.5966707265010602,0.27420949837842906,0.526244023049052,-0.005823167877394137,-0.19543540158399897,1.2523885408688038,0.6137697571019769,0.7640669649516698,1,F,Young
-0.41934811102833575,-0.8122387136875814,0.4187506976590894,-1.2529406996891808,-0.6994511622813134,-1.3677194029431887,1.8800340008573384,-1.031129792456867,0,M,Old
1.39195809316386,-0.5915289214720462,-1.2260908080840842,-0.20295042332385402,1.317629175706965,0.29670641066468395,-0.5875300807185405,0.45923078319656535,1,F,Middle
0.7146164520860271,-0.14764687591243758,-0.08875177033223632,-1.4198392023518862,-0.416370908495564,-0.07716563626307141,0.9240265206469561,0.9624509330025579,1,F,Young
1.0478149721545207,-0.7408832868708777,-0.30485804858276794,-0.8023816969808405,0.14949980368537674,0.35005146083960725,0.2033447435311637,1.0111390246329686,1,M,Old
0.324922471715489,0.5351183281381778,-1.1107954259811719,0.33657194993649675,-0.8844260152615568,0.6053794958374697,-0.9652375451001302,0.24106839663986396,1,F,Old
0.5445120460276628,0.7146192344660178,-0.03791146828241035,-1.2969137895177552,-0.8600441625472013,-0.9729915702238974,1.207126333946558,-0.34754172852648524,0,M,Middle
1.5105390233791038,0.8063495880154644,2.0553656157556066,1.2741688694467836,0.4999347992400548,0.019645241277921832,-2.024865990620579,1.1037884945430665,1,F,Middle
0.45817654054444285,-0.01738397928192487,1.7267978137476252,0.634829685816641,0.7364868031029872,-0.5827012587265114,-0.2375692606550719,-0.32645968039179996,1,M,Old
0.7252090634047216,-0.6461634136331798,2.661175793697352,-1.1282693428296215,0.07115967387395768,-1.9538347980635453,1.1642251283341518,0.2049201921311114,1,F,Young
-0.17344357902959695,-1.3823518423076187,-1.0809893135529782,0.3485412693307159,-0.5588602095462861,0.2884324252348867,-0.4097886443199845,-0.516302383462567,0,F,Old
-1.278075329196157,0.6565306247079379,-0.0034895585489456483,-1.3624441419511555,-0.5395117023962791,-0.10180861043571252,0.46381354909618033,1.936484879032522,0,M,Middle
-0.49762998677208303,0.9852356529929295,-0.754139534157055,-1.3930525096101884,1.2992253351135032,1.3046465425720855,1.2220778518775774,1.9465564795729582,0,M,Young
0.5107394347591077,-0.15964090594629138,0.3897284984392159,-0.5000138265387742,0.07523236607103222,-0.7795131239213807,0.8483471193283784,-0.7210690275185111,1,F,Young
-0.01462061647927818,0.8777375356200093,-1.7466681451976551,1.7708515969094791,-0.9543363734584567,1.663562117065951,-1.0180410883798354,-1.5348699808061332,0,M,Old
0.1735385277382958,-1.0858545018265238,-0.9897462345798317,0.09568628586595689,-0.4800368733424769,-0.10158855391739144,-0.43606500036023077,-0.40947025827948497,0,M,Middle
-0.44356074639165743,-0.8526792700853956,0.4095525091589645,0.9485040350815427,1.3944326036120163,1.5576667733588097,-0.08723126662808897,0.37286492224472123,0,M,Old
0.6835741883902879,-0.16848318629018655,-1.9809202967842228,1.1116218311977857,0.22778349110715235,1.2790256961857505,-1.120374419075243,-0.7359212671645587,0,M,Old
1.4559217530780688,0.9062007593704854,1.1032876415319248,-0.3755261871459833,-0.15211470319192302,-0.4989194447943717,0.5490686654184739,-0.21450732225917093,0,F,Old
1.4652732161868993,0.28258096653257714,-1.1622877459734855,1.4502410322375452,1.4612114522110495,1.4757905126142177,-2.31816108443501,0.7391173201147622,1,F,Young
-0.5103295842081133,0.14336723464139456,-0.751534408040157,0.6210470628180441,-0.4163988742878875,-0.10388079949448456,0.09435484226226754,-1.6244551912815675,0,M,Young
1.4003617267870407,0.1911720607675734,-1.026467870754882,-0.1585305309362208,0.8581119890492264,0.7421100754744153,-0.7727577480088982,1.0218881915875577,1,M,Middle
0.4290034893868083,-1.7768025242374557,-0.7758092539766835,0.27557038651328297,0.7827174042609143,-0.4336180371316131,-1.247502958098996,0.22408745263205035,1,M,Middle
-0.3000856650777708,1.7760519488169528,-1.3514978444485506,0.7835692572651519,-1.32420986284649,0.01830747663933197,-1.1308659316635177,-0.8715197145720782,0,M,Old
-0.15557341753051307,-0.0013954866206415666,0.2354251831922809,-0.9168335847562514,-0.06722158670749326,0.41399190372002537,1.283147177984662,0.5529133673073896,1,F,Old
-0.508087196362168,0.5982873581772604,1.0646478994105129,-0.6739170982872194,-0.5840616913300659,0.55466577917579,1.3907942120615362,0.6055737659094313,1,F,Old
0.07778241184161834,1.445644723813016,-1.188980690447172,1.0530925704122114,-0.7607643463023837,-0.24639453663173183,-1.3928664871519052,-1.1623483161989139,0,M,Middle
-0.48933923156059267,0.6233658373594755,0.6871062777431698,-0.3277282841531105,0.35671306266250424,-0.7698226849879858,-0.29228486098708983,0.8261737652202482,0,M,Young
-0.9230161304990772,-0.04682699333362913,0.09098829321323387,-0.7596819490417208,-1.7303292639865901,-1.0907616456358669,0.23101089601471286,0.11212799159743687,0,M,Young
-0.6292528518330073,0.026551092114294905,0.4297361062294916,-1.2368390810684058,-0.6391994331685932,-1.7341491662525168,1.205148318993588,-0.494347267003117,0,F,Old
-1.7881224892772436,0.35921846064705815,-1.766910230502745,3.2770867384237086,0.5474338293002876,2.1916429730085203,-0.4756877597486339,-3.6300554201113053,0,M,Old
-0.5418252552664207,-1.8357139830362212,0.10693893107722137,-0.5492866020042264,0.6838478659246373,0.5024690916899773,0.6340122618568339,0.9203875300782173,0,F,Old
-0.7202528725200245,-1.243946642588993,-0.8710093130833655,0.6564500797685663,-0.887606148439829,-0.1421740031906004,-0.5834971714188631,-0.9954799415579462,0,M,Old
0.19721572672181242,-0.43468681628960065,0.5570859031878427,-1.054651831665221,-0.21113406814435276,0.8087529088786566,1.0350566308823463,1.4898713286468188,0,F,Middle
0.20090289620913634,0.09132120474334916,-0.9999381964655121,0.2531697205433994,-0.316566073102556,-0.3170284995838482,-0.2522395869180197,-1.069596639019315,0,M,Young
0.7936873820212361,1.7234588426935826,-2.135339544975363,1.885242816841909,-0.06393620015734974,1.629446741554364,-0.9995241500259335,-2.069487886989481,0,F,Old
-0.966846460087009,2.5025868552110215,-0.12756591006922632,-0.3519101163293201,-0.4875643541278034,-0.23700110338857677,0.9038887765149598,-0.5788191283081663,0,M,Middle
1.5212738812071394,-0.2931340904869572,-1.383832594956487,-0.6794078608255797,-1.1553033060040625,1.4617799982500874,0.8267793839066243,0.06392185606381376,1,M,Old
-1.2796988130746518,-0.7388300341172694,0.9718214724390419,-1.3938727407616487,-1.777457759756673,-0.26288925803700997,1.8684761309522764,0.5296533597165142,0,M,Old
-0.28783106798704833,-1.1262581663705498,0.6374486293360512,-0.21729194263080898,0.38416796010241455,0.19396770778741332,-0.029272010081648595,1.0680475684275899,1,F,Young
-0.35176344786816544,-0.6631553759517815,0.02845900836564336,-0.4553771829755529,-1.1821885419550897,0.5726339004217799,1.4410299299492042,-0.5343150915715519,0,M,Old
1.1873428102776,0.26175230982729225,1.50910622998099,0.9561063863810506,0.6286029444370298,-0.04891478229924453,-0.4551729965619234,-0.4905410189692215,1,F,Young
-1.4229300806171477,-1.0172335213595036,-0.5930364590343269,0.9724923544318167,0.0008140783737879277,0.32994923912869123,0.6223469864305152,-2.096831631125407,0,F,Young
0.28727889507419324,-2.5355869872561043,0.04275056458644157,-1.4460203925799082,-0.696967844287793,0.23113144006191752,1.3743293030290924,0.872038214179051,1,M,Young
-2.425878890932139,1.32081985269957,-0.3564356128608141,1.3637037403945231,1.2705582443672845,-0.30110758965952195,-1.4888025214775789,-0.18784954671313892,0,M,Middle
-0.4855214360624701,-0.8522003408125223,-0.5272067837956158,0.3547480260254466,-0.3382231925388686,0.5540980673998149,0.8309178180243775,-1.3550420875770672,0,M,Middle
0.3700110494903764,0.980044009044491,0.8775447144637616,-0.6681136778775452,-0.3863621796090952,1.2813825916951593,0.9344337786544732,1.4591348212944883,0,F,Young
-0.9063521372529358,0.21020149268938465,-0.6627573667762751,0.6043493113920698,-1.3394500642005291,0.1918003464296369,-0.3804446848857696,-0.7701227626327456,0,M,Old
-2.6320917157084387,-2.4812755945737517,-0.05689948987188521,0.3625722724987925,0.3917092752860115,0.18771493791551883,-0.41905893713076187,0.7491326155301983,0,F,Young
-0.44842182362621813,0.8172144243583296,0.6847353077395845,0.4203021217162215,0.919976635713342,1.9065472390999765,0.18518465754442612,1.3313848132938522,0,F,Old
-0.5595180029601596,1.8390884757718953,-0.6542770176077618,0.1308285479819533,0.14279202110043857,-0.438098033506178,0.5703291139354828,-1.4818008942612544,0,M,Young
0.1227635114220535,0.9486993371545267,0.6832911699765845,0.005575175829426661,0.9609993067520783,-0.9970556436652194,0.3920979096138279,-0.8212123348370881,1,M,Old
0.4639400762627587,0.7427576319887392,1.548598896329109,1.7134407204061506,0.04569815900466804,0.7403782207790592,-0.9123371906374899,-0.45262690455138843,1,M,Middle
-0.07135666565049167,0.8594638865545038,-0.41958332285452477,-0.5895843479731895,-0.6968812249258272,-0.7772414785037348,0.04208059864455564,-0.0312070379955933,0,M,Old
-0.8017391576606883,-0.9975104252427889,0.49967660835373245,-1.1393801758702868,0.8902573193368242,-0.17402929440930381,0.8407822236749452,1.4298306933082001,0,M,Young
1.1272742376020017,0.77595082045837,0.2872696914617547,1.761090873682177,1.2401624403667186,0.5511848520563423,-2.2529785154274724,0.21200275611253708,1,M,Middle
-0.3461058029216879,-2.57220149585765,0.8794314734480964,-0.5964811982777898,-0.08925372650945725,-0.48937287219386216,0.37199843287762746,0.7328072395527812,0,F,Old
-0.8225727927264274,-0.48013887557403906,-1.104442613585605,1.2351090081047675,-0.6886295749969827,-0.5354314623022758,-1.5235433017610271,-1.2726588256061615,0,F,Old
-1.257555556382981,-0.233127758656169,-0.6481781790530258,1.2230280486130216,-1.4975049695417082,0.5977569264646322,-0.47972179388185376,-1.2919128601087555,0,F,Old
-0.6138044357233955,1.6524248418996506,2.4044033205191453,-1.0742346175564343,1.6611767666890926,-2.5257823016983654,3.015968420129449,-2.1357937437301224,1,M,Old
-1.0767431965213115,0.28608002972197344,-1.4265677453930985,2.1528400805408556,0.2801107470878885,0.8938559242915247,-1.3515483507135857,-1.7960732134195638,0,F,Old
-0.14063856153303536,-0.1054475300156287,0.5436663090536726,-1.198576351466678,0.40165607467622744,0.1735508646550479,0.9180050928464553,1.5118921884722027,0,F,Middle
-1.2960171742695572,1.7868126096578567,0.3876884713588695,-0.3839446359825851,-1.8868470748873862,-1.2681860121094362,0.4493440595228642,-0.7047496228994842,0,F,Middle
-2.210009010367881,1.0955567407356661,-0.37927745309274247,-0.25416688650864794,1.2915673508298258,0.8095698131016521,0.37598059911460374,1.2370492979469128,0,F,Middle
1.0182898912856708,1.1236598645166351,1.3519144958436211,-1.0366654760716496,0.15024354750407456,0.1912598208089169,1.236520998904242,0.9863847229138791,0,F,Middle
0.1723828952020449,-0.37445933725711594,-0.8626238707987853,0.13052700719360485,-0.9706727782509457,0.5273675002482999,-0.5181995133842993,0.15936173039936485,0,M,Young
-0.5605455990065232,0.1004668228108308,1.6249635197352836,1.3199985441951692,-0.3399094907758693,0.09817856413586872,-0.818333036813386,-0.19126201798475503,0,M,Middle
0.4501059812254858,1.3849885656203895,-1.0324350395272075,-0.30933018722878297,-1.0573565713923248,-1.260594023101133,-0.6618177274798468,-0.6201155227678985,0,F,Old
-1.9582794885054422,-0.174878122875307,0.04109738810665672,-0.5353664432861696,0.900301294630402,-0.6048672631841875,0.06868881780865531,0.9915570840941254,0,F,Old
-0.6956305874442765,-0.6809561115440763,0.14759013102170776,0.21784909889753046,-0.1321228224908771,0.9584281984682048,-0.10399857775585787,0.809781164343528,1,F,Middle
0.5220409064759584,0.36841555616208493,1.1928946763723962,-0.3914037061875745,-0.47461501627025143,-0.5812507359428938,1.5805590413108457,-1.2495872459026451,1,M,Old
-0.4994827071806467,-0.40417650910454406,0.7492798516366922,-1.663938234051331,-2.052236148508901,-1.2061767823567648,0.939065842399203,0.928799645219111,0,M,Middle
0.08146751099226808,-0.11418794615164589,1.345756242514044,-0.12347936627268094,-0.8730085894032955,-1.0291968019751414,-0.08018320045346294,0.03161415836671528,0,F,Old
-1.3443311029556417,1.3763534124093955,0.43259199249586483,0.17330512499085632,0.49024584568114976,0.6014995794750837,-0.11281774649782919,1.0196702525776549,0,M,Young
1.2410025870551376,-0.2908931122532522,0.2331098082822797,0.33677321944587263,1.576818976027616,-0.7916304836636854,-0.9844166249986898,-0.01415666091575283,1,M,Young
0.9788600080639214,-0.08961379693312578,-1.0676880663615367,0.7736888890572954,2.097791461274373,1.0650339502233461,-1.347020331752768,0.667717025097903,1,F,Middle
0.23712236981234483,-0.022960776889776192,1.3204534144078774,-1.44828713194117,0.47875462200098956,-2.1529344878101164,1.1381780210567392,0.047841223468233524,1,M,Middle
-0.7132368646773845,0.05390530281797074,-1.1989666648378776,1.6752131927729075,0.1922568428940077,1.3693161433413774,0.01328282170343761,-2.1828718976623938,0,M,Middle
0.6933957847786347,0.03347241792243306,2.019555729254778,1.4477683339506104,1.551900920824437,-0.13881420163857544,0.22764793981008427,-1.6636505035965,1,F,Old
0.16095739958106234,0.15799816940156333,-1.1616977972140548,0.836629003234922,-0.908154918010753,1.4999008698138996,-0.18789392876828787,-0.7729815124410732,0,M,Middle
0.5338585265954289,-0.6880879362055938,-1.5095637470331122,0.5346346690477037,-0.5839833536854223,0.43531490225470915,-1.3397477904590611,-0.027364135172587786,0,M,Young
-1.75957834775733,0.10896546052342652,-0.19228042096816952,-1.1570015352423482,0.4503301053601991,-0.4066935751522579,0.5171174512125335,1.4353328240975458,0,F,Old
-0.15277979782604947,-1.9175279131702465,-1.5304738907296296,1.3509782328537756,0.5875804878970209,1.6553985851129196,0.10502922333364002,-1.762553236536666,0,M,Middle
0.6664554694216419,1.1988533629598397,1.0092215660173358,3.0921664078207463,1.8486789690189738,1.0809192758268553,-3.3040547847364423,0.2618577860794015,1,M,Old
-0.9989609014112798,-0.8251194348472045,-1.3395110214602461,1.2367170516470007,0.07676882379942673,0.33379590160006284,-0.889928507445337,-1.258117589585214,0,F,Old
0.03368381857283163,-0.3155647966683156,0.5864033223820687,-1.9567523989031161,-2.1997863185699664,-2.0020752289628287,0.9479923569673147,0.4886497608526748,0,F,Middle
-1.6213941586980138,1.070589409424903,0.06961488968184595,0.36943624771001476,-0.926794844376696,-0.22247517734659575,0.3895514940975529,-0.9770063162584929,0,F,Old
0.1593794395298056,-0.6547371389963904,-1.230241253581001,0.6482971999189281,-2.630993651354486,0.9896253879175642,-1.1594965343946741,-0.034904440096717976,0,M,Young
0.4394713959766908,-0.8451044581172131,1.5815365561381394,0.4178314649410927,-0.6215142161721762,-0.26898480027922933,-0.35634215798900065,0.16239045182835377,0,F,Young
-0.6362017916835371,0.9323809317049934,0.9578558401891798,1.4392722074399515,0.2960126873550599,0.6823157492572227,-0.9023517400213924,-0.0542100137668168,0,M,Old
0.189578909979803,1.1517110847881482,-0.13608326810626933,0.6112048503476787,0.3253116204744957,1.6571108530326035,0.06233329728688577,0.21572954662933977,1,F,Middle
-0.20874938380744654,-0.8258645358123012,1.0108680802613854,-0.6418125585135315,-0.2421181786121458,-0.6852662120536855,0.4055834856585883,0.6180166474002402,0,M,Old
0.7612579549637472,1.1951127963996437,-2.0503138023863143,1.456989555908141,0.024011134448579812,1.6823530806096771,-0.742403410287767,-1.5274439218959737,0,F,Young
-1.079521246416142,-0.6380872483344006,0.12126935277550152,-0.599228102734076,-0.9842614978270089,-0.7219815080214066,0.8637335448060938,-0.42918459366409867,0,F,Old
0.9480632501861427,0.17599959777746943,1.5293370452029262,0.5451863102567726,1.2367332906780715,-0.5572301115297584,0.8397970534653437,-1.5977218464262197,1,F,Old
1.8939956878939335,-0.31704133581286537,-1.8613706849367357,-0.45043541834253453,-0.3901905644597653,2.0630558857378545,1.0516704175738913,-0.3298666120490373,1,F,Young
-1.3800450464734628,1.2688736558300624,0.7445998772531653,1.2822544251506347,0.2707190003646383,-0.649115228913576,-1.3062579674081347,-0.3692776420516083,0,M,Old
-0.4100905525226007,-0.6675080849193407,-0.1992349092017188,-0.6182228752056458,-1.9353267430888232,-0.29974247435218404,0.35957554231665184,0.06113253434950607,0,F,Old
-0.42440693022445214,-0.5687326516070045,-1.5017523077501231,1.3440443289989297,-0.6977839216195324,0.38341460166932256,-1.183303673252068,-1.4118531375971801,0,F,Middle
0.33670308250705094,-0.0015249983777542735,-0.5366917247624746,0.8740721728623033,0.6230037196273047,2.063053523072668,-0.13907836780902952,0.13465240810409168,1,M,Middle
-0.2099160547691226,-1.2929249562828873,0.383542230942901,-0.060714371541452164,0.7107441199882325,-0.7967283918147696,-0.02212977977355699,-0.1648935205903915,0,F,Young
1.072228778766113,1.2162898531771098,0.9415337068266969,0.9020080849103709,0.10509890955847916,0.3099974428603183,-0.1014066325389126,-0.888731923585947,1,M,Young
0.10430851008529843,2.093652152178592,-1.5891173687362987,1.6884191826124029,-0.06371745543795578,0.8098248280098287,-1.2869450186464357,-1.6003103096138687,0,F,Young
-1.6170689029383938,0.27655954001821653,-0.1018223000738067,0.49344763575040984,-0.04649768179774429,-1.5983009643806576,0.17748583064913723,-2.067000678196641,0,F,Middle
0.015669745441453393,0.32890660400494914,0.7935670445792187,-1.6234703626943916,-0.4443870948538762,-0.5641312512500328,1.0382016646834495,1.4346685647861528,0,F,Young
-0.7778285894988316,-1.6510271301243709,-0.4525701280795566,0.19695956007526816,-0.16589961438281714,-0.8363772920507536,-0.055619868685973135,-1.064876921111029,0,M,Young
-0.9302673706736546,0.32622380349784336,0.16550658411849345,-0.7203586459408077,-0.5003285066037623,-1.0696458381701974,1.0375615905920113,-0.6625179176482598,0,F,Young
0.027045819722803933,-1.0702827781508617,0.820889080100026,-2.1415143775451577,-2.1265791004120196,-0.8679705961266383,1.633122081481666,1.0985892628449856,0,F,Middle
0.38539235607290073,-0.06371347558051375,0.5863456505707288,0.17095179273793823,1.3537342983044345,0.23771526215778124,0.22859580261374757,0.08254660262072494,0,F,Old
0.9842714669414824,-1.1853373192590702,0.2705823275787389,-1.075203663562019,0.38382042956969004,-1.3909118092293893,1.0177524129938895,-0.5995315401455444,1,M,Young
-1.0085566418272784,-0.3460542076916753,0.5850685094180669,1.1319321497561279,0.6031254803200503,0.32757980236719364,-0.8442210545361399,0.0349028361320259,0,M,Old
0.8231902057482079,0.07065078904256594,-0.020224597090909475,-1.9442181405357035,-1.1570148704926893,-1.726317404767937,0.7456873980985083,0.5624027266604363,0,F,Young
-0.1104200956087103,1.3569579309070117,0.15701146830007537,0.6009491402724406,1.3066105502645147,-1.9237526471632995,-1.320596221039689,-0.7665417940582268,0,M,Old
1.724449455381549,-1.1132708128220852,1.9502774088946582,0.0892639452949517,-0.6614337334939804,-1.1042697690518692,-0.1313870884393541,-0.384975262617875,0,F,Middle
-0.09688205123570374,0.5247178942613709,-0.6311837633421055,-3.054437549865998,0.8928234781080855,0.8531818083139445,2.4491190091935904,2.8441143593433713,0,F,Middle
0.054063692876909715,-0.7525185627558446,1.7580685144329264,-0.07013757375840778,-1.1413252693940308,-0.09369071695447997,-0.04980825943039734,0.8986201590656435,0,F,Young
-0.8871721998749776,-0.7145418211497917,0.06664609598866963,-0.5243995611733537,-0.18563392161082595,-0.9608636394108466,1.1676395114688296,-1.0782849557266794,0,F,Old
0.7267397120266479,-2.0957982667253416,-1.563504579468689,0.5270048031521088,-0.68637640912584,-0.7563235184978686,-1.471177427505798,-0.9691207118056283,0,F,Middle
1.310405798445174,0.6881314578747495,-0.06938406952390835,1.2575409387275223,-0.664405287208801,1.1131527410645587,-1.5997441867811468,0.2225979501505181,1,F,Young
1.375669039982416,0.4054668012750718,-0.861918545038979,1.0412486924616544,1.6481593732565747,1.1087482275368683,-1.6451971267627723,0.5454032295630675,1,F,Young
1.4964844175772902,0.28548112758625677,-1.7330563901784353,0.4811173167196661,-1.2222271302772407,0.9225831664388674,-1.2448079674733759,-0.10990229824906896,0,M,Middle
-1.3815407312450942,0.8949687514111431,-0.9587681505593848,1.798371578265819,-0.4817530744061643,0.8974684251729534,-0.7612384334583785,-1.668675632368019,0,M,Middle
-1.9805505936157415,0.7277847948788074,1.0990342255952432,1.5744472739780482,0.3021171509418318,-1.06038716256777,-1.6164492051045007,-0.4893828325128888,0,M,Young
-1.4471537083846737,0.5852870289505728,0.010735474975508075,0.30745654490954155,-0.5205211898329082,0.30602936311028756,1.0404334927257854,-1.212334638302446,0,M,Old
-0.23554039485847308,-0.3231187169942685,-0.45193229633615356,-0.2950807178004992,-1.3181995463532727,-0.9512506553596678,-0.1005944847283213,-0.5879433643963567,0,M,Old
0.4983694043501299,0.8170682302418,-1.0092156266289964,0.002312641402331079,-0.856917329501211,1.9957009349014032,0.7209074039971111,0.00022984982697777824,1,M,Old
-0.3881589704924524,1.6682381088099583,-0.5190481223806593,-0.09117715809291846,-1.539134500083051,-1.1874762515775275,-1.061824504619081,-0.02327292425772881,0,M,Young
1.1333348403480952,-0.9491019284751132,-0.7774053632525586,-0.46910595543060113,0.8993306278355431,-0.1944310080086491,-0.7128158952184481,0.9006948982001691,1,F,Middle
0.8168094868225385,0.5371151995153858,-1.0775728934353026,-0.048606204961800674,-1.1449288821204844,0.03590380731662255,-1.0331403575189455,0.3475617784764018,0,F,Young
-0.358544485789986,-0.9508755351870082,0.21444774890246487,-1.0452321161350961,-1.3335153730008282,-0.4530467687678912,1.1880073240135254,-0.012118711608371076,0,F,Middle
0.7436688556130125,-0.5545826992366799,0.8570525272233352,-0.32768919994007945,0.9209031222489807,-0.3681096965874466,0.47004931766991176,0.12417154810352252,0,F,Old
0.9368784094605299,-0.550363760511675,1.8945057220618875,-0.5209516743151493,-1.4020032453245022,-0.2348244299101362,0.5261142919188019,0.6703968428082508,0,M,Old
-0.1733387351764954,-1.0174919904076232,0.9707968969305694,-0.47301712894953396,0.000120464750449297,-1.1236144265311778,0.01862766791944097,0.4242982176826243,0,M,Middle
-0.5369164301867908,-0.11351409814552994,0.46000620613718757,-0.5617584192052942,1.0028003281559676,-1.1198238658397233,-0.0005856028639797752,0.5666401440783118,0,F,Middle
0.003257331716464586,-0.8376991445448193,-0.9600920793652146,0.11724782816124767,-0.13211188653546524,-0.593612393938236,-0.8471911603509423,-0.25844773095346246,0,F,Young
-0.524518836608684,1.3876653311285931,0.2723552452446712,-1.4823401228361375,-0.9510185140597545,0.025616187503211325,1.6322890523856328,0.7500051618822169,1,M,Old
1.0802336916644846,0.46189581740587116,-0.7386731986363703,-1.6240427593462516,-0.21188741670049757,-0.16348791083127348,0.5230774652506718,1.288792495676485,1,F,Young
0.7784334495916817,0.2261268706759926,1.4911803876173402,-0.4039555523771299,1.0173740783429097,-1.4625169560554936,0.29142488810869543,-0.09955386732363845,1,F,Young
1.241566553653695,0.7770006597994432,-0.9686563350466586,0.4203393658485392,0.9073377303232688,1.3607478620291567,-0.4506462479656244,0.25345105358470815,1,F,Young
-1.0120538005859296,0.057249439697832215,0.5084038355798167,0.34528986840278036,-0.3246683596598722,1.6522468112172601,0.7722473638034826,0.3903711490746879,1,F,Old
0.7157787468672238,-0.14776563676747487,0.1598283242991252,0.5391624719862694,1.4966339239778057,-0.157256971108876,-2.1531026481095665,1.6579588922480626,1,M,Young
-0.06501838936669191,0.06895193590356781,0.9544730917333143,-0.7867521198946817,0.2299645635733908,-0.7469574951811034,0.7289038484187669,0.4331730519124325,0,F,Young
0.32043363702679,1.1758249551431723,-0.28526147224572435,-1.5654201540845778,-0.5399170429689001,-0.1348327612352395,0.9797366408304089,1.0674153283913772,1,F,Young
0.6193365652005804,0.3903903699695517,-1.3743093933817216,0.5723452211477166,-0.9730773694435129,1.070957654063931,-0.6270662488528363,-0.40945255978450784,0,M,Young
0.6334479833921126,1.5312883579950956,-1.363115783757177,-0.5611136846440475,-0.27416539929064737,0.8107702671857092,0.016571473310477158,0.6554084217347448,1,M,Young
-1.3824488991772428,-1.3806581753420164,-0.03405933896168049,0.07002771025807092,-1.5669240884654525,-0.424170208088459,0.10014100354837108,-0.5115089887731366,0,F,Young
-0.8062349664733115,-1.0028354980462257,1.268141310236925,-0.12005517431318537,0.38953217660494943,0.4269541831078948,0.5216592570238971,0.9325615900600159,0,M,Old
1.2970191882923034,1.4094330363090888,-0.738072956912588,-0.5201911623033696,1.2984820893798514,0.17138186669336797,-0.44782056786147195,1.026389363393303,1,F,Young
0.4270488147973768,-1.3156726419424742,-0.32838071276823955,-0.9396462999051151,-0.12048837892535894,0.4020171873522619,0.6317479917736072,0.8828875080363718,1,F,Middle
1.0839865042495758,0.06936155796994936,-0.08528213585219016,0.8637082252038764,1.0292404015187449,0.15621117303488843,0.04748764272629407,-1.5690077639081828,1,M,Young
0.9977198211106715,-1.9640947995697313,-0.8251224942520612,0.12442023375034866,2.460879727013762,-1.142803461964306,-0.6510627798653895,-0.7430447179596094,1,F,Young
0.7621420876945094,-0.49310316724045494,0.343914092545421,-2.3223210936200616,0.10164994669186096,0.1856444314187718,1.6137403210687902,2.2229325861615785,0,F,Old
-1.3627567950265012,-0.03963110577243571,-1.7225912026309567,2.3890064967171267,0.38930040309705355,0.6044494940375056,-1.3740171843321405,-2.496677699638536,0,F,Old
-0.706449116299271,-0.12795779095779838,-1.3716117655771671,1.4835398485250688,0.6530225339976936,1.0218965012895933,0.12055229326904299,-2.304976660383299,0,F,Middle
-0.7018282738469117,-0.02041258496328834,0.21479687521589721,0.5123625754983804,0.6526688469483579,-0.4298433026015415,-0.6243081142033586,-0.09215103709915223,0,M,Middle
-2.4027178328563092,-0.04077307100722452,-0.00609686204637675,0.3728030980444096,0.11393938661287978,-0.9863074837493996,-1.0574843620616639,0.4197508354398276,0,M,Old
0.4089346970624289,1.1130687549046343,1.8935411028894116,-0.4666450737798207,1.186715619907521,-1.6424868785177145,1.3838350177747651,-1.1015598109055968,1,F,Old
-0.7923129472026742,-0.7888956016810732,-0.3507710926647914,0.28470731706747693,-1.4525132877651783,-0.18452360275290314,-0.03962010651844198,-0.8214285089131934,0,M,Young
-0.0727612613624414,-1.308651092857286,-0.8465200108238938,0.010287317908351966,-1.1844961533821756,-0.5022761766591742,-1.2686343326238299,0.42355780296588896,0,F,Old
0.3559136961123541,0.9697817311854513,0.06417985472666692,1.1338036181419515,0.3572869302028094,0.3805979626587748,-1.0316842519812393,-0.3847370958310154,1,F,Middle
0.532316975821583,0.029086051670030037,-0.5932143913710339,-0.22543964702447783,-0.132575905101798,0.6759766001137292,1.0107008890411038,-0.7393609209587263,0,F,Young
1.3765716683279998,1.4277594125678472,-0.7531946847764509,-0.7965637805829702,0.3902967585947227,-0.8522602352722977,-0.004656300197973066,-0.07484049286751976,1,F,Middle
1.5334032816598322,0.6397873270819739,1.6252705048754994,-0.9449302810533377,0.19836096449150425,-1.247037400642772,2.258538362270976,-1.5889368958352732,1,F,Young
-0.3161746754629958,0.17641913398348147,0.24568260889924276,0.0421872221591472,1.188480157864097,-1.3773119419689854,-0.7708841654475236,0.08418167923166059,0,M,Old
-0.4737541183215453,-0.8491174698958882,0.7040482947365876,-1.6584994700304263,-1.7757319275390302,-2.729173745382212,-0.035166208350417234,0.7977474525504364,0,F,Middle
0.3162968866340226,-0.6058717344191041,-0.8945674205957875,0.44767893149281723,0.8697574877340919,1.3944476283477212,-0.7128291464319692,0.8235685291113009,1,M,Young
-0.12219241474631144,0.027304990342844254,-1.0804327253232997,0.8147521858462219,-0.28025968239477866,1.1194229623550984,0.24381007521994416,-1.357201477786149,0,M,Young
-1.7525892388790782,0.7074063693797977,0.640223232936267,-0.9773205184824177,-1.3680627785657293,-1.3917554862834938,1.5863014357625547,-0.8092897943798459,0,F,Old
2.015046457957356,0.4604708675901738,-2.2821281792584096,0.8102669064654121,1.871986454047746,1.147186064506382,-2.036912030603824,0.509999278706747,1,F,Old
-0.8198709583789913,3.4347108611335875,-0.7240946000551288,0.4228803568874318,0.2107444608069485,-0.8523591662407,-0.12878739377948115,-1.46114501941063,0,F,Old
0.829657130924834,-0.6336125347702423,0.07245039707043824,-1.4290133861741268,0.19064358985493604,-0.8619685692693929,0.5180069868965835,0.9522408007626059,1,F,Middle
0.5855961823776968,1.3096987952380252,-0.011155041121275596,-0.654721638222238,0.43960416066803815,-0.09458794137992023,-0.2600454362046149,1.264349300426658,1,F,Young
0.3264943070689259,0.06979824164366472,-0.21752915840661244,1.4346253358683982,-0.2283596377600937,0.9513169061076363,-1.6103711831562988,0.03337087386980215,1,M,Old
0.04639021129043321,-2.1614198816922294,1.065709343997398,-0.25124250128182996,0.028269530017898593,-0.8531292764899581,0.9920100397780723,-0.8873833928392383,1,F,Middle
1.8658101476787692,0.5491105820285963,-0.5062018452906928,-0.8438702555051855,0.41021234932024186,-0.4264172971432359,-0.9538304716341118,1.5199658899443127,1,F,Middle
0.7527287548313626,0.08945068325993967,-0.010150979037673922,-0.7814356506813409,-0.7927671178148012,-0.49415832388510533,1.2582568403610317,-0.9114888025890237,1,M,Middle
-1.0137650031172987,-0.2322021959863475,0.31224972335624085,-0.40099628964808154,0.46857044791643154,1.1737909519496952,0.5646223792478978,1.525039103905329,0,M,Old
-1.7733892142629422,0.8701301191317842,-0.8373457842318525,1.658251680809619,-0.019376754405094995,0.1863036490285771,-0.5021274096422853,-2.1011921122128188,0,F,Old
0.7902043282418575,2.6472255866305128,0.48401378624727287,0.6919741354490647,0.24042592234916407,0.1429767142191351,-0.07363582736788532,-0.8685547412791709,1,M,Young
-1.454026204749256,1.2919856477947487,0.2518643313202563,0.8061747264216746,0.2922601209282488,0.5870332140900363,-0.7239256485438755,0.5480154543800073,0,F,Young
-1.0780058025739792,0.4364467190025037,1.0509124776814052,-2.4302853732055256,-1.6783289991464443,-4.021420138368598,1.3262914819433982,-0.24050643659933718,0,M,Old
0.06515958505415921,1.108660382126465,0.10328972224372462,-0.08553062655950787,-0.018363636468941874,0.62205095466374,-0.1895198924777799,0.9417919719023379,1,M,Middle
-1.2266208620638486,2.4731616094745634,0.6668148677547194,-1.056025002332605,-2.2313525827718212,-1.2203517963718356,1.0447378786169583,-0.13858613465834352,0,F,Middle
0.12811930978532868,2.3877919054741032,0.6468790188845566,-2.297162945919224,-1.489547670335035,-1.965839925416997,1.0100193662778627,1.1510462466538085,0,M,Middle
-0.06110140293450806,-0.7834286495390889,1.3879438291262705,1.7165347024851882,0.08644233633192938,0.45135440588615605,-2.0578959405805657,0.7162882149883947,1,M,Young
-0.31442001037865297,-0.017845519135121682,0.8107208337188958,-0.7578806007266721,-1.014976299253872,-0.8650258289716786,0.5466450513552443,0.2869465809777606,1,M,Middle
-0.17287763207998091,0.8853527823821429,-0.015170048470564652,-1.7772907505307323,0.7263850710950401,-0.8377281775438249,1.111529647644394,1.1546213930063522,0,M,Young
1.0648991202595564,-0.25905496070340484,0.11862623178329844,1.0241857560591825,-0.38018907613291375,0.7020458722002786,-1.285750885296562,0.11156824909638624,1,M,Young
-0.13318906547527432,1.047355499219453,-1.1196471786540154,0.48376840351101,-1.0987356261308439,0.09426259003152859,-0.5629494073819823,-0.8481855394489167,0,M,Middle
1.7112747231525305,0.05009895269590378,-0.44589758251012,-0.027085448227288717,1.7732779596812025,-0.8096902242444376,-0.017936626936088038,-1.0351846952956638,1,F,Middle
-0.33694249050811276,0.7150813724458738,0.4776055027717833,0.7466364700142817,0.4964881496904331,1.0419022429114686,-0.958312507944759,1.1891989519508364,1,F,Old
0.5431170645189843,0.7594882715893541,-1.4256454465744177,0.44573867943610385,0.08028178872544905,0.479356886897889,-0.45346473812461546,-0.7465834026325807,0,M,Old
-0.9474165156258628,1.5516457183699297,1.2978054274683601,-2.0721751317591055,-1.5574664302927774,-1.9814718743200364,2.102330851881578,0.08140488369425863,0,F,Middle
1.8310086276092945,1.4580188908075347,-1.3954687065803317,0.445313953980417,2.6259898933493115,-0.6281981522294422,-2.832216936159336,1.241181759453385,1,F,Young
-0.2344014632705914,0.5113487359219758,0.7229603210732917,0.8937414546336908,0.41010849661919047,-0.6959380978528806,-0.8837719097709575,-0.5343592393024923,0,F,Young
-2.088541898020276,0.8989867659118725,-0.2997468847032218,1.2793718993740315,-1.5705204426818975,-0.17545148852466644,-0.3035152344219396,-1.8580024922561884,0,M,Young
0.8869615879743904,-1.1833324176884144,-0.7637317584540158,-0.1962679042556855,0.5989604094367357,0.8313723507457079,-0.04708954113067705,0.5352884167870224,1,F,Young
-0.27555904074098087,1.803308839020033,-0.8397738601622581,0.21194916937382763,-0.5421531185432067,0.057252214328273765,-0.12785114385303226,-0.650865683119943,0,M,Young
0.625498371432127,0.49624546587646995,-0.7542696360056673,0.7188957550340553,0.34917752635183563,0.4517660962872318,-0.10766446948181914,-1.2508570167849713,1,F,Old
1.868070076535824,0.6997777062783852,-0.6037090492744819,0.4635290930739595,1.2008919732696042,0.009903918380693344,0.08212300339108639,-1.5175232894245025,1,M,Middle
0.16678380009356747,-0.7516178571094773,1.5423128965070854,1.015092791596398,-0.5933341092997887,-0.33927479801836125,-0.9722547301859107,-0.13218987526327386,0,M,Old
-0.29467228688925373,-1.0501396761376975,-1.148765724284314,1.0414062090791902,-1.309134603992985,1.5430456139698772,-0.5667081253331708,-0.5729070848271691,0,F,Young
0.3367741742835177,-0.2531064411178911,-0.6653666802831439,1.2305859322249073,1.054721050355223,1.4179056643123011,-1.1906690649684244,0.22647890413315838,1,F,Young
-0.0921298063098192,-1.1262585902386848,1.5327314374081884,-0.052416109369240994,-0.8021411589453283,-0.6452900662465022,0.1665454846730148,0.10377039505025822,0,M,Young
1.0720571762683928,0.42552535509601663,-1.6363684669335723,0.905553192167896,0.31181629957696,2.440607020898317,-0.1984674679410996,-0.3871981543748295,1,F,Young
-0.024757351736897335,1.0839078256891557,-0.37265999202022776,-0.4765048019161525,-1.6563070418317913,0.06589931631913151,0.4310688918987137,-0.10895418654563684,0,F,Middle
-0.8602862089475404,0.03472592800720855,0.6115739881791711,-0.9589359618942969,0.12514617025240468,0.48920353841969594,0.9917332455021809,1.4624917375859472,0,F,Young
1.20312219070179,-0.30622473409965095,-0.20350439072517015,-1.2027176868462208,-1.063088028997966,0.06478714116559406,1.055393884297558,0.26086209988792675,1,M,Middle
0.6509901280219806,0.3634493611448729,-0.8864930700184422,-0.21628189500410974,-0.06630449874260583,0.31550287584659076,0.5588832497427583,-0.7080642747133362,0,M,Young
-1.2279347160025242,-0.6545230192006349,-0.33768107815854687,0.6831003259201707,-1.736659409312439,0.791108530413607,0.2214959228578866,-0.9100348744240212,0,F,Middle
0.9543780455680421,-0.06568478993934145,-0.7070490282522033,0.5333944234480018,1.2614517768385851,0.5560911670525275,-1.7158057071808053,1.1643001328976137,1,F,Old
1.4430321485183581,-1.0991394814104591,-1.0516433984259792,0.6087704355244068,1.4005171285268756,0.5534802677910026,-2.095320266770505,1.187609495576894,1,F,Young
0.4904402963529751,-0.11958860401885306,-0.9592988972454808,0.22583878255061485,-1.367929272574534,1.3726376398965663,-0.07181252216125902,-0.01694669705714876,0,M,Middle
0.2613847169830668,0.3978716907229348,-0.6325974755815781,-0.750400231189274,-2.314943301167779,2.517235697975191,2.889039555424865,-0.8137178538858676,1,M,Old
1.2285325459069283,-1.5259688885900295,0.629904393162966,1.104148416360018,-0.4789264404562151,0.7950008197735361,-0.7801105978225055,-0.3196163006272676,1,F,Young
0.035343302689983626,0.036107165571803886,1.0483185206905976,-2.789468817744491,-3.717597567211068,-1.3282981130279634,1.1685723955990377,2.246442178136904,0,F,Young
-0.009390855653831265,1.5196406403807878,-0.48209102773838924,-0.5298417968752396,-0.11208059152219572,-0.325928954451544,0.9612103192180632,-0.806319467841858,0,F,Young
0.5281531526111755,-0.560479030301079,-0.33994576948818483,0.15159020013710392,0.7209014159055174,0.4901915476534895,-0.5797239754813808,0.6364907755256105,1,F,Middle
-0.043967204576954085,-0.14240683582772506,-0.5076797764510812,-2.155213782767429,1.2305410342986869,-0.4193392629710113,1.348346252909721,1.64400800329468,0,F,Middle
-0.2260965966070323,0.5118961135957146,0.1887490784481266,-1.1702657728977064,-1.4541355504044045,-1.8784111800728425,0.13656246158671123,0.1764948299098312,0,F,Old
-0.7137229993398064,-0.5465760410169844,0.676597280759171,-0.8717849966027388,-0.31510080739420493,0.25728242495516873,1.2142546107159378,0.7787092426806386,1,M,Middle
0.11711802043579797,-0.748743123928059,-0.12872213728130438,0.5921617264314653,0.509346878531783,0.6387909295662682,-1.5122890025533866,1.3147246839008229,1,F,Middle
2.0530488905495576,-1.9340432319422427,-1.920746960268755,-0.8503245712474112,-0.23698369897755953,1.5186388489702949,1.0453776609447853,-0.15129226331335632,1,M,Young
0.2554163953313669,-2.240047456117973,1.1816262644982185,2.0752796070180133,-0.7773342592212723,1.4345137212222088,-1.639734854814041,0.10430284852270404,1,F,Young
-0.7571593015581422,-2.005720330124211,-1.1767091413374187,1.6902127558109346,-0.23721378924851852,1.4895919938149436,-0.47938409367946216,-1.5613261015649786,0,F,Young
-1.8461332871910776,0.059886022475350985,-0.26016446543198896,0.7206526072674488,0.4473667456652105,-0.042495905167505135,0.7865480670621088,-1.8107389098622733,0,M,Young
0.18107627696862721,-1.3303511792544391,0.5291427129654781,0.2617581932610488,1.0496275096778898,-0.5220629664005412,-0.4258716536579817,0.034039066278481016,0,M,Young
-0.5545601499164743,1.2592575301493603,0.5862874517107151,-0.33532080933977565,-0.39947997352586395,0.4644957349148599,0.6060746669855164,0.6573169094728576,1,M,Young
0.3913049131829768,-0.8746783193550571,-0.936137017683224,0.28199744465742227,0.4278260249631248,-0.10975560061066356,-0.3724040636336437,-0.6939854252786523,1,M,Young
-0.22291234895853315,-0.8378553995650536,0.028973540719375124,0.34734092890044505,0.9012812069248178,0.7360666262749908,-0.4611100342517569,0.799767171269627,1,F,Old
-1.256133856559211,-2.2236658623949985,0.33096646620366116,-0.25721028814364016,-1.2840656235536017,-0.41605634375811934,1.0536547615427665,-0.8650230365291398,0,M,Old
0.9451067022185112,0.16288933040014755,-0.5490180871875447,-1.133507814340405,0.7204402037203913,-1.5107777564708114,-1.37412036213405,1.857421234421012,1,F,Old
-0.06139528849028679,-1.3386292183567732,0.3398823487225506,-0.6576040254951024,0.6001173289486624,-0.6956464247931925,-0.030887832042897464,0.8740997686614581,0,M,Old
0.7663212647269191,-0.10981867391753802,1.257548664623322,-0.965820444829769,-0.810741049456604,-0.8172464212410206,0.41516036072726287,0.8468962507880191,0,F,Young
0.9822136332520354,0.5556505749744256,-0.16780895484322847,1.5358499963302292,0.7159562632967444,0.679012022622346,-1.6791929617141637,-0.28158390903466324,1,F,Old
0.08523212003919359,0.5113172133142124,-0.29496966199170105,0.5209389413083807,-0.5755436874733159,2.2249872287062686,1.030981482297988,-0.5089576522435744,1,F,Young
0.3600783483253082,0.13717191148463864,0.054809783650648106,-1.2352926674252016,-0.37067447464655096,-1.1398812416490907,1.7069443044955728,-1.0152313831432214,1,F,Old
0.07245195728402777,1.0920090151339727,-0.4573536392262481,-0.5149831470064502,-0.5206623619421117,-0.5395117710501588,0.7343006114336391,-0.8144350279478059,0,F,Middle
-0.7561630413486236,-0.41063876728434767,0.17598627963288718,-0.3639797469269413,0.9259072796370964,0.48139527942560034,0.42517976246169775,0.9671697146307495,0,F,Old
1.6893193732809977,0.7190186757534524,-1.6133164807418985,1.1330418178638253,1.3742192333325114,1.497480462217816,-2.055941200012013,0.661287593253733,1,M,Old
0.24968294206080008,0.6149574380935258,-0.07686745267937392,0.42871367035898483,1.2574123686832228,0.6111164528160283,-0.6764049569963861,0.685707710609493,1,F,Young
1.2606055382609156,0.7081443798934526,-0.5856870255743502,-1.7907926932428964,-0.8552762486494707,0.19630915433674156,1.294436039957346,0.8971584711441469,1,M,Old
0.7737244716735588,0.39352434328078406,-1.1324880365320247,-0.4360847580724482,-1.3108927382945816,-0.5385466790999676,-0.40003532851101936,-0.28078482405873134,0,M,Middle
0.7179944461768766,-0.2099531801523386,-0.8737074679786129,-0.34927997760398743,-0.7011989651795868,1.544223365676816,0.8544316068071266,0.10299153270201483,1,F,Young
1.2027098436600665,-1.6883235236485312,-0.8581958753412446,-0.9505101119326218,-1.4506941015399397,0.18258339895634848,-0.18038569406819668,0.9748409148198586,0,M,Young
-0.4771405981613231,0.9720728074822071,0.6167206888750072,-0.14932142654632544,0.6934358048137473,0.22106938482887595,0.13934240941767728,0.8592780054400986,0,F,Old
-1.3283793840534714,0.15082305834529477,0.821722279356612,0.07061896199851116,-0.1508889453373084,-0.6352134587289754,-0.4096407752967296,0.6108384393764456,0,M,Young
0.3543316895148411,0.7429336358041697,-0.8804562817111433,1.0604376286611001,1.7592632717682573,-0.10048579687489527,-1.3545640882629864,-0.5943657083539146,1,F,Young
3.1450124243594817,0.23153719916768645,-2.112781728140094,-0.2000017818716474,1.158947848586705,0.47313259292711374,-0.8428453946586051,-0.06925866580843416,1,M,Young
-0.686602527122521,-2.1296765876531736,1.4174917234654438,0.5533777358344427,-0.315453193605331,0.3871242569782461,0.00713705481985585,0.30132884425654527,0,F,Young
-1.7380221004091918,1.558420630304156,0.8015212137662714,0.9310658862785443,-0.3626616971249393,-1.132660498689061,-1.3256104710376675,-0.13201146028400634,0,F,Young
0.7858323279728734,-0.33466370086216385,0.9029582178957232,1.6167293355477765,0.19809606382500752,0.6521562899909934,-2.143974409007132,0.686217998064858,1,F,Young
0.020998470747545874,0.7452393211694969,0.78284303180273,-0.6500066210452323,0.048520548553515765,-1.3465791994432876,0.2888928931142632,0.06586143780559725,0,F,Middle
-0.47005219758962485,-0.17840330382361508,0.5734150895473711,1.4281721826632496,1.8769745805955267,0.886093095373669,-2.2357594518847375,1.722440104150677,1,M,Old
0.39458535152888025,-1.1976929649860448,0.9329901237476255,-1.5141972149533045,0.0843770499101382,-0.6716336678194319,1.059664845003853,1.1948041588894267,0,F,Middle
-0.2197515690914354,-0.13974895649183308,-0.15380547380404896,-1.619221404771549,1.357705423125915,0.12410991187842088,1.1202306320785138,1.726670846172892,0,M,Young
0.43945720725577214,0.3573909273196459,1.152233154514388,-0.9849347485005177,-0.6935203522661424,-0.8661640039729239,0.6051459617332312,0.6543631866074494,0,M,Young
1.5380493786440164,-0.1733559442243949,1.6846485294646056,-1.080618044880289,-0.21839266796810725,-1.309826224596385,1.2798032329680629,-0.2737190879997248,1,M,Old
0.139130812094693,-0.7544645529740718,-1.315270098294411,0.8837789649978931,0.13248370457537065,-0.6740721199358766,-0.97711486634867,-1.6792775207768469,0,F,Middle
-1.401677047258015,-0.9273115739142347,0.3514559588169314,1.0809439442687319,0.8455540312036359,-2.0142146955156073,-1.4811957535496956,-1.103930581839548,0,M,Old
-0.6138945881793344,-0.5671598641020393,-0.18752082608403292,-0.3085892142835032,-2.009826274204443,-0.06278783630848848,0.11745414164805228,0.06925052964766437,0,M,Middle
-0.482605781515477,-0.0013513677983375547,-1.1389716931576865,1.09294286463932,-0.5963151225102108,1.4387331160436996,0.01411826222906155,-1.2773840368633496,0,M,Young
-0.8515938674732855,-1.6467326396661284,0.5369792789604965,-0.23396769022198652,-0.9839951485249941,1.5574278387647065,1.346498474155761,0.48621203865081974,1,F,Old
1.4582152371971107,0.6058492919148238,0.8025342677505992,0.027149940796704467,-0.2392602516092686,-0.29736477514004916,-0.5128940377277112,0.3521054909318971,1,F,Old
1.7891644176346653,0.5185066810335374,0.2526177021084378,0.7467934122321381,2.1856885626692035,-0.5980313161370888,-1.110768505799064,-0.4349744493797819,1,M,Young
-0.9554743130914953,-0.2172164431270347,-0.6549207002137947,0.5926018653926524,-1.1332198706390955,-0.14425370548060493,-0.6952490170968048,-0.6103009241587963,0,F,Old
-2.2734157648465323,-1.2173544320005425,0.7780250142774686,-0.675103134008481,-0.753506686583975,-1.4086183676303907,1.3999774429603928,-0.8091810258994583,0,F,Middle
0.691446528374427,-0.1750529979359189,1.1174940927340549,-1.1974186520484114,0.14658133540482285,-0.5899519600162543,1.2328261298377883,0.551984816271454,0,M,Middle
0.2833883930316553,-1.6872500089075022,-0.6680683395611166,-0.35765925868558235,0.23115281731546283,1.381540611940525,1.0353071252047548,0.1386428288200595,1,M,Middle
1.6411772612653706,1.316599378806828,-0.9889589782948827,0.4885243511455104,1.9713867127151516,-0.09266012717178461,-2.4784359209048117,1.3756758322732936,1,F,Middle
-2.0009157611487494,0.9108351050531961,0.6429349911999559,0.694541984401623,0.5771569993634804,0.07848489979262183,-0.552021298718547,0.5078694950653363,0,M,Young
1.2570803150205538,-0.34973274853286357,1.6789769361919635,0.20721306101691878,-0.8460182047466154,0.4286637110949771,0.10582986032010729,0.3737542749379706,0,F,Old
-1.5183316459599905,-0.4590207682940613,-0.17391708063251812,-0.2985338642759219,0.5395035182921478,-0.05509790422619712,-0.5049682076796885,1.447539997426079,0,F,Middle
2.068782465494358,-0.7147703308372684,-0.5246516278614858,-0.6934665714964935,1.3679908291107905,-1.1852909652260353,-0.08340643171417278,-0.33597306303817104,1,F,Young
-1.4093013592433008,0.7930408662850147,0.561400977656043,0.9882994433476573,-0.10058844120158301,0.33087384711125173,-0.6399907092965342,0.01843609753651233,0,F,Old
-0.17815836387265727,0.5686797394390596,-0.36764846599957685,-0.34355240098512607,-1.4831981675146433,-0.7111951194094149,-0.30105364137408946,-0.05404503597051576,0,F,Old
0.26317902311302566,0.1339655069913562,1.7694540860787,-0.03707486501531155,-1.5892711789622234,-0.0200062028518916,0.9902462939192366,-0.45689423288451897,1,F,Young
1.1668140157319187,-2.5137031612288996,0.4663772126320565,2.1420069228905794,1.234317977170558,0.9387980591439371,-1.7151357090743444,-0.6632992856474264,1,M,Young
0.8493400448329864,-0.2805028218598731,1.9383268946345125,-0.21545248897859295,-0.9775445525742263,0.910209165026595,0.8673994498057683,0.8292085241669924,0,M,Middle
-0.281344459097535,-0.3135366157152429,1.429570219660772,0.5419026480604359,-0.018273058168732238,-1.9032724503999097,-0.3435063509439689,-1.26235280658635,0,F,Old
0.9931481900565303,-0.2966758629816516,-1.266906883755129,2.375688930225146,2.358476621106768,2.2751504076570046,-2.3415126782451376,0.06707374874731245,1,F,Old
-1.3643516212148106,0.46131141769317247,0.009155556491524636,0.7138815802210128,1.4030137297594822,-1.2955286550255047,-1.4043413901839343,-0.06910019334785136,0,F,Young
-0.826028008597728,-0.7995918410466369,0.9410055061364061,0.2699587862629216,-0.39873150662035317,-1.1251708175518689,-0.5517450871432147,-0.0800264046507986,0,M,Old
-0.5711394322272905,0.9315711751586884,-0.5320704441660898,0.10690348882168808,-0.07602446025285604,-1.1271710080268416,-0.3074544688201762,-0.941395740954319,0,F,Middle
-0.7196665696440445,-1.138826703996524,0.38817659372387137,-0.3721494175749505,-0.3171801958156368,0.8567146968991785,1.3627845353568422,0.09392135150285913,1,M,Old
-1.548059467280108,0.9236612085431118,-0.017809553079289973,1.0979912436914379,1.3680829678047264,-0.17426631275780094,-1.229223805851195,0.04542844969059435,0,F,Young
-1.5617602240758943,-1.2562279993284513,0.21402145065918265,0.4928933464528104,-0.5403307545693438,1.0641973359126504,-0.24644965389337226,0.795389092628389,0,F,Young
-0.882495788476991,1.1655058258965154,1.0533005828942745,-2.0007400683562957,-2.1015197078204246,-2.273265864348114,1.3536831755011973,0.3640640552555451,0,M,Middle
0.1397094424921862,-1.4706276673323835,-1.4368456762393527,1.0850519194604136,-0.9853540220241461,1.5524524531514436,-0.5464020792080151,-0.8876571776605474,0,M,Middle
-1.0174746905798266,0.35023609096460634,0.5625754057586246,-1.2490159758022765,-1.9571003285116888,-1.6385134372583698,0.6413348841176887,0.2485197018458918,0,F,Old
-1.9655417359496985,-0.19047589146285174,-0.5986282951359605,1.4590296096794533,-0.13783050581552556,0.077486390982265,-0.14214139095024725,-2.1170048088733555,0,F,Old
-1.6732408444257223,-1.1545788777184236,0.48694435305639483,0.12617113022877005,0.3040383602852426,1.1725947640140624,0.29897036715881553,1.1810670721150085,0,F,Young
-0.575139723740996,-1.1592930799321304,-0.59646275258139,0.2622098765826303,-1.0255503940813335,-0.1408325327689221,-0.8579240865978585,0.10512927876974877,0,M,Middle
-0.689637176685907,0.9143686380448063,0.2063876421585503,-1.2676968666562374,0.5738542554977673,-0.299711769987467,0.6610870384014579,1.5126302503715994,0,M,Middle
-0.491427075292818,-0.027485166928102985,1.3016689533222303,0.25796535924820707,0.06831510050121199,-1.431938195414912,-0.258064968419637,-0.48054080678171257,0,M,Middle
0.3583079637450411,0.3900383818073465,0.058791184320895355,0.23552673936713725,0.13153683386145112,0.8374706054287874,-0.14835519204406517,0.448812350818927,1,M,Old
-0.7794458663791687,-1.2171355398644017,-0.04868786882713153,-0.7255657694415443,0.6806819193945183,0.6174924288217131,0.7411818242365771,1.165339051868173,0,M,Middle
0.19609000541986887,0.8365190567622828,0.6103336488208565,-1.395576162079678,0.3964142725319154,0.020831133303720377,0.8902217216721955,1.7024567205579466,0,M,Young
-0.08683694819914613,-0.9040807804463031,1.895051427416149,0.6827247198314381,1.3961937458184157,-0.8870421546031153,0.8210777401632198,-1.5929040842010276,1,F,Young
0.4077548759107287,0.38923693834970796,1.8043643546684307,-0.3647039775702524,-1.076040705257126,-0.7223748500726765,0.34112981367382583,0.34561865295236044,0,F,Old
1.0816915828685068,-0.4974507794783138,2.0510811539131937,-1.397636175004766,1.1180120263372972,-2.433143727454346,1.2823248570978154,-0.15405027117904294,1,M,Old
-0.3867876836202922,-1.4114763452686656,0.2776653163914292,0.3912760059064742,0.9164767779115691,0.7854583900347593,0.16744408692101606,0.20054128084076353,1,F,Middle
1.3923512586526243,-0.41370916652791656,-1.549596229683899,-0.5880151791025401,-0.09035360539755512,1.1105325296416728,0.39198048070940383,0.23597132822903086,1,F,Old
1.9076983994955308,0.06059955656999517,-2.0345282265748543,0.00011806299168696856,0.37315831767678304,0.2176283455674191,-0.41568881386277057,-0.9011675834117658,1,M,Young
0.9296552452024437,-0.21186904119461716,-0.5594586281589771,-1.1591845181665856,-0.9973890497079656,1.184246643382721,2.1345176999261226,-0.2697655306207243,1,F,Middle
-0.3027053686352752,0.5402241477118792,1.0325481709092956,0.17101255568610146,-0.16945478784717283,0.8720376158998884,0.33022824011895696,0.6901004828938038,0,M,Young
0.2821764060471282,-1.8304364200569252,0.2351307392778008,-0.09139473063766348,1.411478242666108,-0.11384863434115827,-0.04126537656395461,0.3924710482078434,0,M,Middle
0.3776688538146895,-0.45740781965722904,0.6446860942667517,-0.8805350035914796,0.47158195937042346,0.6226752687148166,0.8080621025515737,1.4152468281215473,0,F,Old
-0.030262225584629508,-0.19396313426006143,0.9266453765729429,-0.4162456144888918,-0.2962700457625668,-0.7683869319533201,-0.2575300520152395,0.8509335553882234,0,M,Middle
-0.48448614782451604,0.5289003690784463,-0.5762138643495399,0.33127390556254965,-0.21869304924290064,-1.4983885474936656,-0.19025643757808486,-1.8522380440550483,0,M,Middle
0.5944171977808795,1.2254034191539402,1.6473453257369037,0.9793605799266247,-0.03463729785467094,-1.2389936036023017,-0.896552409069207,-0.8907086595058569,0,M,Young
1.2033167331533348,-0.22808828455148972,-0.9674670197216043,-0.6679864291558995,0.48689067195244573,-0.8540393930222973,0.08038502316588342,-0.45939175344958416,1,M,Young
0.37040979554312625,-0.01902366900149334,0.6348346520670491,-0.5532367159177535,0.3517599968455813,-0.16539101155138186,0.48681244977979526,0.5441095178755113,1,M,Middle
-0.862723983550142,0.33508387381013327,0.0899628242134141,-1.5062034856310067,-0.28772896571675993,-0.3258015063234635,0.8161792853805978,1.556237073414458,0,M,Old
-0.600286744741029,-0.25611747772916194,0.17412869970419534,0.8106606531313185,0.024178560065992737,2.1895206638024836,0.7050771548751532,-0.1090605381773878,1,M,Old
0.22775162957235198,-1.8510608863168694,-1.3821593342575573,0.8516445157123873,0.0537478637835237,0.1352197267462804,-1.15865412669405,-0.7907679559671051,0,M,Young
-0.5525321310943795,0.8150795745237781,1.0668885186777628,-0.512880480034661,-0.023522073036959735,0.4174656093378099,1.0119497440557592,0.7670134876813193,1,F,Old
0.1123477386266265,0.3098136132877766,-1.7936220512529593,1.9626278210722556,0.24195570821781578,1.5829269676233018,-0.925990313250228,-1.9121309313062673,0,F,Young
-1.7207111916945546,-0.5098850282323049,1.290964951635126,0.45005895612053587,-0.6686560284773324,-0.6564308866838128,-0.7476249921456986,0.6309378941264155,0,F,Old
1.0295602227865268,1.4157120332937192,-0.8818545585481911,-0.11755494406130947,1.123589117458994,0.8397385296476872,-0.4001975362550449,0.8090818409848092,1,M,Middle
0.9726688362777566,-1.227579253635391,0.28519046378899066,0.4698844359426711,1.8813678274359056,-0.7128193945800394,-0.3467271168541213,-0.7903576338700649,1,M,Young
1.1187723686439424,-0.7714147682094116,-0.40039822328928804,0.379083021421516,0.40561891903102937,0.05779326429035522,-0.449295195280937,-0.5143614813251168,1,F,Young
-0.2958122670986783,-0.37508899099290377,0.14370670723819962,-1.05413741269326,-1.5978435611078585,-0.8771175546629344,0.3661912658020045,0.5260218828659233,0,F,Middle
-0.8093144370293499,-0.7416568494233601,0.7972305023139651,0.6778291970993472,0.15437790387951408,0.6203391389421156,-0.5130675280692767,0.6641519516623611,0,F,Young
-0.6302905036089055,-0.4487637976009617,-0.5220237316586401,-0.017799605507711404,-0.6321077672191511,-0.6793787069441773,-0.05782415122314977,-0.7115960609621634,0,M,Old
-0.30116285606366433,-0.6828427144494409,-0.8656298452245175,0.5557665450468013,-0.8460680515738913,0.48786051574829725,-0.4940898695040083,-0.49155212386600794,0,F,Old
-2.0472671400165905,-0.38820489622299914,0.504919122394971,-0.02599543843891296,0.49875795185317795,0.931778154125187,0.10783539641174876,1.6026933286492255,0,F,Young
-0.9101935265916656,-0.30613907015560604,0.9344477931342844,-1.8343486386480172,-1.459433823420952,-2.0372696136021897,1.7872189843272432,-0.19650027476635254,0,M,Old
0.9575491782940548,-0.35948750291608944,-0.3016649020837302,-1.1332245142676018,-2.571730974448738,0.5160400540775428,0.2560600110935097,1.250713195758713,0,F,Young
-0.32190020879564,-0.602269080546867,-0.42727028625212227,0.31237614668422126,-2.2929329833007315,0.11571024223526395,-0.8635510770781957,0.07396715332966201,0,M,Middle
-0.06103681835031296,0.31513532220186546,0.05904961089738704,-1.065166875966276,-2.032933093254226,-1.0040560221355124,-0.010983465260583655,0.7101958999004314,0,M,Young
-1.8852220385238283,0.1079215605097488,-0.09299826582965524,-0.591236466523295,0.7472963457253086,0.43930580993619245,0.5911269613944485,1.2337432772991226,0,M,Middle
-2.0272252614787725,0.0501507928688207,0.8902047295228815,1.5768274467504775,0.1834984639307237,0.9648147865975737,-1.1496058165729672,0.5495112967922305,0,F,Old
1.0072490107105034,0.36497928411717795,-0.7706501680119746,-0.12879020179131626,0.6078943427992688,0.5551057716629099,-0.15793568312275638,0.2831630775278728,1,F,Middle
-0.4041775411664437,-1.052981563137829,-0.44615849321462936,-0.37023316321980254,1.1375539509562738,0.5622623867381761,-0.11162711278723801,1.2794660124362827,0,M,Old
0.9790540099034125,1.1739503055694718,-0.09119881827975754,-0.66335510270812,1.0208881286651463,-1.2205854436681545,0.7657781404187448,-0.9612343661351358,1,F,Young
0.6126612437156717,-0.6945567959664907,-0.6449052522465988,0.1125029298342961,0.5829589928667588,1.120086228725204,0.14984753641511606,0.15220434367762373,1,F,Old
-1.06493147264659,0.5555863819095583,-0.08512175037603731,-1.2280041864620375,1.0083367809417685,0.5222238030287432,0.8055378028824635,1.9733462581952215,0,F,Young
0.4118020875679881,1.1616111870883232,0.027133987766686105,-1.3950801176368244,1.3713399208923784,0.00652796508867037,1.0522406180722719,1.2649053062714115,0,F,Young
0.16569443713859572,-0.24919418090277076,1.1865392467860763,-0.1784277816030961,0.03767324852196467,0.6810066921840773,0.400478403296218,1.041067334768497,0,M,Middle
0.04645071874984387,-0.9875506463481091,0.09008273319031894,-0.7863312651521752,-1.708853168378556,-0.17105441006074518,1.3887976470282999,-0.6898407102899929,1,F,Middle
1.1680878873880334,-0.9221683017627467,1.7103951751562256,-3.2820630088595903,1.0891087675719493,-3.805509507163247,3.596489431035422,-1.0793595157517677,1,M,Middle
0.009031106683106737,-1.839814182397249,2.2646248484311817,1.9016616610907302,0.15297196983272518,0.7613531933887228,0.42772002705895157,-1.8199384144478294,1,M,Middle
0.29871567672909416,-0.08337340975195491,1.6509080307141752,-0.2863206948671464,-1.028692157985118,-1.698332379459777,-0.03186250766753603,-0.2255763109023203,0,F,Old
1.4823444840423425,0.31079423286539254,-1.0708297194899166,-0.5152165710230551,-0.6053334345648813,1.3244226283775618,0.5181447277715334,0.3084084629956623,1,M,Old
-1.2386462604812833,-0.9626888080835847,0.543221329818928,0.8195073133606795,0.10419541899442643,-0.38383580478125456,-0.9703129065356549,0.07159731820568636,0,F,Old
1.3612884414834696,0.22455976414069895,1.3554791264080592,1.4451717661426597,2.1862958598465587,-0.34408751000671856,-1.2550853938485478,-0.5091606405878473,1,F,Young
0.5966003617643508,-0.6388561598894581,-0.7788804647928109,0.4880514568130513,0.491531611085006,1.3450452570335236,-0.34236385832648863,0.2025617384909271,1,M,Old
1.3473861218966212,0.23409789080627252,-0.7752277831476423,-0.0410277223362462,0.917053238682644,0.3177171304053588,-0.9882909312218918,0.8814839259697598,1,M,Old
0.5749146948238809,0.4191069495655611,-0.5335597420346737,0.9860600632705653,-0.9739129850440401,1.151569828754031,-0.8272384156954553,-0.32409892684373026,1,M,Old
-0.2861677904361185,0.8314945434160167,-0.06684514927972321,-0.7007090999914785,-1.208367496005942,-0.8175932277998134,0.4557215521442932,-0.19575397151008822,0,M,Middle
-0.8265777938592562,-0.6841069279283999,-0.020721878796910315,-0.27239829707976115,-0.29462283836919473,-0.6167589732112153,1.4734652648944686,-1.664762554794866,0,F,Old
0.8840537703302732,0.3371825463901016,-0.4678157183932945,0.22976022844793387,1.4309508608443877,-0.6139232680508708,-0.2432347093390087,-0.8922163956274226,1,F,Young
-2.0144814538673894,-2.083964051610847,0.6224108496219377,0.5230072502474897,0.855944650027969,0.3631265234712517,-0.17638549249559288,0.6314711714705243,0,F,Middle
0.5959639988308779,2.863389614502259,-1.8892161878912954,1.4279594654852843,-0.8714787166962987,0.05265838123012335,-2.4600848211039765,-0.8214225871196204,0,M,Young
0.031732586565397625,-0.7338628555705343,0.4706329608347446,-0.12652434193385095,-0.11068514587880647,0.9313323750467786,0.08065007725551292,1.154257587551315,1,M,Old
1.1918259229064734,-0.8589168396944747,2.9764111864712133,0.49508446009820806,0.48839314525692834,-0.6063079166698992,0.9517494524776028,-1.0512573176259374,1,M,Middle
-1.4041079421694473,-0.5900050601408876,-0.25740096968218146,1.1346783835144498,-0.7422188592042223,0.480466900111157,0.355542546603941,-1.860507120236681,0,F,Young
0.04416589127476953,-0.8085268626270508,-0.019626640843781226,-1.1051924403439715,0.4482701858484108,-0.3672354542902024,0.27495417404385836,1.3009964135182286,1,M,Old
0.19054177794328664,0.43206657945357574,-0.24185105658029374,-0.7346682861738564,-0.19872634474731996,0.09598014989668331,0.9124567154808989,0.03289138851234127,0,F,Young
-0.7149322889524506,0.5174529754210329,1.2343171682724245,0.05290025457560198,-0.15664364386380508,-0.8015212979555042,-0.14417746459393002,0.2559983070620784,0,M,Young
-0.11054452242927246,-0.6554667140284491,0.7539252857879054,0.6393110686965557,-0.4786804184420135,0.8254341051026253,-0.23847880774598312,0.27152597062089157,0,F,Young
0.5971001830118943,-1.1416745359798885,-0.4576695398841022,-0.12185701467728746,-0.3733040136685592,1.8845349745429443,1.3817469959696291,-0.30880571556556036,1,F,Old
1.0151721450043798,-0.7191806780456554,-1.0032156763871722,-0.10300930140447133,-0.5020451393731619,2.0650234736565176,1.1566362837099646,-0.3548851901183685,1,M,Old
0.09806076098961342,-1.0818825343489138,-2.0376206429107167,1.8038235252274422,0.015138262078796273,1.2135989367199667,-1.8135927321785883,-1.0638884614916009,0,M,Young
0.09149999455171305,0.8711323235425246,1.2840914896350057,1.2307965988337437,-0.6872665657165697,0.7078525106158531,-0.4766272033275589,-0.3433335541385618,1,F,Middle
1.8565791131835667,0.0946381214081672,-1.175483090700085,0.3062587085028973,2.4290979952327345,-0.33272495675248787,-2.4224592927451436,1.328029533221241,1,F,Middle
-0.7742222259306203,-0.11273198251366871,0.9529102290123673,-1.3865492564821482,-1.1948665248101997,0.5236822818964717,1.054835101137196,2.1108851789543293,0,M,Old
-1.0973425355207465,1.7585095046381274,0.7256950825838604,-0.23015695551890458,-0.1454121101134493,-1.5025929220968794,-0.48400838383553696,0.3630213111461504,0,M,Old
-1.1806457930751526,-1.4673881329481007,-0.07756336379774387,-1.1767327232689488,0.9081509188448844,-1.0136855111682317,0.3807475509336921,1.102727706073002,0,F,Old
-0.35574681978886524,-0.17668049542967684,-1.1669836888899414,1.382665169898829,-0.5537777086889941,0.3739093154252032,-0.6797596710067578,-1.8937571159339845,0,M,Old
-0.33481924408724584,-0.49575498145076513,-1.5049138115067366,1.1934138610887868,-0.048164679962136525,0.9593566208660969,-0.6859736019238316,-1.1794108872890792,1,F,Old
1.2701688360498322,-0.8768000866575877,-0.7868841406385154,0.3674149706668912,1.3725803508463772,0.5562112822370343,-1.2056189992233106,0.729984646768753,1,F,Middle
0.4181144269811148,0.31863731136965245,0.8211445476140729,-1.1214661181719279,-0.34357909459468694,-0.3257732512500658,1.0080492863329693,0.7410978072442013,0,M,Old
0.39171882577770367,1.1329900363448455,0.7612518373912286,1.010341141408105,2.1637898110917764,-0.860884376296641,-1.5017544044843807,0.0015695284417486296,1,M,Young
-0.4562347254791414,1.3780697601134388,0.742071224359369,-0.1247107881022917,0.5652723164941665,-0.05168914209167597,0.10760978643579257,0.6677430650781112,0,M,Young
1.211788431860664,1.3273401553768265,-1.3313484797385453,-0.006744420734573599,-0.6312819079773888,0.42642032824193254,-0.02834808603667097,-0.7564561793480611,0,M,Middle
1.1636734200242616,0.5955415449068933,-0.4634924144368561,0.33543683969197796,3.3876798577945344,-1.4933413431908158,-3.360342131898127,2.143146862994971,1,M,Young
-0.968298805120772,0.9668709137774046,0.44231689868067064,-1.0151341459662406,-0.9231711251955036,-0.827557219769279,1.3161438027569647,-0.18474945354585856,0,F,Middle
0.3130993800181372,1.4134100414264779,-0.30479504112271955,-1.029828263341006,-1.398078955010959,-0.01681861094115236,0.45015404466722575,0.7380150937085591,0,F,Middle
-0.07664096725854522,-0.880326971755511,-0.05692023427759874,-1.3043450272018602,-0.8517204429310358,-1.0272434187701112,1.1914295265266424,-0.2112721240965733,0,M,Young
-1.4245246691039914,1.6483369326827604,0.6148543901254682,-0.9019507521453365,-1.9420676264302217,-0.1405854104075356,1.1938595517849284,0.4067756879827576,0,M,Old
-0.029451749096643432,2.3148293938406597,0.6315811108494858,-0.41484724537848683,0.7626880799898488,-0.2242017914118125,-0.6223592993027217,1.74907402902404,1,M,Young
0.17756782876244717,-0.011216669974510016,-0.022643080893757012,0.02679988651270286,1.0160426025810214,-0.7743640045919098,0.5004639137784888,-1.2016948660293922,1,F,Young
0.1816477653888935,0.32443519158156864,-0.36571350036941663,-0.8712115160496371,-0.6641227121775627,-0.8615294935804468,0.4342282179902268,-0.11880912562687473,0,M,Middle
-0.6423959837356837,-0.6223303565748435,-0.9054585090396987,0.49999631747665196,-0.3631648791001612,-0.6252014794874736,-0.7937867195829067,-0.8441146523641622,0,M,Young
-1.313055846962139,-1.2644516170487372,0.2886436727070335,-1.3949878676624266,0.2120897412918472,1.5390382690674211,1.262061149473137,2.729487560660234,0,F,Middle
1.6572865075164256,0.4208375065785595,-1.727304283419725,0.8740199605289968,1.425245363722161,1.2779745920707979,-1.805978543374791,0.5713272889056146,1,F,Old
-2.2270834502576653,-1.048968084673887,0.1197856287991923,0.7819009743216763,-1.2411132120367852,-0.535125156237667,0.3839085612224712,-1.8085504414720697,0,M,Old
0.8307175922162641,-1.1992449812745682,-0.08502454947566632,-1.4441317533057734,-0.4172497348695224,-0.6334426039710543,1.5944409111484703,-0.29925747111801165,0,M,Old
0.7456746508858052,-2.2505894714293704,-0.9858774344611976,1.315449894257208,0.5216917397684637,2.5575810536603005,-0.33829882811306705,-0.3377564971662408,1,M,Young
0.09060886437494349,-0.8654460009447635,2.0318104569111126,1.7452539478984126,0.9448155100111643,0.17588656517440385,-0.9727495743575488,-0.40408480771716343,1,F,Middle
-0.3782370753606421,1.8475575635202939,0.8547521400543844,0.7706196421345256,0.24397348809387848,-1.4333304065711228,-1.2611298849931993,-0.4153515357714488,0,M,Old
-0.9251993014949855,-1.527719914703837,-0.6525166911962504,0.5015009527182475,-0.9073528399470152,-1.2507991808222132,-0.6856945550933411,-1.379185199762713,0,M,Middle
-0.731798708034988,1.8356118665572583,0.37060483034180886,-0.8251490267546714,0.20306549072670332,0.11831081661785794,0.6467230938799005,1.17252974117147,0,M,Middle
0.6318508158315099,-1.4470132183020943,-0.45714044174800456,0.49942150377334726,1.5067806117997944,0.12118025805331885,-1.980956332221101,1.4322187459757603,1,F,Old
0.9134366314575008,1.776547276141559,-0.09335041832171463,-0.08547287145284596,-0.12559005327320164,-0.27979520303338495,-0.4693609715667216,0.16051540724976548,1,F,Old
-0.7858494841695033,-1.07997237297822,-0.8074207913831555,-0.9528403779013807,1.7144166213621814,0.4555020922844014,0.6337236581811758,1.2818734322019896,0,M,Middle
-1.0330957059714474,0.8842922394421283,0.02284795703585881,0.03622089469254161,-1.454837858049602,-0.9048632154958753,-0.08186522993156864,-0.6859525426532186,0,M,Old
-1.2335619393456552,-0.6988464883946478,1.668163232719504,0.977457500230706,-0.4011007279234118,-0.9737365869366489,-0.7999019014882595,-0.35110404522407224,0,F,Middle
-2.1337232608677392,0.29635576611885023,1.3266135677927773,-1.5796333587551075,-1.2232378664395163,-2.444241736565571,1.849898085023474,-0.47972213896927957,0,F,Middle
0.89619406262272,-1.9870403410909832,-1.3832554733801916,1.677911439993045,0.8180247632474152,1.0810709810762882,-1.8057006105929083,-0.6796758053715851,1,F,Old
0.5591685560612388,0.9031047611047666,-0.991989214529326,-0.2105041674302384,-0.15724488191662986,-0.49281576171111185,0.503769498215091,-1.391171952003522,0,F,Young
0.33221714792495016,0.1578922968859357,0.1812432297571393,-1.6426664970683147,-1.5803150620349642,0.40477690237769925,2.3738335320632924,0.08911232086669725,1,F,Old
0.010860631972626615,-1.3874700459764775,0.8305765509417681,-0.24642512783232048,0.45243699583427127,-0.08148087802341755,0.3126003200900947,0.5174410420060622,0,F,Young
-1.3840227143162114,0.7523085970666901,-0.8237057671955408,-0.992097508208626,1.3689851649179674,-0.6819492612198418,0.24408110163919314,0.9362132300963547,0,F,Middle
-0.8642101007807069,0.4937369618465862,-1.886758225065656,2.626364074942307,0.6435541712936066,1.1365698238972073,-1.5789784005018084,-2.3863101288583635,0,F,Middle
1.1671280390689134,-0.5054209971028802,-0.6906407077428026,-1.0125576352729881,-1.4057503762639765,0.07875230288049187,0.02503250944056093,0.8581643522287072,0,F,Young
-0.5188468682824513,-0.33991869897308025,-1.1158506148732434,0.8767302513332208,0.2529891632544924,0.10155295043228525,-0.557146283635051,-1.2065364832031265,0,M,Middle
-0.8149929011165282,-1.2137862554237513,-1.891771465685216,2.396188053402916,-0.30810870857953787,1.6834297504394926,-1.7218415709160948,-1.5213559765915339,0,M,Young
0.7079148655316411,0.8783765402537097,1.0063219974099398,-1.3692536765998897,0.80004141191541,-1.9224893157071112,1.8862313451551564,-1.0335639810799198,1,M,Young
-1.9059764963018364,1.2953365006179076,0.19635382801696946,0.482170462629997,1.7058451351961994,-2.2201813761026616,-0.9290689172351766,-0.7343481165842137,0,F,Middle
-0.3937248416697083,-0.7563853886316395,-0.4149367590064245,-0.18644293294368833,-0.6264500734119843,0.0035316274459678007,0.050195545804070416,0.03054027144273246,0,M,Young
-0.6984932542226707,-0.07186374793197557,0.27291735209288015,0.2500784644141407,0.9499284204648242,-0.2912084480129348,-0.4290709344630261,0.3211829710018182,0,F,Old
-0.11439808681055469,0.7109194952934372,1.5450722834323947,1.3924171391497036,-0.7441453226531086,0.5598240224160925,-0.734905366605327,-0.24610493735628666,0,F,Old
1.206236653269819,0.2974437398194395,-1.4021112859071099,-0.36301303181988964,0.6349491215677213,0.83267948473627,-0.39833678609350165,0.8045041531000581,1,M,Middle
0.29791676573447445,0.7784945867156631,0.1770876019664496,-0.21339540192973572,0.33432802152579,-0.629092783193419,0.8383344831717244,-1.0962877723911522,1,F,Middle
-0.02933672627643093,0.27020412477099826,-0.8045964079697712,0.327902808643324,-0.9798146544332543,-0.12375482618267791,-0.4622046651253694,-0.7172163975683451,0,M,Young
2.2212062909144583,0.7515882357113439,-1.2231380348987646,-0.23309416768312527,1.2311297233003802,-0.49838003541715414,-0.4548024784161292,-0.5514551072297298,1,M,Young
-1.2872663933570252,-0.7968920426396591,-0.6656281247668305,0.9875772588768728,-0.07822190742206861,-0.5009349397897457,0.08208891651699583,-2.273524175510087,0,M,Young
0.5589917429816005,-1.0950776820105408,-0.49645725143306063,0.09288357353525858,0.45805779577838807,0.6418421122973016,-0.7315060806303474,0.9097094076436818,1,F,Young
-0.8334480900995923,-0.42024314983567085,0.781311782824453,-0.36781472327758,0.4812696950371161,-0.1939287065574327,0.26448717388747306,0.8819522283617882,0,M,Old
-0.6153874716647049,0.9712973335236839,0.330293246226202,0.2666385942844684,0.6004747124921123,-0.9257905598809535,-0.4621109842806452,-0.2528287394862194,0,F,Old
0.840998298245453,1.3409358806695664,0.978011851202222,0.8154336419770034,-0.5927709627108891,0.5071000194429139,0.013673511538179597,-0.7401487793733027,0,M,Middle
1.9285206074879901,1.4528911806863838,-1.4073203133582617,-0.19651536816947202,-0.00825792525778909,1.7850905750754262,0.9164178762833842,-0.5320856789727082,1,M,Young
-0.4106166210222975,-0.05622533094233214,-0.6654131868119458,-2.6282079943615737,1.2813238603131454,-0.9531331755097576,1.4084730101810263,1.9415053297935452,0,M,Young
0.3812216342946812,0.6991322284740289,0.17718005140235274,2.465064957935877,-0.7405541664861786,1.9246712353033706,-2.5079645412470946,0.2974596498190671,1,F,Middle
-0.09925457997922206,-0.6100611985198592,0.709687538725554,-0.9973289971625928,0.09042120370768916,-0.09147938397002896,0.8712697588236428,1.0308563970233156,0,F,Young
0.826292865694159,0.09151012795551657,-0.4510313191398237,-0.45521035892032646,0.13260191855607942,-0.43092169975064076,1.4416954330263483,-1.7575148788926411,1,F,Young
0.7314136316804933,-0.2881623681352638,-0.41608573950227323,-0.11471174983196361,-0.63138650301825,1.1681294801294546,0.07445017190726891,0.5789687823805304,1,M,Young
-0.857745659639221,-0.5472208523414247,0.9165353659467642,-0.867601115223641,0.0023073959413032787,-0.19063160948340427,0.6257100192933629,1.3163701721168652,1,M,Young
0.9039725416801754,-0.8631744406968649,0.6349433396109133,0.1405849594831167,1.111141695390587,-0.7492854903889309,0.6294060614015536,-1.3304073120806115,1,F,Young
0.8169838874705063,-0.004541851307639076,2.2692670604283713,2.037471088514278,0.1719224395377381,0.836832692515035,-1.047965259477312,-0.427604942250943,1,F,Middle
-1.3394513761057036,0.6302029377848541,-0.36684699413455,-0.02914283164675838,-0.46971993244517923,0.2059380474720875,0.6269426279130413,-0.4596731284070841,0,F,Young
1.2727858100111045,-0.6080697111871125,-0.5707237265469748,2.5144068934893977,1.2728817895038387,1.4110332362183438,-3.0904268330820583,0.13739690017785905,1,F,Middle
-0.550697103057745,0.8821270694948913,0.04294404482593341,-1.3981680330364015,0.7561505825460717,-0.015133044478108511,0.9558766400607401,1.5270061053311048,0,F,Young
1.5602466008418996,-1.0193162708343064,-0.9682125845292295,0.23859261737148407,1.2591627374687582,0.8459575509067628,-0.7514768367562216,0.4594987694297741,1,F,Old
-1.8938905184147516,-1.3459240934219328,-0.26846577586749426,-0.12701941686434876,1.1803536014858484,1.465810207541535,0.13933377111199646,1.8245486729131506,0,M,Old
-0.4003464226407309,0.16271558706952488,0.9628630556677912,0.4299952771020217,0.3628831112554462,-1.0030327472898632,-0.565622911375305,-0.21060146868767396,0,F,Old
-0.04606955488315726,2.1524149745315992,-0.018727920478678012,-0.12605354779887062,-0.13337287626232355,1.1496523757452222,-0.22417954460478368,1.443806411987061,1,M,Old
0.3928101523156105,0.11121436711981177,0.22569520724974285,-0.652208591286431,0.30371876880013954,0.0212252628051917,0.3559978725404543,0.784512256033641,0,M,Middle
0.7396866120395286,0.11931849821757894,1.6911384842270396,0.9721323524013543,-0.009550493690192532,-1.1849442231631344,-1.0087818122621308,-0.7069219398185593,0,F,Middle
0.011197836996373242,1.2465217983404941,0.10560604488586135,-0.10443132268572947,1.3059233139959678,-0.39087797658830953,-1.0534332941262032,1.3686207494034421,1,F,Young
-0.8998320706657669,0.0677171497661396,-0.18967912961909644,0.21459417649295454,-0.6779335010597718,-0.42648005465839917,-0.04297483660337676,-0.6619636356700113,0,M,Old
-0.5737616294437332,0.44493375358959775,0.2426510498630168,-1.037677464791713,-1.7115226868489735,-1.3581680109374485,0.2996812951598802,0.27709202334590105,0,F,Middle
1.4594244013192783,-0.6214990107345459,-1.1332560385571644,-0.3313450123701046,1.2083462029919938,0.2406229242597038,-0.6440608213786531,0.7167770749137117,1,F,Young
-0.482832252264226,0.178344538054812,-0.15689034169333926,0.4322717431515004,0.02208354394598314,1.6086653183870667,0.41481077489941454,0.17368572244657957,1,M,Young
2.0296327714564004,0.06189991851426725,-0.620508910263701,0.7461385168874674,1.9713617894612592,-0.3447820631146297,-2.2920922126990253,0.6044886014044125,1,M,Middle
0.689877799579501,-0.08422798753977287,-0.04096895472763606,1.0713883638795687,0.7342775985463125,0.26889970018552856,-0.9923555929953214,-0.5059218468916975,1,M,Old
-0.16113221142143125,0.0367373017615247,0.4845489147417753,1.1299177347639255,2.1139590108982236,0.28221780474435293,-1.8070742400195652,1.114160967325694,1,F,Young
0.3409169130880903,0.004610530977503711,0.19720072649947995,-0.46417356994993514,-0.7843415445037346,-0.3271663581305779,0.7075545210684883,-0.4298250169305045,1,M,Old
0.2134140854026079,-0.8509208924720261,-0.7161257993021074,-0.07817540197128338,-1.2218201500482748,-0.47309482081439846,-0.2587515499900261,-0.6131688012957256,0,F,Old
-0.5327203785082826,1.56993318562991,0.3628766980885462,-1.3800537450290724,0.28133687913178446,-0.1348794816654547,0.890107927898792,1.5734795198147244,0,M,Old
2.2537108121416196,1.4390811152626655,-1.817213312348888,-1.5537337524299086,0.5039916041885296,-0.3234514707551655,0.25176843370375895,0.5571204577822971,1,M,Young
-0.009940023636977801,1.1509150816999312,1.1507037497073618,-0.5582201869516733,0.836348456646175,-0.21522726956879418,0.3631644623182162,1.1244567168907438,1,M,Old
-2.243978850774021,1.3403073321707606,-0.6029730309205723,-0.7187263238775216,1.489964238608988,-0.03200862200656927,-0.016404752562391416,1.6988716847112197,0,F,Young
0.49615604359905124,-0.11220512042389301,0.5327768028155145,0.12569252290993246,-0.14691601146742653,-0.2695130305513115,0.1445964302652708,-0.46824497488818134,1,F,Old
1.3064862714396441,-1.732665132977845,-1.4614329753059219,1.0066066092467767,1.608988800965065,1.4907142329398064,-1.1220006206894544,-0.022204649584915973,1,M,Young
1.2727820682094946,-1.599277511507107,-0.9625214548458991,-0.15884379618248828,0.26326685768361874,1.0747376496465666,-0.08004535582763761,0.4527755058839105,1,M,Old
0.6651398063752637,0.00805391401015165,0.5783965264715588,-2.8103468973523626,-2.922552276774846,-0.9090348625640974,1.6125164402816592,1.806576057148954,0,M,Middle
-1.5271444758540547,0.4603105418366384,-0.368312839040342,-1.238357749922964,1.1988716384094507,0.37226808993980054,0.8025873322338412,1.8563639776529155,0,F,Old
-0.14357108646101718,-1.4919480146132011,0.9515573612069098,-0.2903955589716142,-0.5230380119232036,0.1327852121545694,0.40212048266237366,0.6221361014863178,0,M,Old
0.41404644232041843,2.6049872221755765,1.62061223598821,2.1412801454103083,-1.0407644612469917,1.4853852937875625,-1.2680905999724006,-0.244296210635305,1,F,Young
0.6033258867019342,-2.2528101317306204,-0.14922990571016398,-0.2002165479652504,0.9748961889684157,-0.009102747308391102,-0.7180848385315387,1.1079124217034255,1,M,Young
-0.5730197887706406,-0.5695074917425356,-0.8902822178511077,-1.9792760061152221,1.627289456072798,0.249434259881276,1.1570560289578127,2.1242715728967383,0,M,Old
-1.1011183002292946,0.6970945919757296,-1.06182727097202,1.5904028837730286,-0.18766593082379085,0.3808921428700166,-0.48976518213776254,-2.1610059149296554,0,M,Middle
-0.18636856947138766,0.4818531807645473,2.1649278632787845,2.2978110288831246,0.3207497803363619,0.9601728842655721,-0.9024097548658004,-0.718901758073545,1,M,Middle
0.2566916265939703,1.1316106906954468,1.5596720229907612,-0.21270875821592522,0.14581747818000718,-1.4179133120858312,-0.11461536826951671,0.13143697273549362,0,M,Young
1.1345951004786727,1.5858267447787853,1.4507370594422238,0.8367941275241096,0.79478134613541,-0.2539247705792272,-1.048015795722736,0.25479519371193243,1,M,Middle
0.09585986119455248,1.2648828776824863,0.6732479101284428,-1.022909511036716,0.5697139276332676,-0.5591512342173056,0.5852919500219282,1.022924772058432,0,F,Old
-0.0781890120757578,0.46343817585033287,2.0728626340347973,-4.063441408512024,-2.557138903920472,-2.8431642359169764,2.798404492068911,1.9829199698012625,0,M,Young
0.7707150527672049,-1.3671830090109518,-1.0387158314531906,-0.7846952306954662,0.20142674000569047,-0.6778876625825523,1.0755686200260608,-1.272510495017105,1,F,Old
-1.1163857555113033,-0.9252672197629092,0.08342116488270278,-0.41151549083466565,-1.308918959041224,-1.5811373563069926,0.5086282080021122,-1.1218268617490448,0,M,Young
-0.9902977788624316,-0.24114266826491432,0.4296889876332472,-1.319491050008214,-1.3901336273893472,-2.165395693914306,1.0821119845609728,-0.598819621003256,0,M,Young
1.5805471447207176,-1.3714885898291365,-0.9126107289505225,0.6641891485259409,1.6562075754328822,-0.06669883411370124,-0.7680580107177296,-0.9386938111267566,1,F,Young
0.4544138535299576,-0.6049266657498602,0.15271638162639142,0.6565463469434495,1.3611995522002571,-0.390062955963784,-0.2953964173792938,-0.919973577606199,1,M,Young
-0.4286469619410063,1.6566368212883957,-0.006799418781040507,-0.8020342085722085,-1.5127509412575613,-0.31397079989256166,0.8322395129196094,-0.020470945187131932,0,F,Middle
-0.14949545413356136,-1.400905732528945,-0.34286913588355045,-0.38270216786981737,-0.3961774415102292,-0.4187469011911662,1.2904120498973186,-1.4611924146441095,0,F,Old
-0.0693054408337437,1.3758806931272085,0.6423453894994082,-0.3454357457163967,0.3670959349846815,-1.0738556105384929,-0.05067883131480662,0.17654053967705677,0,M,Old
-0.05838498944249297,0.36317601925697973,1.38259871827172,-0.5494926978044395,-1.071400780791963,-1.014127784627247,0.09211765579326155,0.5941267415540538,0,F,Old
-0.05609473731534209,-3.061483710676471,0.6769399457737002,0.20571849193064978,0.8427365636034791,-0.8157029958030149,-0.30012678387377,-0.15842749532303574,1,F,Young
-0.2798600531808776,0.5704968919029084,0.04912866611766722,-1.1268865564848913,-1.805851681959206,1.3154579760555465,2.733005828704483,-0.4004137344824043,1,M,Middle
0.720281532180771,0.676975985590539,-1.0122764747779092,-0.31748188780220976,-1.6617544308591712,2.658205264233652,1.723405863171595,-0.27192258846038336,1,F,Old
0.7030056554968994,-0.5253734862545106,1.2219574717084138,0.10464115037674301,0.2840719782274109,-1.0579030416017505,-0.2785482898862054,-0.19392997814865162,0,M,Middle
2.5417209136912535,0.45907298680523945,-0.4907318996396945,-2.684487768861738,-1.8904089712448662,-0.8739033477744642,0.7554404062866688,1.7198991293464712,0,M,Young
0.0913277107153966,-1.6224761547425623,-2.302872448469491,2.36765408520061,0.45390795383115,2.0810125705849,-1.049222269528636,-2.2833093606903474,0,M,Old
1.07845674862399,-1.1239473641086823,0.04533244990821485,-2.0880858636311777,-0.7894379486168079,-0.7487548989911839,1.8759311387902777,0.3203663647226492,1,M,Middle
-1.4315521708669812,0.697902620584743,1.3277949374039684,-0.8994373200581842,-1.5876753289122973,0.8985675436911764,1.881638424307615,0.9266844809583401,1,F,Young
1.4973074797340595,1.5166753619567876,-0.20092668334415695,0.15998273974687358,1.0581165600812774,-0.5570954196957794,-0.5555352296010432,-0.41755146611830585,1,M,Middle
1.0525669865075107,0.32202155012040085,-1.131152521535293,0.10754883283619192,0.009551347596849944,1.8033261926489772,0.5718611231385284,-0.24071023360988558,1,M,Old
-1.0417158605284296,1.0071340421957682,0.6585211338947491,-0.08178704669714101,-0.21140313679601339,0.27257724821887885,-0.0014666643829445837,0.9818608005381717,0,F,Old
-0.6718907147651305,-0.45811461164771644,-1.79247418025575,2.1702302559041278,0.2913450778695542,0.5377875019640243,-2.324638670804053,-1.2757491342494909,0,M,Young
-0.3446194709088108,0.9707204710861266,0.9976627518851343,0.3790807036115298,-0.036876575761100004,-0.6514699521701744,-0.365560892336206,-0.12093628767781767,0,M,Young
-0.7666705026683084,-0.3996914323328058,-0.3886988270248813,-0.08428919018431229,-1.4236105632956386,-1.4737253939876906,-1.0701228325898828,-0.0793650588535285,0,F,Young
0.5938265901049836,0.7940404669718303,1.122616780803845,0.30462881921683993,0.3072025020196441,-0.39960594793804854,0.23144803021661817,-0.609568177600139,1,F,Middle
0.8679301905362444,-0.34042047062897945,-0.7670895366591769,-0.371775756160591,1.4309957640158337,-0.19248306303442428,-1.1072978836848024,1.3656316661721837,1,F,Middle
0.3599132675394218,1.4187508261967257,0.1856448085469727,-1.9145896003494425,-0.22521842061731476,-2.7195365991359366,0.9809948020563399,-0.23240735886545685,0,F,Middle
-0.5426175820689748,1.1030120630212321,0.2709631000266637,-1.3504460338307438,-1.9548905949051094,1.3082022018555999,2.7256761726832077,0.15490877003705728,1,F,Young
-1.2056675103754981,1.4305435770666302,-1.1848452933197726,1.646318555171347,-0.25050733230000616,0.42821068610312496,-0.7503551064858561,-1.9575081879553926,0,F,Old
1.067333855102926,-1.6606026020180251,-0.6956270256418606,-0.30685756896624705,-0.020898982839192528,1.2182450795590054,-0.16565196881296543,1.0899170616904645,1,F,Old
-0.5445978826421206,-0.2770903452233672,0.8490753332970052,-1.2480251766635753,-0.12025227367108998,1.2919172443019293,1.4634243974322407,2.091953666305141,0,M,Middle
0.5958715759136719,-0.09986936627097763,0.6997816896966053,-0.44261198544750346,-0.12714353339624918,-1.1052560413626966,0.20587083289928432,-0.20793011176881857,0,F,Middle
0.07183471943261531,-1.59214624534049,0.44967044403138573,-0.8236079257121047,1.4631196307534906,-0.8727572034582382,0.22049516577619419,0.87151752262943,0,F,Old
0.49642581184503043,-1.2687056138951383,0.8636279725098439,-1.1346913267651613,-0.2712638054678911,0.7317926696921306,1.0068381502127168,1.681610739347043,0,F,Old
0.2694572706518347,0.3487619204234665,0.7850050505508438,0.3523763464481978,-0.12338855824763505,-0.09691607330702756,0.6384376737567519,-1.09511994617898,1,M,Middle
0.06940414223136213,0.16849268084230412,1.364844837306272,0.5520892711554782,-0.620049219351495,0.8303611749022044,0.009686998824090565,0.40493532023724704,0,M,Middle
1.149552833215566,-0.38101225571736025,-2.0561820948127316,1.095984622973286,1.4093207957797342,0.5224452298465304,-2.2801126999994086,0.056607126496482064,1,F,Old
0.35395664393836923,-1.046479284499414,1.0998219225766108,0.23548680720672316,0.005482112146369621,-0.4929180916637722,0.1470693513875098,-0.4684470405397216,1,F,Young
-1.0669437403125457,0.1197348233990912,0.7736820007294417,-0.7959853586932787,-0.22083369903342037,-0.9369996501531972,0.2098830570816471,0.9926286573474945,0,F,Middle
-0.42222302530638806,0.5463737660970184,1.0212577686046662,0.15031659175146553,0.34569043001373767,1.4002676812952157,0.2567551147560368,1.3695726047103114,0,M,Old
0.41416718483869214,-1.3157782474661712,2.8749859068198313,0.9530386154293595,1.372230736950183,-0.8856700851488251,-0.4818439343256283,-0.07713416481301934,1,M,Old
1.2425317545754584,1.080654207257278,0.4303017722297283,-2.085455859444696,1.1829775845725408,-0.25516785201946085,2.130089934025042,0.9202076831632796,0,F,Old
-1.6966190852186505,-0.40553134895990506,-0.37996105263152774,-0.10265041141017123,0.8172033119269524,0.8565973155166298,0.32136547176687724,0.8746283255070915,0,M,Old
-0.8228365763396828,-1.4044085065141692,0.9725623798642106,0.6376243575064091,0.231078176619412,-1.4182674226238705,-1.1934803747973093,-0.07609311739354598,0,F,Young
2.266833062297365,1.086945002048569,-2.119072098856251,1.2378269695731703,1.7214494286818525,1.4942255602987984,-2.0097886003906256,0.04381959048462133,1,M,Old
0.6430927228380969,0.37885194646143233,0.6551606932327445,-0.6119492585408568,-1.0748047481056617,-0.43727653272395606,0.9869292677433326,-0.4695800070477695,1,M,Middle
0.9783059995294028,1.58336389629652,1.609133315933513,0.6503810423366867,0.5591767244974871,-0.2622889395019993,-0.012358894433028945,-0.5781693160925909,1,F,Young
0.6518625988773904,1.4827818005823705,0.9178907171161759,-1.0152075243793763,-0.31662840148595933,0.3589003796956406,1.018708891990625,1.1282393862066664,0,F,Old
-1.7241223925555622,0.528906291603316,-0.27104710724256476,-0.4114024086323508,1.7474390110401508,0.7793764961373304,0.2917545825816009,1.5893271169762693,0,F,Young
-0.8483786640043446,-0.13872377140060468,0.2345386187217258,-1.2589048144735866,0.36688189184434217,0.2703252285398092,0.876136885479469,1.750387520449359,0,F,Middle
0.3233037734377765,-1.8229577780161326,2.359118552446048,-0.42676275274705266,-0.5292896795426854,-0.9880486353280901,0.9584681347501652,-0.09040288086804414,1,M,Old
1.4016482934007999,0.3508344975088932,-0.22939106715520166,0.6255247135169939,1.1135898233947528,-0.14284831465437092,-1.069828365366154,-0.23029117208071972,1,M,Middle
