feature_1,feature_2,feature_3,feature_4,feature_5,feature_6,feature_7,feature_8,feature_9,feature_10,target,category_A,category_B
-0.5836753722338488,-1.4173420151759288,0.8480104034077219,0.6420616060081447,0.46280628989537936,0.04889603504784284,-0.45181640576083315,-0.5274402551891164,2.5874149252933036,-0.8411143056725804,0,Type_Z,High
-0.6066091630363981,-1.815973934070321,0.8305329468180926,1.0957958232596092,-0.3544879966983637,0.37531801579410395,-2.278896215799588,0.7671422180467473,-0.8639616558970646,-0.07448500424781955,0,Type_X,High
-2.0110726041028726,-2.5472232280674523,3.8463093219329525,-0.46268709466118685,2.6726785116761356,-1.7873378981938814,-1.157370809972173,-1.2695970590539907,-0.7263955874396307,-0.25145310446970226,1,Type_Z,High
-0.343846186020967,1.768862131295808,-1.3535122024619024,0.03501422302321881,-0.9194431532544791,-0.3469691653634464,0.2916703877131938,-1.0613622987100866,0.3811354235039767,0.6353043900247101,0,Type_Z,High
-1.2460011213303368,-0.6130494726260578,0.4901797102843955,-0.3229829863959594,0.08202839834926703,-0.5790390693935271,-1.1111510308936996,-1.713486055819648,-0.34329437156590836,1.4046090883421596,0,Type_X,Low
-0.6073559846734583,0.14940258462766737,-0.19763825900434093,-1.295371847978483,0.5345596345259821,-0.2316556469203633,0.05863245524255648,-0.48258332016432515,0.93580078486362,1.720246337539203,0,Type_X,High
-1.4378319251774072,-0.9736822173464679,2.5980254876280005,-0.20904249737820807,2.719718143322423,0.5455240258856018,-2.0268198759349914,1.276577102829405,-1.2479748263178017,-1.4484653216208963,1,Type_Z,Medium
1.1329140163475186,-0.32580547895646694,-0.6251241859185165,-0.8356909060503241,-0.015042968628290992,0.28751889431666866,1.2375175019419635,0.255081356433094,1.3273688786417432,0.7163679665239652,1,Type_Y,Medium
-0.031016114246463545,0.10739554881147233,0.8222688931514373,0.8786190060117522,0.6163932854988887,0.31121131185555345,-1.095666688047508,-2.3354102389852356,-1.3697971698712583,-1.7150561758049756,1,Type_Z,High
-0.3118715684898537,1.1501808955320234,-0.9943666931096861,-0.017011489322389686,-0.3989064897047266,0.4556387945030466,-0.716667898465126,0.012707940419306799,0.010088289838065239,0.5041726321948871,1,Type_Z,High
-0.43867406149409305,-0.4626516776894685,1.153025066968553,-0.1573602790026054,1.5202669537178188,0.14186885068307947,-0.7778392950658229,0.2124915280146565,0.537539152348226,-0.7863092763602664,1,Type_Z,Medium
-1.8192744258576532,1.9745693275125202,-0.3740538101066297,0.003224281779268488,-0.29816995101014404,-1.311586443765679,-1.0826726833885814,1.2620678816916528,-1.0837290092221854,1.0926327330506396,0,Type_Z,Medium
3.031206156142587,-1.1162056498187523,0.06299998958206653,0.6304139575790437,-0.31683343328899205,-1.7782987131782608,0.4900783515476583,2.2632005911803588,0.21817174941198222,-0.12382703468182152,1,Type_X,Low
0.4823450663665273,1.3642017127842565,-1.808917696582695,1.7970944210652193,-2.1746886617981858,-1.2434200947141112,-1.6844666437619944,-1.5365732830034764,0.19299776591843365,0.5650293487808851,1,Type_Z,Medium
0.618771854523658,0.6601439379159219,-1.4999101327353368,2.0658318672860623,-1.543273066093027,-1.518099229606969,-3.2074578180354183,0.24589166346237826,1.745216222726638,0.7150854334861919,0,Type_Y,Medium
2.0069218934700395,0.04090027712614063,-0.7236885922291038,1.4856811586668837,-1.0160610282784885,-0.5477908786430522,0.2738967439529798,0.32815841020444014,0.8610266942822334,-1.2946091593838478,1,Type_X,High
-1.208830826262117,0.49491328003195784,-0.24960355640934806,-0.1591175201566351,-0.2936152502134161,-0.9253796239207349,-0.8401508739041613,-1.428214062993591,0.31861626203469107,1.3990609242059857,0,Type_Y,Medium
0.36058390415292796,0.03469104212260401,-0.5884273669626977,0.47756367018848517,-0.37555481660945694,0.5947144798119248,-0.29124775377925216,0.558160815544725,1.1003694998804816,-0.3834004950043688,0,Type_Y,Low
0.8485347696178331,-1.6931936083136772,2.329702139841219,0.9763638579295705,0.4951093556649567,-3.068603631809817,0.8824182134527564,0.575662325859647,-1.0380846848398861,-1.2409579619341942,1,Type_Y,Medium
-1.0728584873456952,-0.8472757488750746,2.449594507381397,-0.0873660920133122,2.4599015286964026,0.011322920767233784,-1.2894602679518965,0.8947710466068369,-0.7550343574941569,-1.57195240476642,1,Type_Y,High
-0.24399893741557604,-0.8754525932147446,0.4354725708843324,-0.43361447980889173,0.6777109247408124,0.07289127660076763,-0.2973802814083989,-2.279598035323727,1.4371237720101686,0.42653902982340647,0,Type_X,High
-2.6240516714124302,1.0221432680318456,-0.027799729873001496,0.06024341299596428,-0.7666755385234282,-1.4686607232641584,-0.35110928318643697,-0.8658340906507405,-0.24269052857989712,1.3446047270882846,0,Type_X,Medium
-0.5987832984822976,1.1298594664866943,-0.904979532661724,-0.9710814901570147,-0.1364899678823406,0.018107652742632006,0.022889314069614735,2.3125715358433068,0.07634735971041241,1.5699393850487249,0,Type_Y,High
-0.668951713215931,0.6458683143490354,-0.5879003173594959,0.4489264475795136,-0.9474154087497274,-0.20245089168891733,-0.3237013925335032,0.13050916907075874,-0.3981755370456701,0.3785517625167338,0,Type_Y,Low
1.0497107672193886,-0.5418766772795754,-0.7850857012051794,0.22624010396488367,-1.0145322073274181,-0.4356409789587001,0.9414475670729491,1.2142360513628467,1.618430251679383,0.516009825271715,1,Type_X,Low
0.029587129096508017,-0.7501883381141132,1.1899113190857777,0.44414575796061784,0.523410191804995,-0.90089248183753,-0.08547873461404683,-0.530498670847669,-0.4757097080039026,-0.7886081558970066,1,Type_X,Medium
-0.2994798234033049,0.0017513226339005259,-0.2762568057659557,-1.1819690076069065,0.3817025816412066,-0.46513689884115766,-0.32755758834759413,0.9813618979538424,0.6744642358896337,2.0048773214994893,0,Type_X,Medium
0.04380459799920416,-0.4704640385749158,-0.14549304583307932,0.5618802685437879,-0.7585470656760431,0.21446562390206297,-0.8699392901911821,-0.6823322877800448,-1.104697420930716,0.2398302688098651,0,Type_Z,Medium
-0.1467397759338579,0.2198557631170608,-0.47460752248499555,-1.0504728459662684,0.2806357369629804,0.5383302407165503,0.07380336522910518,0.09250073774348622,0.35302291913983835,1.186279202071401,0,Type_Z,High
-1.4758225959506346,0.9222316906501722,0.18115887439303588,-1.0136082942118583,0.8373903883583086,-0.6858193539025187,0.05908177257704286,0.20255164785785496,0.8087922175754586,1.010391857744106,0,Type_Z,Low
0.4980848729804414,-1.363666024300895,1.288691949707561,0.4507157308893484,0.15360475492880007,-2.0068492599888654,0.37980461176570957,0.7056802050210659,-0.1500978839668163,-0.12429495621687467,1,Type_Y,Low
-0.10101801827653545,0.2455114954686803,-1.075613999520857,-0.06785475357794785,-0.997439331587862,-1.0476947061987159,-1.2832442487677924,-0.22804932414440884,0.49146863850281175,2.321468079540807,1,Type_Z,High
-0.252139879307103,-1.2911784612677826,0.24626085367103323,0.5096481361758873,-0.01746360927799268,0.31602094005005704,-0.24536134744654095,-0.7076021330055388,2.6187532057632934,-0.376444942829206,0,Type_Y,Low
1.4687217799118417,-0.975035165722322,-0.9057544726215714,1.31040728543137,-1.7471908008489625,-0.28060602194239764,0.41271537464340075,0.14242347616516457,1.4949851106034042,-0.22818745700860474,1,Type_Y,Medium
-0.24819583742653598,-1.1946375636882154,0.6792168159870152,1.4136053878067798,0.0004354776334815271,-0.0625316989086111,-1.0681008568731503,-0.20595011289019843,1.829259186858936,-1.3417979010737626,0,Type_Z,Medium
0.6941119840746129,-0.5978972595341875,0.746659717149312,0.49853154663147975,0.03265111407269903,-1.3241538675545264,1.01311424897782,-0.7292550350543594,0.22950848061327134,-0.8064252833097251,1,Type_Y,Medium
0.03571057066399597,-0.4117817283485704,0.3759718147681309,-1.0688966582081056,1.3283670087630344,0.4300207074286306,0.29210213433078386,-0.6025171396548147,1.675812863385062,0.2683813699361423,0,Type_Z,Low
1.2768931615626067,-0.5276864710327217,0.6881415030618235,1.0546224544362184,-0.38160037934856444,-0.8668663019702196,0.8022271997705424,1.355694458449241,-1.4967242562002907,-1.5364751909433576,1,Type_Z,Medium
0.9087980642844438,1.308817600047459,-1.1707498705079817,0.07204516611283522,-0.6517001690161965,1.2465294222020442,0.7411548768886008,0.7811312200860269,-1.1858769936803566,-0.6992892924660382,0,Type_X,High
-1.688044348042701,0.10252141382173888,-0.11130070031969343,0.7892539365588872,-0.47720233857177646,-0.24320149790965587,-1.5115651124427936,-2.986093148414506,1.3100259096742108,0.28819180023297736,0,Type_Z,High
-0.21055199211598077,-1.7205176330745993,0.32252188481178157,1.7535390441627854,-1.7974451061346033,-0.5311441546004899,-1.9250182734029533,0.5230182590752018,-2.030932260403116,0.360847895023455,0,Type_X,Low
1.691543478978432,-1.1605666400565469,1.0655997293411592,0.5729857775586683,0.3640635046941632,-0.9231163940060785,0.33785829455312366,-0.4897843112086943,-1.1885042248873507,-1.096634058358028,1,Type_Z,High
0.6850928409314269,-0.9861456114628228,-0.22965491792471548,-0.17353447776362205,-0.20556973001202428,2.1958655483671894,0.9526098223749764,0.9452990685762677,0.17027139089801088,-0.7952032479410062,1,Type_Z,High
3.1458266027991,0.4931858911104153,-1.4710891938922996,-0.07094240446155356,-0.70914479237565,-0.8847775180107982,2.0188177611208937,-0.3889197334644819,1.7655353261161497,0.0861783230238532,1,Type_X,Low
0.27405239847870877,-0.16217261518086742,0.05368033601478151,-0.6489062169078117,0.8614696725829712,1.0756897043428086,0.22887839733122137,-1.101219384716005,0.8335945425754208,-0.2875362626094272,0,Type_X,Medium
-0.7752152178285378,0.8333857362152326,-0.6691226355981356,0.9700917199716201,-1.092220485091638,1.0693371232631028,0.13123444236221976,0.07481105217924172,-0.3258267851453902,-1.136094032136207,0,Type_Z,Medium
-0.6222464751025242,-0.9101985939744449,2.014525380126014,0.18687544900783504,1.5332480638818153,-0.46314749977510417,-0.3856586394280512,-1.4414239917469223,-0.6626659709178605,-1.3921704730655886,1,Type_Y,Medium
-0.9315466475494679,-0.48945269512178635,-0.06502972461999995,2.5587909188513627,-1.9898738112644583,0.5947059343848384,-1.4715925933128442,-0.5530072894682011,-1.2943586107317613,-1.6017015756197532,0,Type_X,Low
0.6279795515171587,0.9504121764370819,-1.1444533982519174,1.3511970522936552,-1.1820321719784752,-0.033021388785908413,-0.46440961092610233,0.25448099762553733,0.6603580479933501,-0.819886614195946,1,Type_Y,High
0.24440189548991176,1.5257007671183493,-1.5537688704674886,1.2549623064298419,-1.4966959189568163,-1.276769870454793,-1.6241478030453147,-0.15273386749942758,0.4049256266936432,0.739658025185626,1,Type_Y,Medium
-0.7236443600954373,0.3826097291176902,-0.17606891196055,-0.968538552288265,0.5472958760570183,0.5140399072224865,0.40269336044738413,0.36369379859752543,0.9464693912614828,0.630924286291952,0,Type_Y,Medium
1.746758363063966,0.3709861693226708,-1.127733596289494,1.2614379996449359,-1.1877699546334868,0.4349617778568954,0.0757209816802903,0.39104190630801683,0.1842120683066918,-1.139836405502069,1,Type_X,Low
-1.2255740485656406,1.4856775097476917,-0.688825369268395,-0.690406985244768,-0.6403035129756375,-1.0594365683605682,0.6226747470098662,-0.2108626746502509,-0.5732304950899113,1.6078000824498804,0,Type_Y,Medium
0.3367399273828136,1.500703043181226,-0.8036742457852714,-1.177020822059055,0.8921371684547187,0.9157655895783804,-0.6160310279825852,1.3199488636729992,-0.6128882254351309,0.7313577197754225,1,Type_X,Low
-0.06217119107902385,0.624958264848411,0.1340572084945953,-0.6591757948097999,1.0378561559274275,0.830836156161438,-0.16030819363250123,1.131249504842175,-0.39991445354062743,-0.3516627156893198,0,Type_Y,High
-1.0427872939548284,1.5657491298225805,0.16196883140476814,-0.906352396290246,1.154075222326912,0.39222869734790117,0.06769178822669249,-1.1267093451119314,-0.7044182592586957,-0.17435846261660382,0,Type_Z,Low
1.751408206211823,0.8622065147807247,-1.2728621979387278,0.04813816234797993,-0.9567325998092047,1.4029863697629845,0.9932784764909653,-0.29256800466706717,-2.0134520828838824,-0.5745948306761828,0,Type_Z,Low
-0.8942679044756653,-0.01314502121838749,-0.41196566507838583,0.34809582031218916,-0.6953183509175749,-0.2835517483227617,-0.6698913719220937,-0.3101820209980772,1.007073880343073,0.7489218974656496,0,Type_X,Low
0.6902344193236323,0.31865303144572404,-0.17315195887444554,-2.157964476925793,1.528383636003202,1.346341944478102,0.8721699570399192,-2.5194949546423997,-0.14042797459210965,0.8704926333576942,1,Type_Z,Low
-0.6306157940765034,0.8308117704629093,-0.33913590453005205,-0.8038785096276015,0.41855256723392564,-0.20030195251545677,0.07012861280322294,-0.297666522078944,0.7895500566992745,0.8938114503939958,0,Type_Z,High
-1.497561030434739,1.0264081117825317,-0.45695755834428,-0.7582096605724494,-0.19595395291501286,-1.1354301418121027,-0.5365115748608643,0.6217942502980195,0.10157400868875048,2.1014402138533073,0,Type_Y,High
1.4013495545671986,-1.2499189032329823,0.8991277978712197,0.1625848757746477,0.3621264381760972,-0.9131421656272313,0.9818937910423771,-0.6736932710136665,0.017117415975413063,-0.6693051937804665,1,Type_X,Medium
0.3512496356861877,1.335524462003048,-0.9923644561969716,0.5552484636163014,-0.38555809194056007,0.7826525929392736,-0.6099628716294158,0.869532254189722,-0.20697392634651038,-0.7045455203432385,1,Type_Y,High
1.7966506608353228,-1.0837604400576304,1.7711840349956418,0.47057364531515344,1.4955971238681556,-1.4512149036639355,0.11973644782856363,-1.2465088149358834,-0.5864007767717189,-1.7070929416486489,1,Type_Y,High
0.2702126140383257,0.37674683126341574,-0.8247639190306729,-0.7376094934740914,0.13241188505617268,1.9923688831245183,0.9576209172687673,0.546237699096598,0.8873244272268727,-0.26330451605280736,0,Type_Y,Medium
0.5473930186724699,0.5013472707215452,-0.7905577627811389,0.7346991447965777,-0.6435285282044443,0.7791092927964944,0.5037819025227981,-0.6058371439596826,1.015723383698391,-1.1496138525783954,1,Type_Y,High
-0.09862599731759329,0.1409340903241365,-0.40753178442813615,-0.45961054641141497,0.1391192419606491,0.6319461821140587,-0.014347942733095993,1.3076488612093224,0.7489667973618279,0.4161715969268682,0,Type_Y,Low
0.6145290281052714,0.11242162029553661,-0.4837227644458937,-1.5165488389291744,0.8152023245259622,0.6617747784862243,0.2434464456228026,0.4087031867109759,0.6307323385592511,1.290843855221442,0,Type_Y,Low
-0.18403805686458005,1.2038331116620045,-0.9933519671629453,0.7904913204673897,-0.6601010504679787,0.1846188932669306,-1.9662140634311571,1.9553714219786924,-0.5809368571067073,0.213403384746917,1,Type_Y,Medium
1.2693327868252584,-1.8931218522474107,2.224928521141198,0.3836283694594187,0.7986029732370726,-1.6498058631354184,1.326419804775471,-0.18100608930748918,-1.6924804439090824,-1.444020509863515,1,Type_X,Medium
0.15572308522908357,0.21150564597771462,-1.0212643884904002,-0.022498573188830803,-0.7585370195973524,0.7634910272312206,-0.4456115852106439,3.177549005392919,0.18051482308213354,0.7500330900379257,1,Type_Z,Medium
0.30245379069923056,-0.9142641242432916,1.78601528263512,0.16630261289324835,2.019531800862384,-0.07568273079092042,-1.6557879615571864,-0.5909776338157734,-0.7417842748146183,-1.2924305075688713,1,Type_Y,Low
1.2415599870776426,-0.7815001118605264,0.07476506456801578,-2.660091107552991,1.1584504072010078,1.3010842544280274,1.395180025357727,-0.16619733176416834,-1.687932684377606,1.8106156313752615,0,Type_Y,High
-0.44981141575310046,-0.23698358282621923,0.01389107049369524,0.06496484355705212,0.08460053652829332,0.28410878632150804,-0.36661861468368045,-1.0273553496278716,0.9430147836436783,0.029572596629317185,0,Type_Y,Low
-0.3240545271697432,1.4064597690738336,-1.2352977411771247,-1.3038789609293646,0.1813100251388383,-0.4099584445060654,-0.6702188235545383,0.6210441434206574,0.8328215114147614,2.3960083015764466,1,Type_Y,Medium
-0.20464217253292535,0.4070933976940659,0.12739106708705503,-1.0727072110288558,1.1949813509795193,0.7878198459126695,0.3431811700304115,0.11002420900293178,0.5943997904281904,0.018849474626827952,0,Type_Y,High
-0.14070839124004875,-1.7058619293306247,1.4779431325794623,0.040383264474253805,0.21199284768420024,-1.1761498384718163,-0.00033792254692814665,-0.5208976713939915,-1.3051482996074173,0.3290616489864649,1,Type_Y,High
-1.4288982605281542,0.8860387772718921,0.038826026714342717,-0.4584898660543448,0.3174581274014414,-0.7230278763268498,-0.4443384753741468,-0.00246905815733054,0.25637440717345694,0.8908018763277601,0,Type_Z,Low
-0.04240558318889527,0.5087996690713548,-0.6463901014831371,-0.2600782720603092,-0.1301430660008522,-0.08110715635242315,-0.42241954059130554,-0.41465073008887626,0.6533047262455521,0.8273500635265568,1,Type_Z,Medium
0.0286854809124941,-1.3300121752020357,0.29485256259415266,-0.3372627713828775,0.14979746848527742,1.483155695662399,1.2539355542671367,1.0144124364498084,1.297813184717077,-0.615032240601686,1,Type_Y,Low
-0.6340106593476454,-1.1105164426642349,0.0411050267429418,2.042818830625187,-1.2911952711323271,-0.3458547444845717,-2.744202816388119,1.1120366079885236,0.2055495764813643,-0.11793248354362339,0,Type_Z,High
0.22255567941616977,0.5786388754700175,-0.7603140423495106,-0.14487380109981807,-0.2798805972759216,-0.2824959298360872,0.522071053687776,0.8146445456119681,1.580664697426935,0.39438817756272115,1,Type_X,Low
0.07387872302111895,0.03409929538077157,-0.5892596837390136,1.5034127618312036,-1.0651712861207383,-0.2697927957110553,-2.053192874840172,0.02208424653821345,0.06118435385520412,-0.08291312198745003,0,Type_Y,Low
-0.29895236050007606,0.8767755178788975,0.10308363114283087,-1.3724376815753363,1.3073937476356194,0.6149212703812308,0.2100779465360022,-1.5145105437727862,-0.4502205621415887,0.3822293310762427,0,Type_X,Medium
-1.2340149772872768,0.8772976598219756,-0.40243029104228323,-0.7365014042594962,0.06431280627237966,-0.09684467111261492,0.025274583088073288,2.3973322921318663,0.4967399398910061,1.1035724545650414,0,Type_X,Medium
-0.1918504324109169,-0.13189087988291226,-0.5839056696843957,1.2720932468652195,-1.2564902451936615,-0.07284736265147718,-1.3764147879606734,2.5083292791076004,0.06847266885454313,0.04984445692229545,0,Type_Y,High
-0.6889761187425589,0.2747978294341558,0.3296329365080931,-0.1983864943342144,0.6900032716921642,0.43921627375692784,-0.22059812376474927,-0.5799746971517675,0.3275758181504179,-0.4358837675038844,0,Type_Z,Low
1.8183901291353368,1.540308996212688,-2.5858131865894878,0.7122966382160102,-1.841950825217101,1.4274126763682482,1.2219879114196708,1.3509403569254936,1.2232784752894525,-0.7101148994699477,1,Type_X,Low
0.9665313933908829,-0.7241204602655121,-0.1894985237827019,-0.4086789158841811,0.1099310960887333,1.1842595230350736,1.2741816246932531,-0.6357501648569828,0.9633792807961061,-0.4763753045040945,1,Type_Y,Low
0.2671162420421433,-1.1704421834943233,1.0619104341488528,0.2622375629654657,0.515574515672212,-0.9872115735459149,-0.7020081079476052,2.0847452300539344,-0.2657338308175773,-0.006669289433436064,1,Type_X,High
-2.2850425588973695,1.7908901170661953,0.5076328341593179,-0.4168002319938206,0.8204237778759325,-0.5877426607658437,-0.49262912414627963,-0.32758950871676135,-1.017195242416783,0.035915376654036046,0,Type_X,High
0.4938094582390508,-1.1182713510233877,1.2721990307123456,0.20929187085813664,0.6615058830819578,-0.4702600700300624,-0.11630041210148671,-0.6476517269254463,-1.1662974321720223,-0.7131374768964013,1,Type_X,Medium
0.7594641558937166,-0.22772417482097965,-1.0042816185379606,0.4084740382471151,-1.1425944093878688,0.0921526953975798,0.03775434972596225,-0.17553085151765732,0.8586686439151426,0.5453548145135267,1,Type_X,Medium
-0.4960212378915359,-0.4103307092520189,0.13333181242897438,-0.0010681338500169737,0.09862472678861552,0.2847792695674097,-0.5252254382700445,0.0625460702598399,0.533059941364362,0.20511478045705533,0,Type_Z,Medium
0.4812206255382373,-0.763569931570915,-0.8147106549903919,0.1169337691454319,-1.0051757408980722,0.9381966206736406,0.4527634472177467,0.8671703028262461,1.060094573534909,0.4005891967927649,1,Type_X,Low
1.8987194903276494,-0.9633637903727558,1.6457454075792994,1.1655117760305826,0.7807782924541058,-2.356616677566981,0.20421868906666388,-0.01171667318767761,-0.6454913360829146,-1.825250074801605,1,Type_X,Low
-0.09101600218390644,0.9320001530237989,-0.9235041904015211,-0.8446244085250252,0.15601384431765597,0.8891002172697713,0.10497967954272891,-0.9350687433841598,0.5948180580976179,0.7293790662529412,1,Type_X,Medium
1.2667797639724285,0.44299146051577554,-1.321984663444109,0.638986798549338,-1.2223331608874406,-0.42675968973814543,0.11497468647264938,-1.8127372180893262,0.9774197740115382,0.31869112445754866,1,Type_Z,Low
-0.5159699960433031,1.0777959205242145,-0.30149646837647903,-2.0888244571385175,0.3236286285377361,-0.45720759574356407,1.530562210536245,-0.8108319240600108,-1.6347341556056474,2.109211368959598,0,Type_X,Medium
-1.278641080090759,-0.7678502498295058,1.5109925320195619,0.6134374734876198,0.2516998263138061,-0.4343779481934028,-0.5156812220326277,-0.24829743227680143,-1.7293821518187236,-0.8263156195821559,1,Type_X,High
0.0859855377502903,0.05928582575453737,0.13821566097460647,-0.36086171327213923,0.8529191295452936,0.7756990133456355,0.0026238107136019972,-0.9627263607511269,0.8445033868529354,-0.5307754097666701,0,Type_Z,Medium
0.044683451306404595,0.581406597279506,-1.2956778184845101,1.3658830193423326,-1.7317846881250536,0.49046007275025527,-0.42624950169317644,-0.23422072911339106,0.5317887576786806,-0.4647156183662309,1,Type_Z,High
2.4488503780484456,0.18175754996295676,-0.2790854340645733,1.1561900340688909,-0.11316855550404774,-0.2414553442532325,-0.33811078808355866,-0.26752119387097845,-0.5053197471913027,-1.5974385016913704,1,Type_Z,Low
1.4825219953312994,-0.43523606328491055,-0.9185752074751816,-0.6295895238209227,-0.44451917305521815,0.2980112631299541,1.166146156738799,-2.068038068604568,1.2382888762456505,0.8594063024826207,1,Type_X,Medium
-0.3103062263547495,0.25053900292849035,0.07266220674735738,-1.1582421376674392,0.9138291927273491,0.4722328058095676,0.010234816283362102,-1.40508904001506,0.007350662850963712,0.7424346100466086,0,Type_Z,Low
-0.44880021016015936,1.6263794298804561,-1.3648969891606333,-0.6861454702115253,-0.5931114063036301,2.1369330989376856,2.482880125062062,-0.8154696567303512,0.5995766372639958,-0.7533963228993344,0,Type_Z,High
1.6175655013175834,-0.8405548178453514,-0.9329248782420271,-0.00580011233495965,-0.9792012674858105,0.4531048208955006,1.469071342067965,-0.15789099659690925,1.558488122437941,0.2271423993323619,1,Type_X,High
-1.1853842501055336,1.1865500688768686,-0.21693167722073464,-1.2219053958307393,0.5991841865163731,-0.2492671810675045,0.03681237723086397,1.2999554863933014,-0.07130681542848734,1.3124106957905097,0,Type_Z,High
0.32022653450552896,-0.08628720965682678,0.05518185998869921,-0.8383811247118778,1.0788075468974794,1.5975770798103397,0.5146463971143581,0.5670344500675376,0.8261306654608468,-0.5892114930274619,0,Type_X,Low
-0.8806583786304678,0.35145358518675607,-0.4384917106800884,1.5347557230744517,-1.522976134979276,-0.23535459469692616,-1.0399801319024577,0.5402838449078208,-0.6810328206989985,-0.3729037992592368,0,Type_Y,Low
-1.2782343814711183,-0.2092443504380649,0.2611459495709087,-0.7500223879930795,0.3388194994851657,0.17455127512123966,-0.2455980743486461,1.8590957460167687,0.19943795012928747,1.0253540797804508,0,Type_Z,Low
-0.5868167218960181,0.22554498709047696,-0.6887879161545383,-0.08684857199991111,-0.5401480984678593,0.28793334123193565,-0.09376585035978369,-0.8107793531304273,1.1058016990197803,0.7103455440741503,0,Type_Y,Low
0.7629900529576107,0.38611456902165797,-0.9032679942456293,0.09775634757728728,-0.4529297010868327,0.27127564120981257,0.23889731760278832,0.10444966848170072,0.9968693058063032,0.0807920549289533,1,Type_X,High
1.1539279157991833,-0.36472617123226264,-0.44082213921971763,0.18975642424363554,-0.3383548716683831,0.00015313424143113341,0.5658651825763767,-0.08773987965081025,1.0889888778851362,-0.15355066467847542,1,Type_Z,High
-0.8866871047542619,0.4198429093686812,0.40379382777313616,-0.5213101852466661,0.9569689007460898,-0.2987014758693535,-0.14211751492686436,-0.4978355735756652,0.9985438114696202,0.11936037714179391,0,Type_X,Medium
-0.7495771562251421,0.1973888573224569,0.28723494955690054,-1.4650514694012784,1.2374789560504111,0.2386025533181509,0.429839596907794,2.4926135891783208,0.9369483156163705,0.8644256856572423,0,Type_Y,Medium
-2.4345837513110684,1.360464870591293,0.14910513293213715,-1.312522406541629,0.5269192707063624,-1.474751845938079,-0.33194415835533636,0.8683957141519207,-0.22977869776753632,2.2224980090277655,0,Type_X,Low
0.8218682161128645,-1.7678641272153472,1.6457815023394686,0.7611338307010994,-0.09160291907677245,-3.1227960308049627,1.0180132716200883,0.3758062691102978,0.002244002326285354,-0.23227430061514348,1,Type_Z,High
-1.4046125088980002,1.7326162032744745,-0.6295563637587881,-0.9624859632952765,-0.3815224542891369,0.8547156474733865,2.1669750194463457,0.3146663070077911,-0.8912026526163583,0.049133988326482594,0,Type_Z,High
0.6691269799153667,-0.1753038856778168,1.3153017351812641,0.397433342978711,1.118622127666429,-0.0704271684759584,0.7033923785304433,1.0682675898442369,-1.0317593616258252,-2.263800885328617,1,Type_Y,High
0.863230665939636,0.5073368303855844,-1.4568507748795476,0.5069983584211912,-1.3024834677260269,0.08488367341357818,0.05914038978014872,-1.693641314941841,0.935386927985081,0.4344472540900502,1,Type_X,Medium
-2.4753373310713362,-0.19911409246493175,0.4691842237635567,0.4051024753108292,-0.7338976083256413,-0.08428047967672303,-0.2993079930932802,-0.3563802726434316,-0.49416135128477884,0.30434481318966483,0,Type_Z,Medium
-0.6480213620945453,1.3011934035916026,-0.2897876933561601,-1.5719446554883543,0.9743556540021376,0.1992758463364049,0.34068425936308894,-1.2425544289818002,-0.17113532156756045,1.113680447733585,0,Type_Y,High
-0.19569126187862268,0.2947591877257937,0.36513923981964536,0.9023218912946095,0.2062073569028895,0.4157319887026639,-1.042269873688889,1.9691923262277309,-0.8580083800757332,-1.3851852829431355,1,Type_Z,High
0.9474204235452511,0.8549320533091499,-0.9392436672699298,0.44256207438567324,-0.5401419207016002,-0.16936757300840058,0.18297075470726845,1.2053129997619378,0.6455681125906689,-0.29096218949525954,1,Type_Z,High
0.206738444032787,-0.3607840316031909,-0.7590588643478856,0.6866325964602941,-1.1879429689913903,-0.1800529352243099,0.29146727685675067,-0.8658720938121226,1.7346645928713778,0.20081832026673618,1,Type_X,Medium
-0.8380794141541809,1.036863599001696,-0.6088410232336536,-0.8986253798824794,-0.13022405121402883,-0.20453951889516997,0.5191635998457856,-1.2904347966000973,0.09344622534719595,1.263093210238232,0,Type_Z,High
-0.33884198869709686,-0.911089307039936,0.42528135178529675,-1.5296035183937713,0.0463824530088434,-0.4616864720394214,0.49354858990418277,0.3850819683762622,-1.945591131799461,2.3410235446778653,0,Type_X,High
1.7937802456960659,0.018123276689429382,-1.4599712440877208,2.212110999259307,-2.323655769061313,1.0009366689331245,-0.9699749927742612,-0.069859868065208,-1.365580302973858,-1.2529980143712558,0,Type_Z,Low
-1.084549284300955,0.5066353331292371,0.21006994866275638,-0.9861971102246663,0.8980190919835486,0.07848470737540801,0.194763029098264,-0.23730376745799214,0.7714744701410354,0.5669538086119911,0,Type_Y,Low
0.4344488231833136,-0.1990598300131274,-1.0883858639277808,1.2474683330736038,-1.8468370889231072,-0.973769190210224,-0.38684140645032106,-1.1423147780910827,1.393173832084266,0.6123844395608932,1,Type_Z,Medium
-0.263095082477759,-0.699016153073181,0.22915882191804685,-0.24751178397560697,0.5383721769258983,1.0045722213456882,0.24071595142465624,0.6078032740470525,1.6948189441350805,-0.432495440581222,0,Type_X,High
-2.132285387196115,1.166110527907764,0.9564104506907877,-1.741872938688087,1.986105966501459,-0.058305368804883316,0.579628548381462,-0.2488141428853401,0.13460839979124548,0.3825864852095205,0,Type_X,High
0.2084292919575195,-1.0892408186499092,0.13705934129488895,-0.47779991992576426,0.6231772598124043,1.076899372836562,0.3559592397371179,0.6311694519396291,2.2195266737598347,-0.13484819531272868,0,Type_Y,Low
-0.06850899478254305,-1.0962990743220304,-0.361670305830997,0.13745358690600973,-0.7787164835437502,1.7812054055540356,1.0800255944495187,-0.3889808892979069,1.1770051711377976,-0.508857686871067,1,Type_Z,Medium
-0.7061981248685736,-0.24608667088254046,-0.22274968073501702,1.1273708782129228,-1.1377072584466466,0.04452572323353203,-1.1026732631618819,-1.5896426710418707,-0.41372888260682117,-0.062190045346923094,0,Type_Z,Low
-0.4695175400844194,-0.7299652439610119,1.5036863267676515,0.12935449353156295,1.4616611374210617,0.3201025575360725,-1.5984778162273239,1.3825401611188695,-1.2074409087415763,-0.9136996655389537,1,Type_Y,Low
0.10532126963311315,0.10167881884183605,-0.4295069857196391,-0.02648407941951773,-0.31382536250645,1.0838796675679963,0.6399132379773806,0.483054572333037,0.15855502678036665,-0.44873219739415376,1,Type_Z,Low
-0.481885077434645,0.0013040490315080072,-0.291495290096616,0.7165242971090189,-0.8627862102538553,-0.0824198422139257,-0.9421388470465596,0.05491167389511125,-0.5309252057393101,0.24226036975752463,0,Type_Z,Low
-0.5261725382966689,-0.8562229416487953,1.0183249874438638,0.2022179471149238,0.4032104752683105,-0.07512777570881532,-0.6095550775274624,0.03785685667775036,-0.9425529190278716,-0.3169684074750953,1,Type_X,High
-0.47651303545232254,-0.7788436334617377,-0.17169940131459813,2.0616604437173374,-1.7569447683028312,-0.501668609513322,-2.1258782672734027,0.009643623171550366,-0.6788766297352389,-0.09833876365863109,0,Type_Z,High
0.0913108822861123,0.837279859130233,-1.295263632589964,1.782366429391473,-1.887310752552462,-0.46935879256787316,-1.577188661092915,-0.8621762507768457,-0.1303387551932035,-0.030967293110351936,1,Type_Z,Low
0.9483903128536788,-0.3141023782907866,-0.45068556972556767,-0.564935824213058,-0.44119818584289827,1.3256295868567576,0.8712737273215795,-0.20810330994057685,-1.7399287392037193,0.21841522996783583,0,Type_Y,Medium
0.553900175921169,-1.196495637863175,0.02108485297439202,0.0461045920867164,0.19401891260534707,1.0571659005165153,-1.2990929083877711,0.9152286450401491,0.26739322204982,0.24705080789089776,0,Type_Y,Medium
0.4650294373643496,-0.7953540786821887,1.2385428499905782,0.5642669623566141,0.6413891397773956,-0.202949408545646,-0.6461772377516922,-0.22696283039302695,-1.7822614284814402,-1.1829491724919208,1,Type_X,Medium
-0.2496098321160599,0.42229100200756486,-0.3291069455949756,-0.20714896860360785,-0.6117413857861802,0.16132059405782037,0.342422730605487,0.45101604409851737,-1.6097519287248017,0.49944732794213975,0,Type_Z,Medium
1.0931209690033892,-2.199372369287472,0.18592517859602828,-0.05447029819133356,0.3863948757143878,1.2435015289073978,0.09978528909028121,-0.28148120319459424,2.8213419508437076,-0.298864048058895,0,Type_Z,Low
0.3127235230414586,-0.41112674087961304,0.009901506095325491,-1.27883806010676,1.0849310809099304,1.3034559819905822,0.7368326300317343,0.363914193149304,1.3320062955600518,0.21698858371612278,0,Type_Z,High
-0.13613478882145355,0.4670945303997582,-1.0052799887516406,-0.346167451428596,-0.6444547406016985,0.08253965075103004,-0.22712169190597994,0.7046800728288931,0.5250142067465404,1.3138184002725963,0,Type_X,Medium
0.26489184613812694,0.5303480210469337,-1.1223106621249632,-0.6985763596207026,-0.46811737545107307,-0.37189302430167787,-0.4757671813511876,-0.09885972402834793,0.4189283522926973,2.0211835437058143,1,Type_X,Low
1.020766169643809,1.2905861499817495,-1.2681960286881597,3.0237981667284495,-1.9811844892802752,-0.4402230114465135,-1.1496033206906835,0.4051484866806636,0.2824778506375817,-2.285828413070298,1,Type_Y,Medium
-0.1863167516573972,-0.2411829906889706,-0.15300636064590253,-0.16285328255857234,0.12071681501576642,0.15589505261540507,-0.31877529502360374,0.29457939462357985,1.196082924912562,0.41415469708084596,0,Type_X,Medium
0.8848334727250619,-0.6607587559940896,2.06270012480807,1.2096780945616399,1.9439080472261412,-1.191889397427322,-2.1967485564961042,-0.3792275410907226,-0.991756482313753,-2.2360183661306188,1,Type_Z,Low
2.287886952521614,-1.6636973030598323,1.4619375588518928,0.09334250244707983,1.15181645878673,-1.029520302710894,0.20199362111939706,-2.2484083899269187,-0.9592122475723518,-0.9026822352333402,1,Type_Z,High
0.347694126149977,0.012760094630541785,-1.2947887778362457,-0.7968553825334658,-0.8482598018983696,1.3588135578158387,0.5058395149012607,-0.9199816774676154,0.06796618005810173,1.3426916343463977,1,Type_X,High
-0.0330985783801105,-0.3772346923026116,-0.43668352178972036,0.20035411338713774,-0.5462727790650622,1.10397687158346,-0.20429556000254526,-0.5899437234450794,0.15385370060367426,-0.028802356340690664,1,Type_Z,Low
-0.9970391667949426,-0.6417806973224591,1.2348244797893597,-0.013153044982640165,1.5021391970012488,0.6722828071828865,-2.429450818327831,-1.8157475442933089,-0.6963249309476971,-0.3399871122977386,1,Type_Z,High
1.0355969846795559,-0.7964995278139986,-1.1238950565335457,1.4121780300901428,-1.996530224794867,0.6760447483680562,0.09484591987315844,-0.22245395889623396,0.8223767826998819,-0.42725695536896124,1,Type_X,Low
-0.7029783750745578,0.4133766841980146,-0.21526603519325802,-1.2513549905880308,0.1286857876194307,0.7284017395844765,1.1445003848368955,0.43039288325760205,-0.6499703287180996,0.8589781649868161,0,Type_X,Low
0.7099727092329278,0.6104860607863102,-0.5624076465688242,-1.200970540068467,0.7252634481723812,0.7818202327695946,0.3091736366959481,-0.6402577464607357,0.08507124398395981,0.6500782486124771,1,Type_Z,Low
0.3331452042815819,-1.2531590829714658,-0.9798448775274219,-1.2145355991149056,-0.9724235473132239,0.6767317460362456,1.8578696003867192,-0.6919741750404051,2.060613446893676,2.0204410656524905,1,Type_Z,High
1.1778367940340548,1.322848308522785,-1.2729253127505609,1.1319286224054586,-0.9570728207245855,-0.12642993659204055,-1.238768151570158,-0.1865603916693918,-0.7274348325497132,-0.38766143624123717,1,Type_Z,Low
-0.655880498929182,1.410241584029886,0.3123430006939761,-1.7569718491242543,1.8446272089500764,0.3608049954255166,0.4820012332928343,-0.3262546941440213,-0.43298390760151795,0.3360745046151273,0,Type_Y,Medium
0.3114244348427485,-0.6403887101122959,1.069201217099773,0.2138716545039678,0.9186447521484957,-0.7477047435213288,-0.015504106532816303,0.6340185868782449,0.4276066712600275,-0.8544744028953458,1,Type_Y,High
0.19183849617305795,1.8942980631390804,-0.9744282479154155,-1.795599875591298,0.20519864170707314,1.5872497015534937,2.757328400758631,0.9462938509417963,-1.513806693049296,0.08286865284599126,0,Type_Y,High
0.7091643745154754,-0.6127777296212614,-0.12530539201466118,0.13571519891230535,-0.9686265403454106,-0.6552538050937522,1.8924337088135628,0.05550788019777398,0.17762924211133005,0.036177249728967464,1,Type_X,High
0.1379434860728052,0.19295563190780146,-0.5064086063842268,-1.34515547676567,0.3020039607646046,0.9678058844325208,0.8771761990715077,-0.005673390879412046,0.03729895449609123,0.9807475088730916,0,Type_Y,High
-0.1381174550211683,2.3144128529641863,-0.9075758953703189,-2.142249631211477,0.690124296161408,1.172661671603527,2.5114731797187426,0.06624931620273736,-1.0956086744227225,0.44797381728183283,0,Type_X,Medium
0.8972451103511768,-0.9371534362841478,1.882088820309143,-0.12100557568600537,2.1080285006454806,-0.38403922491293224,0.03096116803141534,0.1788617839672512,-0.21945727277794844,-1.7208988033590693,1,Type_X,High
0.44408353879171314,-0.2325834211058656,-0.6821880354931709,1.1224934500116621,-1.2090684288150553,-0.01962478915836675,0.04224899489365556,-1.1973949375737571,1.2089029312582356,-0.48726098375888705,1,Type_Y,High
-0.7315166134486214,0.4671544463946732,0.4532808736496209,0.5988367055891906,1.1730277880038544,0.9965133536950337,-2.494216879360047,0.7582656005057767,0.060569963091949994,-1.2049143797094048,1,Type_Y,Low
0.6143484076161733,0.25506989085995546,-0.20743361071536084,-1.3546304093337282,0.7070224369587216,0.24488255301857523,-0.05159660894286742,-0.12536186072585653,-1.0682000541569125,1.2996731727065258,0,Type_Y,High
0.8869384881298965,0.3084976753549525,-0.9656437123925511,0.955447056849128,-1.2633902064397577,-0.04116643724831372,-0.23986545658315528,-0.26640601854826024,-0.13575321758904235,-0.18994370295998073,1,Type_Z,Medium
0.2204137261908048,-1.2760099469545199,1.4517015687791774,0.941155108692326,0.14752932513244238,-2.529307231621719,-0.3850071045147575,-1.9727240611258985,-0.0008888984408513931,-0.26689809114719326,1,Type_Y,Medium
0.43291164658008235,-1.701811285182485,2.189321176806009,-0.319506260351965,1.5760056129709779,-1.2944093469434776,0.6445798799138491,0.0539757901466217,-0.36982309208267217,-0.728183526405736,1,Type_Z,Medium
0.07910373880101675,-0.32103009673678967,-0.3095586196485114,-0.659402613125155,0.285945403426433,0.43125052013312853,0.12457419623067412,-0.7755525391850561,1.50808345836794,0.7319950198460997,0,Type_X,Medium
-0.9523938172063612,0.3145880602096908,0.235098769824909,0.3352753933344247,0.19125204681959296,-0.7038797432702929,-0.8175895871684692,0.15863261131974227,0.7869120177863613,0.046931491724780186,0,Type_Z,High
-0.4772958954877535,0.9001453100563175,-0.4322667001307735,-1.105762393744434,0.13038483974974174,0.9254168176292517,1.2406516643969558,-1.4602874603320641,-0.7349669056036043,0.39819625605141035,0,Type_Y,High
-0.841696629956854,0.6625934959887307,0.10859968853450108,-0.6995875870690288,0.6911128160734099,-0.1739012242672936,-0.28848918775667476,0.40635946618619045,0.1263319849564095,0.6057938286481808,0,Type_X,Medium
-0.9263531126106522,0.6203113634120574,-0.5119214466960886,0.09839139628832447,-1.0691380798084604,0.2668077573056424,0.7126103647768713,1.796781028189652,-0.942539677841847,0.2451888602779315,0,Type_X,Medium
-0.1326523124305514,2.016045920061688,-1.1470175845810928,-1.7730018114372246,0.21535673097698052,1.7913135412698804,2.829911992652377,-1.0648638231859386,-0.46876417508277196,-0.009433517663468078,0,Type_X,High
-0.8576216575699597,1.2841816350189148,-0.6649877400310314,-1.2493653555583903,0.21614656224039258,0.5399280022623131,1.1247163625874947,-0.3874390911205429,0.35780373935717863,0.8184159098462945,0,Type_Z,Medium
-1.3566858481369481,-0.07197725696961789,0.4480216183234093,-1.68051220142107,0.5370218930377023,0.7067656592436872,1.2906717727327215,-0.18587129764296784,-1.1274365371419046,1.1068476600021058,0,Type_Y,Low
-0.6532077014496053,-0.8035161475712584,1.3176030044236635,0.7583232010198239,0.19009097669013636,-1.826698358831535,-0.3744239210525232,-0.17440065145495612,-0.03163298089242736,-0.36436498311051413,1,Type_X,Medium
-2.211584351004904,2.075845569965199,0.10069770345573484,-0.9947294450585091,0.7317111000024026,-1.166057086640471,-0.27054932151403044,-0.947483595422818,-0.6252793819352233,1.1808087364522872,0,Type_X,Medium
0.0017989711459608356,-0.17402569812628446,-0.08481925386061569,0.3151425436623187,-0.650604289665423,-0.08365477339808731,0.8701690703224141,0.36101565116248835,0.017373054786601515,-0.2968904183613313,1,Type_X,Low
3.0012713043465595,-0.19876660661237128,-0.041414012406565705,0.6822915586064346,0.42037578986525165,-0.45149659588619906,0.4270922865189373,0.20605621611635436,0.40303334266683555,-1.589872846882213,1,Type_Z,Low
0.04613883024050877,0.02702782723472332,-0.08499728950705594,-1.600930727503015,0.6485762274643022,0.12655285982899003,0.25846117617516157,0.5644424700240804,-0.6824221432129106,1.7092758975086377,0,Type_Z,High
-0.5904204655879236,-0.42590467849671854,-0.4297763474815259,-0.5066233429975954,-0.46286174720932616,-0.865323153654315,0.36746844199752576,-0.8363682797478976,2.2185160694256965,1.7232340954320216,1,Type_Y,High
0.6279199496386496,-0.5469063489861153,-0.6760066971609561,-0.47181708203105405,-0.03381503998380279,1.2346497255141773,0.35300704142406686,-0.2808291154063454,1.7330463493905373,0.33946989397268756,0,Type_Z,Low
1.3796292816812008,-1.5494579457491868,0.6847841521121633,-0.30796496723833783,-0.2088284019288994,-0.8819141332484999,1.8625888432856899,2.9456607167957323,-0.5923896951496256,0.1588688758929174,1,Type_X,Low
-0.6412635757401879,0.9581614630864745,0.041482871086698896,-0.5964317853599909,0.7468221104874613,0.4290683067420561,-0.18564770749324522,-0.3963743911954296,-0.49978107508400366,-0.030273083188225886,0,Type_Y,High
0.9015547706768514,-0.551762170751715,-1.1061251610978418,-0.6024261614907703,-0.5727765248631108,0.6631517365143783,-0.15189319462627393,-1.104298911615855,1.0665243440209247,1.5733265537292676,0,Type_X,Medium
-2.249927956747877,1.249247810462511,0.39723934460763105,-0.2811543128058653,0.4168395194873213,-0.8235261006519021,-0.5327444279521992,-0.4453080426045508,-0.3765668092606948,0.484743858772483,0,Type_X,Low
-0.26250682280283333,0.445041318168369,-0.8184454303768094,0.22385049094164294,-0.7337602930802113,-1.1106996877964268,-0.23571948319378158,0.4671974576626221,1.8993229958746667,1.0843245044775554,1,Type_Z,High
-1.1713514787334838,1.786861386083901,-0.3447776665209652,-2.3713961883799755,1.1928474377674312,-0.3608029819425354,0.43811428274287195,-0.14834561641601507,-0.5911114768574609,2.2760248886545575,0,Type_Y,Medium
0.18203447931334094,-0.6869395581674741,1.5348326848675302,0.507850846125299,1.2953452794125153,-0.5310600350396679,-1.2683720189463215,-1.4828025887012326,-1.0324569357381586,-1.211238122239934,1,Type_Z,Low
1.339257301624468,-0.1539360791705111,-0.6659771819621282,0.23979170002369524,-0.46936565232704497,-0.5176796447818571,-0.04452336581917556,0.860390410636973,0.8879540693291108,0.4131971057377111,1,Type_Z,Medium
-0.6099151660707556,0.4092143415719345,-0.2445637558001208,-0.023939758286700714,-0.3699615420633557,0.7918151404426708,0.22480027719441084,-0.6500113423763253,-0.8240230835638815,-0.16252104336669612,0,Type_Y,High
0.9964069949111062,0.5888807494121635,-1.0329883756678493,0.7247857970796684,-0.9359184989403542,-1.005789330522219,-0.23833497002224127,-1.1879511501013331,1.0705581829100306,0.31328524831965454,1,Type_X,Low
0.33301434130679586,-1.503333341755938,0.11729441609482279,0.6108807134721828,-0.013881003462554973,1.0559568232044538,-0.09533340648498372,0.13121948165619343,2.6129206991800755,-0.9109342444325558,0,Type_X,Medium
0.4605549541836668,1.3189412231139686,-1.1514992746247656,-0.26421864743076806,-0.8711754440842309,1.775627038865493,1.9561812592550945,-0.7469554376754409,-1.4600261274147044,-0.862738865520115,0,Type_Y,Low
0.10166185273610041,0.4082281806657715,-0.16380377331568777,-1.4986845756758123,1.1855733721716153,0.8907700218063608,0.613581801911284,1.4966227372756917,0.7869318063679349,0.5472627471131137,0,Type_X,Medium
1.6750581816328924,-0.608836836576363,0.7125563517465597,0.42842098458256855,0.41210551756057295,-0.22651814891469899,0.8339703676554194,0.6920962378688844,-0.903142761647631,-1.535125617564502,1,Type_Y,High
0.5958874028407694,-1.6657197381776145,0.12359686808205356,0.734302044550168,-0.11373025527048426,0.6979336024148918,-0.5358537238284803,-1.0024379301074764,2.313386929338448,-0.6159177518262025,0,Type_Y,High
-2.2645642177933185,1.0666061014178418,-0.21731726183701097,-0.7601469906344593,-0.16130086322797776,-1.7840391964369067,-0.3599953385938533,-0.5209197713726436,0.8608397975276113,2.301375870059749,0,Type_Z,Low
-0.06872409095974953,0.11802873691055235,-0.5228626969343503,-1.5036620046149847,0.5649212624083397,1.2814528057636398,0.6361420603595904,-1.500200171447146,0.7039140720300318,1.0591568621009297,1,Type_Y,Medium
0.7138490815976583,0.6768603359630551,-0.5832503059987504,1.3967115295064114,-0.6258259832260825,0.10322957775867261,-0.48311535905271197,1.2378586648662535,0.48382361161480314,-1.488274038746005,1,Type_Z,Low
-1.569942003925465,0.9582827896644345,-0.006894348910573694,-1.4248917567221229,0.3799737543679391,1.4524398944312829,1.9872356960843127,-0.9006818204856366,-0.8432106966445463,0.012316693026662827,0,Type_X,Low
0.804696632571633,0.04331886594524409,-0.7415380086102501,2.076800211507935,-1.823157773138965,-0.12241628013790878,-1.6872850179551848,0.9712984398155906,-1.6618608816937275,-0.6900407474643739,0,Type_X,Medium
0.37923276481712354,-0.07397222523195524,-0.6874972311007398,-0.22558578076223273,-0.4647165914888839,-0.08872536526856291,0.44160950873575605,0.4579288846011816,1.2882954826287936,0.7544166257483577,1,Type_X,Medium
-1.8582683480557605,0.1849458282218372,0.13944469430708048,0.14177782398188876,-0.4391488901889389,0.4922481281170079,0.023614672716506867,0.2669007642591194,-0.24839035687399538,-0.027312076974335533,0,Type_X,Medium
0.18259171746168817,-0.3681911214836741,-0.1463764231813062,0.9208850780364011,-1.0387674594604213,0.22551549752743957,-0.9231895289605908,-1.387891976774753,-1.8798153427603534,-0.12600270524291426,0,Type_Z,High
1.1195533460321034,0.9643242389874019,-0.8343267821926844,-0.4565404305336851,-0.340444817387597,0.18085431179292918,0.2492471843434865,0.024878466317429942,-1.9326625628416005,0.5546587783334965,0,Type_X,Low
1.642044240347489,0.2006344069744877,0.9278902126668371,0.6329576798782126,1.1902333528826388,0.6525013042532254,0.5887944878585138,-0.12354498052672869,-1.3406873724517971,-3.0480561789928293,1,Type_Y,Low
0.5126050368856686,-0.23478530096916753,-0.5671792505167041,-0.16476738101631314,-0.23170653841007954,1.6343708165549273,0.4115606847737421,-0.15831892695022937,0.2595425694778625,-0.34072680581848636,1,Type_Y,High
-1.0809213163496165,0.32683931227679364,0.15354667609362435,0.2743831988484252,0.06791853661611846,0.1150998292787052,-0.6075397799023771,0.5606698942484531,0.18969400761706603,-0.23611117243740368,0,Type_Y,Medium
0.9946374447986572,0.06444657265325998,-0.03511081045594916,0.7266360169743394,0.03484959871966422,-0.33339826647126475,-0.34457305715783393,0.47495006199922174,0.3297318929164345,-0.8899715560033602,1,Type_Z,High
0.3730065181188263,-0.5133896861245489,-0.39451340762984766,1.3896891321809532,-1.543626519950274,-1.6973341003103821,-2.3826061341070597,0.9725217161901065,-1.274043265142387,1.3259278429196555,0,Type_X,High
-0.5924518909853619,0.2393057505526865,0.06570405731549715,-0.4105761945398265,-0.4733509127159834,-0.6439480082154155,-0.010390480144266648,0.5767929609444361,-2.231907604248734,1.2001686418952533,0,Type_X,High
0.4455068616237422,-0.817252088490632,0.6696244338346922,0.503072599418048,0.20640155475799477,-0.7199842553096577,-0.6729490373231053,0.020511080024904597,-0.23955777528366456,-0.26403490062034146,1,Type_X,Low
-1.839927471137235,-1.410430948422387,1.5531061749341184,-0.1438494990497272,0.57324517755418,-0.27082040951811764,-0.9410063454850192,-0.2518664453811026,-0.7582642390403398,0.4653010294161284,1,Type_Z,High
-0.988856018581691,-1.038281776132134,2.7811568266186666,0.26769296525235803,2.5250880571847016,-0.09344757374080491,-1.7808316929656995,-0.6897480812187913,-1.4725841691737493,-1.934958979988424,1,Type_Y,Low
0.2850751848346505,0.008456487477178296,0.5884442761483551,0.5745284898142388,0.7110808956076908,0.11022613017870957,-0.5243860754310105,0.29662906256556804,0.056065353285512945,-1.4193576539224848,1,Type_Y,Low
0.7309459557342282,-1.9672425223962453,1.6156393009466028,0.38549979101993476,-0.24472354789143802,-1.9365092246613753,1.698500476601346,-0.46057537717925684,-1.1012691299230914,-0.4032942798705255,1,Type_X,Low
0.6751688447394998,0.6565883474181479,-0.5745954720136331,-0.9883654778242683,0.6467955658580992,0.9455733547017054,-0.16727064941882563,-1.0437802800964657,-0.40182127995370653,0.5394597377958631,1,Type_Y,Medium
-0.9704677138310677,-0.45878668993096244,0.24314135938863526,0.9816303746046346,-0.3903079383447231,-0.664218700488088,-0.9733346864174146,1.3978941452394558,1.5313928679374578,-0.16531935027532912,0,Type_Y,Low
0.7364854519166119,-0.971459732538672,1.7742143513187145,0.22926756074185026,1.5288897512360846,-0.20470473922808968,-0.14254730676909383,0.010138119964022568,-1.1954406455586057,-1.7581721992137667,1,Type_Z,Low
-0.6948773509989522,1.09920310013042,-1.0809037591426824,1.2845440189406039,-1.348695607659809,0.6925881320731503,-0.2922635418570387,-0.21415958392239257,0.6292728521337357,-0.9449055047131508,0,Type_Z,Medium
2.027509580180952,-0.22261203688933093,1.3761152865267456,0.8675274454759985,1.2433533624317208,-0.06323076060543142,0.3945672673042359,-0.02314272875247031,-1.9818255016060593,-3.0858164956817222,1,Type_Z,Low
1.083020894566541,-0.3125212959914599,-1.1500525814485658,0.64991232943158,-1.4391099834911074,0.5278584169060181,0.21660213702602568,-1.76326609455666,0.4881493385215216,0.1454001091502018,1,Type_Z,High
1.1071328894882575,-0.33396245019655,1.2393692766845579,1.219954188976637,0.845726993733448,-1.142049174095252,-0.9079257246578782,0.16159794047999962,-0.8588862473535409,-1.9328896296635323,1,Type_X,High
-0.418429785333917,-1.096754537225247,1.2701410880843091,0.06209417356858165,0.5564072623672104,-0.4911994553064944,-0.0668655388072326,-0.9022814773136425,-0.5524502727431365,-0.31970718585467667,1,Type_Z,Low
0.257018191120518,0.007720450097674854,-0.15498229715685072,-0.47127479101160125,-0.18823113861110144,-0.0795280160028836,-0.30058486855641586,1.3283617842696005,-1.6998554776504835,1.0207216515586288,0,Type_Y,Medium
0.6365453561614816,0.05227420890708029,-0.7071505290394952,0.21862981214083124,-0.49023664410100537,0.6163223481076163,-0.1875186050358612,0.12442002135742822,0.2967751359703335,0.014345185819792368,1,Type_X,High
-0.9733169517679038,0.905877352694191,0.009715262401391951,-0.46794982197016594,0.493121819071395,0.033518477491439436,-0.23778191099052326,0.5361509931428333,-0.12321941644154152,0.25529607035437857,0,Type_Y,Medium
1.003193453381232,-0.7538938833736996,-0.3106704471263559,0.3918245956986821,-0.5318620061041652,0.4952810379260886,1.1444711428114476,0.21318437810826976,1.4147361273433985,-0.737780076946869,1,Type_Y,Medium
1.9679025378249873,-2.1651024032808923,2.6072078513289734,0.7156581334908636,0.7559935904029895,-2.9615781989267127,1.6975691195588152,1.246871994082377,-1.7760849635589921,-1.605971672636367,1,Type_Y,High
0.887757438230073,-0.948633448017812,0.31199310981830836,0.10525735125266135,0.04682724804273719,-0.7624547440442108,-0.08285540108700368,-0.5321826054489782,0.35127590677017523,0.29989009184049553,1,Type_Z,Medium
0.9798302986462055,2.03832861932932,-1.7750276644872793,0.8507434582476094,-1.0491104667444995,-0.623038207414868,-1.23476867691227,0.8098933413854311,-0.08477085006232887,0.3259795286346149,1,Type_Z,High
-1.2955128804731377,1.1671884134145019,0.08302611491282659,-1.35194481635387,1.0002910408324612,-0.3285158926803417,0.14406582188106576,-0.677929645393186,0.09690986860842292,1.103785838022134,0,Type_X,Medium
-0.7596740916856742,-0.0476306165701689,1.0743583009097222,-0.3725197764789225,1.632414182482237,0.48506871821064756,-0.0117025662928574,1.0181200765789458,0.9169306875934965,-1.1556056143258693,0,Type_X,High
1.0933173005779016,1.1149634616601716,-1.2278695075255293,0.9172470578273502,-0.9299958174173295,-1.1415272197141124,-1.258567733633164,1.2052635183313163,0.18752827565863334,0.4789749406779445,1,Type_Z,Low
-0.560046367645684,0.461582917848976,-0.138333462055886,-1.6950865330683629,0.9832921635621085,0.37889121976338375,0.5000099120906566,-0.4307042523823072,0.6097686441587645,1.3370496512985306,0,Type_Y,High
-1.0393498582022789,-0.5209326168950009,0.20856407549011965,-0.1151663514918276,-0.5465559702415922,0.009598952292541972,-0.1437182543881111,-0.22769235985297384,-0.9295901632243001,0.8355280065077417,0,Type_X,High
1.0863655386030013,0.8965540063505968,-1.004119017038188,1.9185758464715728,-1.2390867905224134,0.2798757249067152,-0.7809704054150167,-0.5657518124787237,-0.14731559661524135,-1.712162866958535,1,Type_Z,High
-0.34649866648087435,-1.1274340327713583,-0.6259242307814952,-0.8787417592967566,-0.6259849055051319,0.6234134571660042,1.4357375933748653,0.5416751018696938,2.7159065618224068,1.4250279393435312,1,Type_Z,High
0.429540116796631,0.8078729615294044,-1.101148498492591,-0.06783268574732496,-0.5847784774186492,-0.12042425949764514,-1.0830049509663433,-1.3061839196041907,-0.46488334993190417,1.2267772196057682,1,Type_Z,Medium
0.9090792971374662,-0.16655151264292328,-0.3248019392312961,0.49940096483349294,-0.06699017611097148,0.1794722445178233,-1.1651325253493268,-0.4403394103189832,0.13106040634020813,-0.1233644771858889,1,Type_Y,Low
0.7472471554013727,0.19870651114268972,-0.7719593431194104,-1.01322698489667,0.2602269366571373,0.9160922377781332,0.005365826195383519,-1.5293070435959515,0.16629147458120191,1.0087238488482242,1,Type_Z,High
-0.01647198142549607,0.9160251180684161,-0.29868324309692634,-2.0569354330572143,1.3991522211731935,0.8005947660675796,0.7401579670554904,-0.14784887438341576,0.25443438749126646,1.0902069467318807,0,Type_Z,Medium
-0.2624056749752543,1.0663054190391368,-0.9325619128302292,-0.042541654939878805,-0.3345143732105381,0.8374277068327369,0.0246820711157459,-0.047719564852178244,0.4660585075062285,-0.05345097526984725,1,Type_Z,Low
-0.45784874428023764,0.01046102698910455,-0.30096975534658676,0.5307621369191694,-0.5578745011603924,0.47672163905343296,-0.7105028546944995,0.8680000762990127,-0.039040484599516166,-0.08352092314177467,0,Type_Z,Low
-1.2258181568424105,1.9386742816223888,-0.1791496133228322,-1.2264392296524151,0.7647379787466174,-0.3707897023299982,-0.26237353115157835,-0.3338899318474642,-1.4898065497753346,1.1325773315569942,0,Type_X,Low
-1.3921029515329406,-1.3029282188383131,2.317279031459523,0.3769533653933428,0.9410752396695895,-1.2144927791921327,0.05718238975996024,0.5879093549364971,-0.8678404824788477,-1.0018697791748232,1,Type_X,Low
0.427141286913491,-0.8880284807358741,-0.2931090457828585,-0.14592304074763396,-0.3706666226360232,1.8290538090496835,0.40149046630992186,0.3452082630058576,-0.20299390638567866,-0.2467121854487456,1,Type_Z,High
-0.04007155158673338,1.7546595342496747,-1.7835370795342995,0.8705920887909849,-1.5006385885121285,1.0370946343200733,0.7090744357099105,0.30529396187908675,0.9297769366832856,-0.9045693036518228,0,Type_Y,High
0.5338159469392378,-0.6899593891530772,1.6193315560935895,1.1577276795106224,0.8673039859198309,-1.6457424658254227,-1.179563003534597,1.4251582482578349,-1.0034824725287068,-1.4435944571137325,1,Type_X,Medium
0.4120228889573172,1.218259457984618,-0.7890604010022911,0.6111270876201498,-0.3744326195590317,-0.6926392851262884,-0.4378644296433059,-0.8598293949296175,0.6985142284166292,-0.2089692306265497,1,Type_Z,Medium
0.871643899542638,2.1951719126660953,-1.701039952053296,0.32841571271724906,-0.7409472197833911,-0.823572924928529,-0.782323231025499,-0.12793321163057486,0.03466346770230314,0.6788369776666111,0,Type_X,Medium
0.1061280880570754,-0.33917521949169643,-0.2891530419615718,0.23319298481780254,-0.4172435467538854,-1.3111531352630643,-2.0085972437464052,0.3895053861367381,0.0011083803690658135,1.7965996440142995,0,Type_X,Low
1.5553746894481781,-1.6246293186889957,1.3690081934711977,0.7216301783016765,0.28499070927477355,-2.006524279517958,-0.17492238856085815,0.6336205607793207,-0.9680914557714999,-0.43111706866708843,1,Type_Y,Low
-0.14938111817407748,-0.06029380412609666,-0.722782431327952,1.3110072116071196,-1.6273442941595944,-0.9680310974365015,-1.5710080944065115,0.8589688352577737,-0.20096741103935759,0.8088878916571256,0,Type_Z,High
-0.42729490851387253,1.040894620209917,-0.43260240137681555,-0.5864550489641059,0.36864018432311924,0.3881526444861309,-0.004208712204428006,0.7890725236758562,0.15421891811148633,0.29850836977378553,0,Type_Z,Low
0.6264466534452667,1.8845625490349374,-1.5431266190250785,-0.5954689136395026,-0.16478302463474456,-0.18850677851996459,-0.856788226662704,-0.2276244597821734,-0.23722537872254995,1.4215434460091518,1,Type_Y,Low
0.5528639956182183,0.2722486543453622,-0.9051570856927358,0.4458637635767121,-0.8322052228532482,-0.8110840727302023,0.19252704642553062,0.8055337643504131,1.8507919546945273,0.4601412496522601,1,Type_Y,Low
0.8680945695663554,-0.18741657559961236,-0.9829876729011154,1.246143811947136,-1.4674167889703909,0.41468760504618574,-0.29178751942995157,-1.874535593999999,0.49262811076907465,-0.48442853413492076,1,Type_Z,Medium
-0.6961314979475017,0.6190189035962155,0.24323529734030602,-1.214236654873524,1.2428284429929182,-0.07308750554765776,0.19414543183209598,0.2904081552098314,0.7543942704207993,0.6287917394340039,0,Type_Z,Medium
1.5264960699490933,-1.4339195573670924,0.9057233901734406,0.8230954746916153,-0.3695808839711143,-2.491515652900856,0.6050040761525375,-1.738715174224455,-0.06420912509505651,-0.1278171597082208,1,Type_Y,High
-1.4414155054414215,0.975875313176123,-0.48386014008801204,-0.39923049670480454,-0.2957777149804708,-0.6530392031915976,-0.19941890722918335,0.6111056217580997,0.6222851634666187,1.272853038542212,0,Type_X,Low
0.3972600086769735,0.3904722620353365,-0.9352454171775502,0.8763199261748591,-1.015469307362775,0.24490668602304513,-0.324366965475976,0.9283889690466579,0.6726694921766372,-0.3146160810479833,1,Type_X,Low
-0.33133484530390706,2.454088084746205,-1.281175505641297,0.02213905556561151,-0.09702885005120455,-1.7407656197976893,-2.398449330735226,-1.3984325792325818,0.011612237816186083,1.8089708225599723,1,Type_Y,High
0.32864232934503995,1.4393017282767693,-0.6582662685976287,-1.006005167370777,0.627916664890568,0.42885256213316075,-0.15228576221403986,-1.6166679027564077,-0.8726443791001968,0.6339881548942166,0,Type_X,Low
1.2520314199144003,-0.1225420517088824,-0.7320232005170118,0.771777256974941,-0.8282697321261681,-0.319341398006368,0.5057876611872532,0.14999436607174094,1.5079260486699126,-0.4449805265391459,1,Type_Y,Low
-0.42886196926135617,0.018297821465510497,-0.4231894400263216,0.6387760969260043,-1.0985088182622382,-0.12461291916448546,-0.6067379821459404,-1.8388743887239651,-0.686282889164175,0.4177615398099613,0,Type_X,Medium
1.0954806656247866,-1.0578293110981498,-0.141455764448245,-0.8918603337517648,0.8634031707108686,1.587916513742591,0.5348542138896059,-0.5096125491397671,1.9577222591709331,-0.04765923074554301,0,Type_X,High
1.5143180741116755,1.7527959136655011,-1.8013867661133451,0.690858049827844,-1.032365157979454,0.021116859148424955,-0.581329100699978,1.8079499441439475,-0.2757287597600316,-0.05036112811885832,1,Type_Z,High
0.479323471403257,-1.1858981295956785,0.14498850080746362,-0.3352011538122238,-0.3130010025424506,-0.3894596218321292,-0.9663845210273011,1.6213895389526245,-1.4262993758126108,1.6378608501697252,0,Type_Z,High
2.0551802572945626,0.02188399534425045,-1.1862130208464226,1.0117551843111046,-1.3836577198682711,-0.859887331634795,-0.03199809054378525,-0.399196337672039,0.57501151825195,0.1480079061999039,1,Type_X,High
0.044034914536812506,0.9934737512182004,-0.7856657982731361,-0.6699881337736469,-0.18831892014827153,0.26547469824207776,0.4576630653177414,0.0820990629628877,-0.4170030527889141,0.7403355541516135,0,Type_X,Medium
0.519651544964976,-0.13098102251042595,-0.9593383603652548,-0.3820836447087069,-0.5962977285934022,1.4483815273784864,-0.034485332558181335,-1.7710165158698747,-0.2676078263245507,0.6653006378399641,1,Type_Z,Medium
0.11664243987981357,-0.47430616985868473,1.1297848334878346,0.629440608117138,-0.0517614072910634,-1.411180698390634,1.881466178708756,2.5832445742125345,-0.13329860048904926,-1.4517959226352222,1,Type_Z,Low
1.1532585698833657,-1.432036460505586,1.2361360160127188,0.5316998862310838,0.37556524524191637,-1.1665268390635701,-0.29671568328034126,0.38969298569457284,-1.1570538838681963,-0.5228602856820105,1,Type_Z,Low
0.3741881345820797,-0.7165246817065793,-0.7365915199544114,1.302373642032508,-1.2018270969695446,0.8353669648720571,-0.6280506802286023,1.1112193247172648,1.594527952830611,-0.6415538406003634,0,Type_Y,Low
-0.8094626730932349,-0.5027858550905197,1.4372248116866286,0.41871007342852495,0.8981173368216956,-0.39935988514694193,-0.3720225299910266,0.992702449630768,-0.42596762080788825,-1.1926039867071316,1,Type_X,Low
-0.3492352433020439,1.128367276972435,-1.1386232759666883,2.239109105655449,-1.999843014189261,-0.07483972610987333,-1.2169658213402572,1.0698308298839527,-0.3028628752369182,-1.0945940936947591,0,Type_Z,Medium
1.780581659896042,-1.3970751517266151,-0.09272833898514934,0.12731233810757353,-1.0521426076857006,-1.0086117338320495,1.3346443793050302,-0.45958560809364235,-0.39038340171725233,0.6579492709250351,1,Type_X,High
-0.47844928382582097,-0.3104877629820542,0.26041800054185904,-1.9689163429682697,0.8649536355670606,0.4938301938729649,0.7348405155815182,-0.45298140246167395,-0.7055203369921965,1.7212342408169234,0,Type_Y,Medium
0.8258214285818616,-2.055393449818341,1.5126873382035662,0.5339286514792075,-0.5101886609245634,-2.4568242934204467,1.2224193717363803,0.12163949994310407,-1.2560905155940483,0.11146537344570528,1,Type_Y,Low
-1.4895493997790694,1.3732390104824888,-0.28008133635295496,-0.9837502961738281,0.35213569828580976,-0.31502501529484817,-0.03230963147634658,-1.5032528461108998,-0.17194795394521623,1.2063268597303105,0,Type_Z,Medium
-1.2763287792726896,2.0479753649999046,-1.3558586253274052,0.5457293620919744,-0.8615087677708343,1.0394106951980513,0.6646414945967148,0.4977693711294682,1.6327471069849935,-0.9667915732969813,0,Type_Y,High
-2.57012109645291,3.1773603916079205,0.014953872767831649,-1.695792418129602,1.2085946364060136,-1.0805953601089218,0.06430874765114496,-0.3290996111686938,-1.6375773893037928,1.366688995858543,0,Type_X,High
0.19143016399089463,0.011368249368834533,-0.9118130437586119,0.906062800917856,-1.306724173610387,0.8528982573744017,-0.3279650812127146,-1.1239759642092655,0.06498263318997276,-0.3065019375889138,1,Type_Z,Medium
-0.07897203878315642,0.03492484695365013,-0.06803040753479138,-1.1725050296547164,0.944557632925852,1.1063338235640179,0.54572902858601,0.40967152704302606,0.9475879880759848,0.2799913588912504,0,Type_X,Medium
-0.4465870887372295,0.6473388275434929,0.28072649090652874,-0.8416211616510958,1.2850087463855409,0.8209216577756635,0.29763749386523486,0.34699833885459036,0.4364217395528328,-0.49010218025730634,0,Type_X,Medium
0.4922078952920368,1.4993818395624903,-0.523321998844162,-0.21435108209985676,0.7537089589460807,0.1366666888063923,-0.7350293475311107,1.7441607044703895,0.03510099135210597,-0.2729260628266752,1,Type_Y,Low
-0.3048398370850125,-0.4217847855509136,-0.32335812170068323,0.7575666679989698,-0.783507664248566,-0.2757400036046666,-1.060037322364633,1.4775818609904094,0.7962524926619804,0.4223547940069418,0,Type_Y,Medium
0.9102945728461456,0.1972451079073516,-1.0507528553699028,1.2409236977798848,-2.0984799280237016,-1.2951441848050183,1.0627721108066142,0.5502794028142346,0.48763783912886655,0.0219566251963114,1,Type_Y,Medium
-0.1451493660986342,-0.18888203683153387,1.3293416915915628,0.5270085781111311,1.6799145211422282,0.0485183226132535,-2.110539782882491,-0.49289304360752756,-0.5641263435888919,-1.4114123591222687,1,Type_Y,Medium
-0.4403382288044841,-0.2692301174882975,0.2261782582779197,-1.1409097713465877,0.9685505220006534,0.017089959166040086,0.23525842929485902,0.9077183784613552,1.5414850591715779,0.9301561078417314,0,Type_Y,High
-0.14020762091071196,0.3254886528210394,-0.5008297529724296,1.1244195724222161,-1.277071880494644,-0.35116139246259437,-1.0413713109488656,0.08499941675746892,-1.2623851707743152,0.043129319792092856,0,Type_Z,High
-0.41687301633005924,0.13207011304777147,-0.023481088287585165,-0.34242085223631175,0.513528329716616,0.7503321123242621,0.3314609294824681,-0.000177763599400936,1.316127400852244,-0.3558138611022877,0,Type_X,Low
0.6720350359619653,-0.31789846669433497,-0.1626034443138803,1.4316573720956676,-1.1550823599910183,-0.18629661241181053,-1.7235632817898339,0.2577726485297906,-2.395275638265939,-0.2762300956128614,0,Type_X,Low
-0.18620567045703776,-1.7215594155340812,2.5100835866809796,-0.06679363574842326,2.0487731459777994,-0.7572472948166119,-1.418873676128623,-1.6852401515562672,-1.35260271318761,-0.7290876923752335,1,Type_X,High
-0.8489695969866811,0.9583485956682858,-0.2144335979150854,-2.6220823775698583,1.541440751172552,1.993862728397757,2.14739929356974,-0.5791112615594258,0.6239660375995951,0.6086694547519893,0,Type_X,High
0.42682808131869465,0.12213658535924346,-0.8998510705148334,-1.6057456258112872,0.11239170812802926,0.45817485807759684,1.3811732689411154,-0.6156711414429629,1.4385818916685877,1.65565541571888,1,Type_Y,High
1.287006765616105,-0.5137422501846616,-0.6439041651011791,0.3532587065950103,-0.6841121000601407,0.8050345040738088,0.7788238152287362,0.282817698559203,0.7474795425216937,-0.5299570142935722,1,Type_X,Medium
1.1668904795116541,-0.7305597869726055,0.6671629649471096,0.7769045586319457,0.09027511802799151,-1.2719869930291012,-0.20873587147116854,1.8570730410673328,-0.27586789485837654,-0.6665749475730136,1,Type_Z,Medium
-0.49195344342297226,0.24960759908345503,0.6014158999730557,-1.13273240584606,1.5287277210516421,0.4421540754404534,0.106126376253371,2.2162427045740136,0.23039267269352956,0.046473540024107335,0,Type_Z,High
-1.721518087360912,1.7049422394278313,-0.3918596149883786,0.24083223407348872,-0.3643608074802966,-0.9220072797126307,-0.7509354396802337,0.7822716028883318,-0.23632096332266248,0.5327812482726588,0,Type_X,Medium
2.0476204385457706,-0.9632848391637827,0.006307513818662146,0.9706929106250197,-0.8990866687871942,-1.6622646637831844,0.019603013242199412,0.7815943440229168,-0.5411005407494388,0.057924056229579156,1,Type_X,Medium
-0.008079653894814302,0.7907258577735752,-0.9478672989117229,-0.8965332731335641,-0.12562695239267993,0.7563263990357753,0.04087978873768668,0.1336531456370861,-0.2572072317569369,1.138502249531115,0,Type_Z,Low
-1.053505639181518,-0.025571602856504644,0.4118066827100332,-0.8480602582168302,0.510816872352976,1.6262842210948052,0.7791633871096517,-0.14241177623237697,-1.0982433506364164,-0.3251861571602319,0,Type_Z,High
-1.1091724252592012,-0.7136039018504483,2.52043971610702,-0.38434267926295906,2.64965374032556,0.7850234863503275,-0.3037684209781736,-0.6714187179484302,-0.9501208946017606,-2.2026105183138283,1,Type_Y,High
-1.6131865777672085,1.2376282156093035,0.24577473096042898,-0.7044358118154727,0.6625802861672606,-0.9844273137314177,-0.5667376951514356,0.3491088922697412,-0.41432601040372474,1.0082784612313755,0,Type_Z,Medium
-1.7412627815007384,-1.7691807231498617,2.095285527584688,-0.7545057640112593,1.5482185577899752,-0.5214552418618355,-0.9160596956010785,0.29931725133709647,-0.1178510050287766,0.6694394305108975,1,Type_Y,High
0.2976224192663641,1.7818863004049936,-1.2114853281148266,0.5534592520645139,-0.4956361170173426,-0.5299910755659695,-1.6698028984193174,0.9224545042640669,-0.40849081521885494,0.4789225716828859,1,Type_Y,Low
0.9086631362135741,0.47784543503679977,-1.1224459421422757,0.26932780151635727,-0.7227661317410239,0.7463444440517926,0.03143011512345697,-0.7765194730367517,0.3362726206060591,-0.07297791010346612,1,Type_Y,Low
-0.9171808257986619,-0.18298891800595243,0.2943648443912195,0.5947018539736132,0.00585094164485882,0.10189112502670396,-0.7012878018627878,0.8760038624291414,0.810642438796652,-0.5109264266303513,0,Type_Y,Low
0.44419090017157303,-0.8674378894535415,0.22684427543680596,-1.197523860361485,-0.26386343796914447,0.39173167043912055,0.9378232169822406,1.2733187958637102,-2.962504517057777,1.3980150282882635,0,Type_Y,High
0.3511676760515729,0.22914635974849087,-0.5620821843411495,0.08211983725317663,-0.7426404582755798,-0.6201734187949148,-0.6749799439961975,-0.21653798232511412,-1.101242621733274,1.135529447724414,0,Type_X,High
2.3381196653031164,-0.25659556467616557,0.15373479615510222,1.4763406264867904,-0.32681423121072845,-1.4389193768655446,-0.061917243568712206,0.4142952442368406,-0.19411415736224355,-1.4858433732144278,1,Type_Z,High
0.3079022042878344,-0.23849138217933152,-0.6283651630652412,-1.1071378899404296,0.08345150785444894,0.6276067924215829,0.7156751205803632,-0.5236496487575151,1.2190904347646554,1.2149375995852185,1,Type_Y,High
-1.838038306219491,0.36525907173653666,0.022519490759307356,-0.5121044240739685,0.005228465646445522,0.8713593978234426,0.5711899886504341,0.5272585847057556,0.38226763454041984,0.1534765677414243,0,Type_Z,High
-0.9124754219403428,1.3494666995115754,-0.844743456759439,0.7540927527786349,-1.2932429778905146,-0.6475807339805343,-0.3283838940035594,0.5748671004485336,-0.5988662605611619,0.29370688109213977,0,Type_Z,Low
0.9500817672923009,-1.8725836012966384,1.3446475068718848,-0.2700437612294201,1.2489156649631181,-0.4658163941275727,-1.2331683004598548,1.196546645891435,-0.49744366419562025,0.2916270477859458,1,Type_Y,Medium
-1.4021279925257886,0.6579286659034941,0.2075602337111005,-0.7609377647237445,0.7768782972102177,-0.22833022764275718,0.25981198924999355,1.400068652153335,1.3064672529721808,0.4360078293273995,0,Type_X,Low
-0.33749955018562006,-0.3167038273682908,-0.8760982977847024,-0.29679442752435536,-0.8676891141794189,0.12865107469258838,-0.4274278257185881,-0.02126453006136112,0.9287355530179181,1.7150385958014098,1,Type_Y,High
1.2895814445890779,-0.4717900376059243,-0.07220348185745394,0.7174137655427516,-0.981257501555608,-1.2814234179634418,1.5445307651929037,-0.027218677814196426,0.24368863219022394,-0.4755583980402792,1,Type_X,Low
1.8595558451794576,-1.936588303992177,2.346845452029596,0.481867381295874,1.2207557425431719,-2.463417114435231,1.0539891763473743,-1.1115241909066294,-0.7109893701206507,-1.4610111578959424,1,Type_Z,High
-0.24785451820835572,1.0669592308184428,-0.2303926779098983,-1.7937874090689434,1.5503948051808714,1.5515134741773855,0.03963356610050579,-0.9973330207080937,-0.36493036201197243,0.5258230669140072,1,Type_X,High
1.568750496193185,0.7013638282487474,-1.8335245550827204,2.387699005267764,-2.5904010978655267,-0.8855715329480254,-1.228197773989081,-3.3499065603169114,0.13129370632512088,-0.3131640240793197,1,Type_X,Low
0.2729679023560182,-1.4281561462619643,-0.20054427360375604,2.956781161763841,-1.9383081622695322,-2.549865915737296,-4.944747434527301,-1.2840254647512959,0.04571985089452932,1.2390454139681562,0,Type_X,High
2.388941266126926,-1.4764174299179285,0.5966127282117132,0.671021109179677,-0.6357828563731706,-1.7952885187067587,1.1909333482618831,0.00467987012710032,-1.086452473231581,-0.3232278511290985,1,Type_Z,Medium
-1.0186473783549679,0.773915589811067,-0.4340749106391501,-0.2228061325445459,-0.6103931335384956,0.16941901717742844,0.5320227554127397,-1.8064591971313717,-0.5903144233356185,0.4591552075937873,0,Type_Z,High
-0.4476560936621992,-1.8860648566079081,2.020728326597376,0.4773974738229671,0.19469859842276693,-2.1323380341459894,0.4793442036558218,-0.7777728278349375,-0.8092748217232227,-0.190509939425675,1,Type_X,Medium
-0.23082763670620332,0.013578863213360211,-0.759227156253125,0.6672910809475626,-1.1701424841299164,0.24258351011212123,-0.026470458813575362,-1.6184824463708862,0.8002320279541373,0.09139987873927913,1,Type_X,Medium
-0.17923223631401972,1.3083360188946327,-1.2937383860959297,0.4452118133496493,-0.8787940731926759,0.12034795126130728,-1.8143062047219007,-1.0569747353241437,-0.7482876044795902,0.9157453313715355,1,Type_Y,High
-0.41169229513523287,0.5728995730343935,-0.643723840818607,0.5545656189133743,-0.6763644114962974,0.7726847225854178,-0.5263961225621443,1.564586770047272,-0.15357360995947245,-0.3229550157067145,0,Type_X,Low
0.40193313661358054,-1.3357500120199592,0.289381053125144,-0.45626638590100627,0.7248126480597191,0.5470927574259757,-0.024284944599542127,-0.5233842136649809,2.264866664990168,0.20071675496217012,0,Type_Y,Medium
0.005802641045727171,1.6934621402686771,-1.5668984399126245,-0.15110402850698804,-0.6995927973554738,1.11139786965273,1.0576549515396692,1.0774154936836546,1.0194813100433373,-0.25689095337428725,0,Type_X,Low
0.5021037342284478,0.17197104736576782,-0.6503952170212037,0.98578470566463,-1.0509828773239729,0.4269502779465916,-0.8186471142834209,1.4186277235356328,-1.0155999649796565,-0.36799942657047546,0,Type_Y,Medium
0.9651203525712366,-1.133175492846557,1.44086515401546,0.32998277661346853,1.4971230242850948,-0.6666115935847051,-1.5745424604427594,-1.0507085992324512,-0.5097480512276299,-0.7856196833546133,1,Type_Z,High
-0.25726153927115547,0.5619999960075059,-0.5144697186871693,0.7217508411791952,-0.746170299866052,0.7471946728091963,-0.3767986380426044,-0.8285381468802069,-0.705672851644271,-0.6545926819953402,0,Type_X,High
-0.017545361206224235,0.04912255193223925,-0.4992854601104223,-1.2840281293780988,0.319055750402785,0.03751191780837214,0.7885869863112767,-1.2282204972619197,1.543914629947766,1.4528113371868607,1,Type_X,Medium
1.322030590952894,-1.9201418345950645,1.5266767529009473,0.1829535885536861,0.21657519968270147,-1.910082904976573,1.485033327836657,-1.0723100866869404,-0.533464429829623,-0.3908331491657039,1,Type_X,High
-0.2029855810123378,-1.090363828100552,0.06869661528720185,-0.8853198828172864,0.25031991526037983,1.7093041402737814,1.097515064883657,-0.06872981352124449,0.9725710189808022,0.12343311773858869,1,Type_X,Medium
-0.9328709751442387,0.9376972780051337,-0.9872401679024874,2.1143257488370506,-2.2106401821284227,-0.5913176334930568,-1.1015883467703766,-0.05255606032534515,-0.2838156481985883,-0.49257452372522814,0,Type_Y,High
-0.42654734105482645,0.36814387006847954,-0.36024700934149556,1.1650962057832446,-1.3022131285735221,-0.7140687752148464,-1.1830434961351457,-1.0323918202842173,-1.4675277060520442,0.20983552989840315,0,Type_X,Low
0.689875060254769,-1.2551401438987064,1.7193157616915193,1.0541074203798773,0.37436961939928515,-2.503432902798823,-0.07171854301604508,-0.1490432414194471,-0.6071755956237627,-0.9432796814719264,1,Type_Z,High
0.45066372293304147,-0.9240513614657796,1.3765525022406229,-0.26349040869797546,1.3130115876096662,0.5293373094489203,0.17507654729699315,1.1693508106777224,-1.2176974451506162,-1.2115628051134268,1,Type_Z,Low
-0.2945170925408873,0.17829163594908015,0.6202293658290489,1.0831330494713332,0.2648896234604541,-0.1632987589739406,-1.1026953862679212,-0.8739838448672506,-0.6035236443518129,-1.432040797958789,1,Type_X,High
-0.9055927153644729,0.852711529875197,-0.3976767452456342,-1.8977829998829325,0.4721682997615379,-0.2843774446164554,1.0074859854843898,0.4684074793017351,0.22409502828142408,2.082352951374187,0,Type_Z,Low
-0.7919342314887051,1.345948990322001,0.18264739267672842,-3.4338422479349235,2.4602755310323148,0.2848125638692418,1.325532024833845,0.7009520242375535,0.11059553943318567,2.0737283844405114,0,Type_X,High
0.44277829951489783,-0.8122672527556423,-0.10231761959017668,1.3713436047264418,-0.9607620795864861,0.6913964721387086,-1.5439153703575097,0.8756362562443066,-1.2379855110976012,-0.6567268747866827,0,Type_X,Low
-1.2274449121943503,-1.716743164980878,0.9336968390963141,0.3045006920258255,-0.22435164908969527,0.11918496343576565,-1.3930203685215046,-1.9230129258107624,-0.8071694242556083,0.6842477608770895,0,Type_Z,Medium
-0.473983671605862,0.5229342450952426,-0.2767451899866695,-2.4861167092368737,1.0081836411066067,0.3681260332619821,1.3480188760519496,0.23233850759247146,0.2488349030718584,2.0859808731090284,0,Type_X,Medium
-0.33368867757831466,0.007918630560133874,-0.7263957129619504,2.3181756085813876,-2.120884351612266,-0.5997283182715505,-1.8955944834407104,0.3117950084753065,-0.3879543381650831,-0.33364763102108863,0,Type_Z,Low
0.539256012362977,-1.7157531926324998,-0.21224130287859466,0.5696382198403594,-1.0226919494236462,1.5730182882312502,0.17266873444409217,-1.7318850815186713,0.18905786573526567,-0.36346101830990857,1,Type_Y,High
1.7454774274191305,-0.3449969580621329,0.15537269394726072,0.3938698683190422,-0.37467888336773614,-0.5568369030184297,2.209731079076971,-0.18197529062436885,-0.16709330345810833,-1.3082616947821317,1,Type_X,Low
1.296928772599609,0.4968799300839127,0.719850830945316,0.7697318001036845,1.503790327363019,0.9075883148854531,-1.1115409817879462,-0.3447520355793115,-1.0158800508988661,-2.720630890225922,1,Type_Y,High
-0.3362076829669807,1.046693613385115,-1.113659157449382,0.27288242985492733,-0.6398103072818345,1.242035274718039,-1.2712155898047834,1.2660071438273561,-0.7449247403887731,0.2227510597250708,1,Type_Z,Medium
-0.7925833633579444,1.4376335289463644,-0.810714035102912,-1.1592121058225084,0.01676984488257309,1.6637962839538958,2.08062309011172,0.544713138278605,0.05840046343760575,-0.19021967528825334,0,Type_Y,High
-0.8182465898811936,0.6723410682435007,-0.3577564596636825,-0.9727286481911845,0.6841851063437077,1.0183781278122985,-0.5062108019021905,-0.10820959135682671,0.39750389778634804,0.7291668222098574,1,Type_Y,Medium
0.6047341252620596,0.9812360147189585,-0.6903053092755242,0.8937890143900967,-0.4280834061900656,-0.23270819490904368,-0.9623843130504984,-0.14771320030170448,-0.10487939331062213,-0.542638400455393,1,Type_Z,High
-1.2252807521330322,1.895429247941428,-0.8320210673838357,-1.2193413316885109,-0.009720328285636456,-0.6698954972813381,-0.21129700073874894,0.10012119790939947,-0.8054290585756214,2.0784322417033696,0,Type_Y,High
3.754771013630892,0.7021466667463613,-1.828726836674139,1.489702654703205,-1.8492436732560689,-0.2769671976993645,1.4984376132029977,0.023011971193533005,0.17058714298533278,-1.446872940859155,1,Type_Y,High
0.31464519005185837,-0.3903014958122883,0.24714651311873076,0.37461501648515044,-0.346789282871328,-0.44330119392838263,0.8277104204448912,-0.967914640193401,0.009990011790040651,-0.5085314762162572,1,Type_Z,Low
0.3042837609256439,-0.9468811348683362,0.3588800800342016,-0.8425628309012037,0.23701729134096922,-0.14056575710019692,-0.6390452531946709,-0.5103572768192394,-1.6726842221079983,1.562319002724826,0,Type_Y,Low
0.437296174480348,-1.3704289512723915,1.357670981529231,0.4346062709957341,-0.1531058621508885,-1.699298822872826,1.5951692874295977,2.347139985443441,-0.597060569641582,-0.6544029129074924,1,Type_Z,Medium
-0.6754526543354734,-2.5227145876795105,3.0535128098754725,-0.369938125341689,1.439457703111113,-1.8804864385369704,0.6773279920234895,-0.6096410545739064,-1.2938140550159405,-0.23618689356035416,1,Type_Y,Medium
0.765415840239842,0.22723842077779544,-0.2794851337039186,-1.1014945889344718,0.9992405660524476,1.0427617970036,0.21642970915107465,0.3734216349696208,0.41754674609634645,0.2383640640605981,0,Type_Z,Low
0.5504051612332889,0.6714605483019258,-1.1992859189534164,0.5156549883904284,-1.0010327396216478,-0.5361417209296848,-0.6472268382138396,0.007979832971928953,0.7406706444365325,0.7352239405310292,1,Type_Z,Medium
1.6523465013812322,-1.0740204959316924,-0.492801725396689,0.06574669705347383,-0.8715838585760216,-0.47680127039272757,0.6579689004744889,0.03568276896423146,0.401102264808256,0.7774839009087646,1,Type_Y,Low
-0.7452162625589976,-0.529058534823974,0.4001146993364631,-1.6839788084307146,0.6158927558571712,0.42895740949880934,0.6689516205710468,0.010847012962506923,-0.8541350926640787,1.5930119233443358,0,Type_Y,High
0.5848478100872492,-1.3365581606898547,1.8476823050120714,0.4957720945016249,1.2852117864555739,-1.5199910940806711,-1.0919019080217134,-0.20973600389946762,-0.6575113794743106,-0.7549473822682374,1,Type_Y,Medium
0.11855404117196597,2.599434205826405,-1.6096827354406393,-1.9447965900540471,0.4601795533270939,2.5245702927668323,3.2874718517178656,0.9616987991316003,0.5409383122029932,-0.5391316670866797,0,Type_X,Medium
-0.7980824231041358,0.5833380296988333,-0.2532350188382047,-0.9907128098430892,0.45503411026000523,1.8547273757028606,1.189625449501149,-0.249340648531157,0.17132490308990395,-0.34109147483317587,0,Type_X,Low
1.9077321184204639,-1.3434987880527012,1.4411347998117474,0.7371295339248478,0.9421320293008726,-2.1377049306886966,-0.37439427346421095,0.4525528905268475,0.043944565212246295,-0.9161214089895324,1,Type_X,Medium
0.7739478198778537,-0.025139303652102072,-0.5406728806620004,0.9931080197064156,-0.7589310705973614,1.2089191347384496,0.16400795489371905,-1.1813392999482832,-0.006086468213541628,-1.452412942904831,1,Type_Z,Medium
0.033243510875959593,-2.244274548517508,2.454856578082569,0.2537780687371481,1.1260731785874778,-1.986356627554416,-0.7350238605151954,0.19080515559273553,-1.1931762427140342,-0.11810822516577679,1,Type_Y,High
-0.2585185451275502,0.738303033958878,-0.8573730650737325,-0.6733769742206225,-0.2585366123929627,0.21698107305582595,-0.19118628543377622,-1.2429011013904994,0.018320590231112772,1.2966148714370527,0,Type_Z,Medium
0.33234279938954975,-0.8107798084528203,1.5747204793981535,0.6987073926321716,0.19881509099158326,-2.029882327016624,1.884000909379,-0.1807143315583752,-0.18717806933173434,-1.531091789222791,1,Type_X,High
0.6658906325425262,0.8399003231330857,0.09935828648758221,0.8293829484032662,0.7161166290147828,0.41469066412155253,-0.23282688434707605,0.9468198402691624,0.7061771885168717,-2.2072304329365533,1,Type_Y,Low
-0.09234868712539353,-0.22582254082651074,0.03529939666928545,-1.322915412722062,1.0309368977118358,1.1758937063178754,0.6828089950224588,1.460961318596951,1.1195008665165516,0.38603720142575676,0,Type_Z,Medium
-0.7263367305841041,-0.48569315742187524,1.0960761111292916,0.36412407472022584,0.8260716403421069,0.03503333170895595,-1.019235068339186,0.7322636985926246,-0.3977367081390093,-0.8288057978897244,1,Type_Y,High
-1.0569699244408737,1.5151965981895879,-0.9494792460311805,0.8790185403060963,-1.3172699865919337,0.8621940280807925,0.6638975353819357,-1.510320382267978,-0.37784164440966134,-1.0830519993995218,0,Type_Z,Low
0.641563112518023,-0.1614404999764838,-1.2277177952879488,1.5263440725360042,-2.023503736020995,0.10195590138554343,-0.7373178661029482,1.0218678148096358,0.25786788616200945,-0.011555617190924721,1,Type_Y,Medium
-0.06918151111412596,0.1275606382826706,-0.07478183092495286,-1.0885286566958579,0.8910498206785504,0.6981140310379319,0.3284178627805094,-0.5274235893618536,0.8851443369848364,0.4693720564723632,0,Type_X,Low
0.07490295164826984,0.2157782171274624,-0.803551755232029,1.9420914903596624,-1.7360124567298814,-0.5089593636107366,-0.91082210037001,0.8461214133987971,0.5702829265795979,-0.6662450101162529,1,Type_X,Medium
0.16132953237310263,-0.4434742762606492,-0.6332815857115183,0.5671907880580153,-0.737923949868439,0.48352488126300774,-0.4483189662953727,-2.9821179430552944,1.4195306821159825,0.08016526766234361,0,Type_Y,Low
2.0262749117262664,0.6361142195402014,-1.1053256368829794,0.3277464459260105,-0.10259789843912485,1.3335973005011812,0.18275655196530463,1.3319233373891897,0.4486965171826747,-1.1593591143963926,1,Type_Z,Low
-0.1730402446962721,-0.6482918887721411,-0.2010663287629469,2.3890440846727103,-1.523721188710551,-0.21771954326518905,-2.67172879442763,-0.6210155559676834,-0.4613039796869445,-0.6794221520416813,0,Type_X,High
-1.6503193056937167,0.03461597490676116,0.3236735333974915,1.0261493033365858,-0.4363410167755958,-1.0652740821361582,-1.111687472877785,-0.4290707422878338,1.1412830693593399,-0.04955143069177109,0,Type_X,Low
0.9222485053450161,1.9418397365453768,-1.6022854878747883,0.5684806404388671,-0.7707783658941396,0.0839089582997632,-0.8730994578299187,-1.7878906243753845,-0.4742297954438261,-0.012866261883657398,1,Type_X,Medium
-0.7711789600046512,0.014728914527598586,0.5946391529217608,-1.3521860470516527,1.561603423174657,0.9345573154232292,0.6718932545365236,0.8844561661444843,0.9873307492653073,-0.047701993237750664,0,Type_Y,Medium
-0.965368374056417,-0.9674742295820323,0.5203857185767795,-0.09559126361550542,0.0627113449956132,0.19540225837476408,-0.9431700676744513,-0.10186148744445675,-0.19183505979949875,0.6993519895923427,1,Type_Y,High
-0.829695565201837,1.4113264560665133,-0.6102425896122602,-0.16725232382634103,-1.1033621111645886,0.28227606136394795,1.5303373023290279,-1.1772047689140044,-2.261577347095188,-0.0021026368436060667,0,Type_Z,Medium
0.7283617907593328,-0.3168254871511345,-0.8142221144771346,2.112955877773585,-2.0731264011546613,0.11460921031409953,-1.4614196341203696,0.641324577007651,-1.240144479168211,-0.6278762768812256,0,Type_Z,Medium
-1.218337512540842,1.0590781879145126,-0.6773091039282607,0.6157289307439068,-1.057639423776973,-0.0779269461222483,-0.10730001672549491,-0.012328087553693242,-0.016781039531510333,0.01887163574826776,0,Type_Z,Medium
-1.19969767243983,-0.9299696174404829,0.1620523395683375,1.9941338762090628,-1.810679940486758,-0.5997558865100922,-1.888756087794807,-0.21046271391861185,-0.9726326040779735,-0.026612912627118335,0,Type_Y,Low
-0.027058871861021738,0.15049307969895148,-0.7802737834798009,1.0775962651331774,-1.2422712939780252,0.20927489164426819,-0.5847179267403618,-2.291109164669644,0.37998390246943814,-0.23446541226066317,1,Type_Y,Low
-1.231984739175964,0.0777520832489195,-0.6266172561991676,0.4312450527216325,-1.1524284690999007,-0.7677743690715918,-0.7352871590164198,-0.831555637061711,1.1478030088777318,1.3197334362917108,0,Type_Z,Medium
0.2682982893851273,-0.8480591863377532,-0.18534732159090073,0.7364900283635809,-0.8065108819962091,-0.6989455015581728,0.2161908415583676,1.223259808300242,1.8938742699002116,0.0671333839929123,1,Type_Z,High
0.0373786896611034,-0.1351048671465396,-0.7025020451154196,-0.09128997499626647,-0.6216788797691776,0.2169507397522754,-0.6705718537153861,0.1482739268673949,0.18827696073805558,1.1296202982418122,0,Type_Y,Low
-1.3351607651652109,-0.3496197554894961,0.86488097719324,-1.437709005817946,0.8381175547017433,1.3436597464963178,0.9950124876322912,-1.1579763758837058,-1.7982663592950943,0.28870387668210024,0,Type_Z,High
-1.6040993545844506,2.3883644786961007,-1.0832886968321789,0.14042949146577213,-1.2342633113350432,-0.22260299044832302,1.2445389440418406,1.1025629129853929,-0.6205821731103479,0.009042266845275313,0,Type_X,Medium
0.15589923848806522,0.7635981726517119,-0.8241653429870148,0.12772580275802808,-0.2708584392583051,1.0314791120500177,-0.7462776774135997,1.3375523711237327,-0.3830387971299248,-0.06714841216018616,1,Type_Y,Medium
0.9043793377916416,-0.4936858420490897,0.3621814412712932,-1.2589499465540643,1.8473576992126193,2.048601547254182,0.9537885962585461,-0.5690509412597816,1.4709355745772739,-1.0109305131671966,0,Type_Z,Low
-0.6568765408455022,0.5072155995134315,-0.5295504501027124,1.0239720413247653,-1.594391329567316,0.7579483471683833,0.4909070239492761,0.6287000576241842,-1.6251855379628342,-0.8629041352739852,0,Type_Y,Medium
0.9343209230626389,0.6316926830793566,-1.146177217353153,0.42400436459961116,-1.1917996262592163,0.8943618039336616,0.45679559296593486,0.477609372141463,-1.0975252265155482,-0.3080947075959939,0,Type_X,Low
-0.7669534561361319,1.0154961044978277,-0.7046969183479469,-0.6120454169897112,-0.44690850324836084,0.21408633062015262,0.8267027486855439,1.6762839026468597,-0.12206122651178991,0.7486538733649851,0,Type_Y,Medium
-0.24909145883847372,-0.7476037897060719,-0.34655387132640353,1.2043999838083006,-1.3228902274646037,-0.22034502198011013,-0.2672796458234548,0.6923510601068831,1.2983349038192473,-0.15179913910309004,1,Type_Y,Medium
0.3425987261886737,2.137637313662218,-1.853877804193281,1.5863331167941188,-1.5689117326996052,-0.3902784470856868,-1.0428289835812874,0.3720819034663254,0.6600460867611176,-0.5013129506413294,0,Type_Y,Low
0.6986875041292859,1.0612600224850384,-1.023352833107017,-0.07991493533440991,-0.3012115210890271,-0.4506504111174506,-0.28941374706675477,-1.7111623526192663,0.44246503352869293,0.6695875890342713,1,Type_Y,Low
1.0360621291826482,0.09854885666133105,-1.3598639532031995,0.4364696831733431,-1.3419625061060592,-0.28742677876626527,-0.33703220519686644,-3.349481271598129,0.7247920243667649,1.0134246124606172,1,Type_X,Low
0.6577952902424467,0.07818658090524626,-0.9196760269339462,0.7972157009334148,-1.076013101993849,1.1556761891218579,0.13296093714247956,-0.22744374551298005,0.14845276002199823,-0.762776172957619,1,Type_Y,Medium
0.34608536064906387,0.3427018461696166,-0.3740882281779732,0.611827738391755,-0.33914659475876185,-0.3707904011485255,0.41503660291604544,-0.6616326548861923,1.476584561098442,-0.6725435912186826,1,Type_Y,Medium
-1.6681897806031396,0.19485904959253234,0.795410342422856,0.029153699737328655,0.7610347304350958,0.41041432232752956,-0.33192896333811794,-1.917759670436265,0.3083698681736017,-0.7881081284821834,1,Type_Z,High
-1.294131813431273,1.6815799107508593,-0.5145506096222983,-2.1235441691728756,0.7120770186270747,-0.8327846681393827,0.1312337752265101,2.069057300913014,-0.5313662018732082,2.7541774042773643,0,Type_Y,Low
-0.35164830973639327,0.09106240366543876,0.22040217465769152,-0.9326947630669347,1.0340341521254577,1.035806981488971,0.2792240169612891,-0.7617940687518209,0.4480220374970939,-0.07552252519800585,0,Type_Z,Medium
-0.5254883198957673,1.1668386470561831,-0.02935199259620182,-1.7057182636651345,1.4300567995504414,1.0184681541526022,0.6798308012177993,0.5231152744499591,-0.2664604335840905,0.3450764581370188,0,Type_X,Medium
0.8870909354755183,-0.9574364290951132,0.5359047578364601,-0.3325757799920508,1.3917413255869824,2.208229367971382,0.5755048803824198,1.7232452867906107,1.4612380677880723,-1.8494491791497738,0,Type_X,Low
-0.6900587476901238,0.9738291191475911,-0.5148769902994952,-0.9870785162886313,0.009898658986901353,1.7277167377022222,1.8421362059782451,-0.4834452696106406,-0.4727139366257914,-0.3354568216851532,0,Type_X,High
0.5190207011139039,-1.6248102221297942,1.101512057813661,0.5638942558759802,-0.5341553369017346,-2.05947431757188,0.9308924574444271,-0.8878277817417664,-0.4391486519725503,0.10873857339200463,1,Type_X,Low
1.0302239291853383,0.20555867010240858,-0.7711050796462583,-0.03989457348278085,-0.29164648218896344,0.4966026978873652,-0.02301071479998242,2.3176450866313663,0.17149074746435325,0.15183198136501383,1,Type_Z,High
1.3073427403739166,-1.3428700816689698,0.8028507646760101,0.1480645960023495,0.6002797989217995,-0.8780428730634582,-0.45605910305036973,1.5934643368590309,0.14775785874475128,-0.04028015582957386,1,Type_Y,Medium
-0.4893982862959878,0.4312953343571799,-0.29884712353098686,-0.9881578916598335,0.5352471518684673,0.14446968609141514,-0.10166681546108244,0.10049191137983432,0.8131365485992385,1.0980324902155947,1,Type_X,High
0.09083164132589847,0.07789203062425809,-0.8619338026739791,-0.16090559652338748,-0.643092458951227,1.1895685453284535,0.5786907362484783,1.9390976095615768,0.6349079126974675,0.15198907811088705,1,Type_Y,Medium
-0.7787085141323948,-0.5526246175997244,0.051280623412701634,1.7034905573777412,-1.1247220094447494,1.097019232183057,-1.1796486479551103,0.28467386498988434,-0.6788108969993106,-1.3888217021607672,0,Type_Z,Low
1.8997653480448564,0.2689718830455552,0.34055403969480863,1.0271592189297374,0.35971601424875027,-0.40977360286341197,0.43818125583675654,1.2645858892771151,-0.445337341756501,-2.2561965929975716,1,Type_Z,Low
-0.5918074952583615,0.7420119776268418,-0.29062709479983395,-0.683626237378119,0.3808197152706077,0.5917726048478964,0.11786119616247813,0.23057195959547713,0.12753001612208117,0.33620905213348784,0,Type_Z,Low
1.4033311813460667,0.9859674126919582,-1.113301392134364,1.2597444116083782,-0.9984858026692692,-0.8305936281902383,0.038925438856510404,1.0675197210801264,1.1033673723291848,-0.7992086256564666,1,Type_X,High
0.5677950546307108,-0.7039405646047443,-0.04793914983630998,-0.985798778071045,0.106528668631953,1.1107322092607301,0.5084136622431747,1.2247830581795238,-1.3303988053531695,0.7483347551365056,0,Type_Y,Medium
-0.4480560576436165,0.19665663212521975,0.7127370862966625,-0.9318294050223722,1.7202046139666036,0.9268003095874955,0.45908407163277054,0.40089546617585975,0.8770071588875606,-0.8187607574167937,0,Type_Y,Low
-1.6094412559734794,0.6578867413280852,-0.06118648165064331,-0.046944530373294796,-0.3280290117777435,0.022842250058751738,-0.057344187495531516,0.37065479253745187,-0.3267474681964004,0.3284319988863325,0,Type_Y,Low
0.4821735365562912,-1.3108215121498732,1.6627097170267129,0.3718430887487123,0.7943628530364603,-1.603378794754657,0.1956408830099893,-0.9777171107577007,-0.3675503922145112,-0.7375421818287666,1,Type_Z,Medium
0.11508838763391137,-0.745290300520974,0.04988482587858862,-0.20389542069056335,-0.05792957695673768,-0.63051940841692,-1.5030771191402044,-0.5601531772849538,-0.4725043428259501,1.5947310373181183,0,Type_X,Low
0.7640671822294284,-0.5689012143066995,1.4183363679984988,1.1641087093747946,0.6704964735265365,-1.7873104664577388,-0.3867244473502771,0.4671366654753017,-0.3637422199532747,-1.617819900570764,1,Type_Z,Medium
-1.0028623113097925,0.4605007313131755,-0.3703809465978656,0.6270594210672916,-0.8605861875176236,-0.35150507041822343,-0.7884636043728378,0.720757737606976,-0.19668744990197073,0.3756056627108025,0,Type_Z,Medium
-1.434943502702243,0.8451612128593219,-0.0896212063919529,-0.7701834867853656,-0.3432177395434119,1.0226209533378539,1.750361108169401,-0.12289260560883707,-1.558354637868714,-0.06265626395137586,0,Type_Y,Medium
-0.3743411942965353,-0.8800356835618806,-0.14828772839272533,2.2508608652351887,-1.2580125258193788,-0.14643358869367012,-2.946279403322841,1.5493255841759166,0.45617321505580904,-0.47323435506691536,0,Type_Z,Medium
1.065266797391649,-1.7028978210309562,1.3595362858646192,0.3552036183641652,0.30158709066578954,-1.3785404397047027,0.01902760492271585,-0.4158668117634317,-1.1858103828450544,-0.21432998570145315,1,Type_Y,Medium
-1.4104849745714252,1.3579014535699692,-0.5640266930607953,-1.604020877920811,0.3779731466441208,0.8041413568024378,1.6751175651453554,-2.041336717919409,0.6619591390318772,0.8324683493769951,0,Type_X,High
-0.43369691069261446,0.6526040004494682,0.19784699577148893,-2.1387626487013107,1.7641328443849438,0.4030401243846428,0.7528553879527824,-0.6639019955524041,0.6040320130634618,1.079600306603841,0,Type_Y,Low
-2.5020959019012814,0.659830335109757,0.37536615411642804,-1.6970373407518355,0.502201402048432,0.9679187211666552,1.9581009803042624,-1.048755282521766,-0.44706094254550127,0.6404670014751257,0,Type_X,High
0.023375490120787046,-0.2745435084273683,-0.3127272362515488,-0.33964063473906286,-0.020766903516874904,0.7978914306566648,0.6201708093600826,2.2336785013761986,1.2277263567968841,0.04939759206416036,1,Type_Y,Low
-0.6552728437262056,0.44658749178806695,-0.7997112030952103,2.258909480273129,-2.263038359591544,0.34158478274028775,-0.7230209113371099,-0.43406099397833725,-0.848169307294529,-1.2591810558185261,0,Type_Z,High
-1.5860593410664636,1.3299443445199197,-0.7783210690334176,0.8773858240409129,-1.6081528257567663,2.4923524229497827,2.308484483842498,0.5991733183790393,-0.9256786773312107,-2.4192817610321558,0,Type_Z,Medium
0.3845741954528018,1.6501788055138567,-1.2751532286502318,1.1508018675802272,-0.991195784560215,-0.24750335190244818,-1.589192925633248,-0.4247451661372137,-0.6645073797354132,-0.16493213454112013,1,Type_X,Low
-0.35388217141975764,-1.677632303157851,0.38324820684089245,2.323931836000011,-1.2913725147929629,-0.6718266397777922,-3.5080808376238033,0.6477874947609206,-0.5129458301652206,0.010873018816898712,0,Type_X,Low
-1.2033961661373698,-0.9362051734789144,0.6068966965184682,0.1294407171412184,-0.7212281574806129,0.7925955180362869,0.3205797103794121,0.20637382742227506,-2.0981801896723615,-0.021385818643274473,0,Type_X,High
-1.1593968704195698,1.4575983254289238,-1.1054099566980498,-0.5833667077247937,-0.9363013819332276,-0.49775251075539495,1.0536725915515985,0.8387726165472954,0.5151417743596353,1.3588006566906592,0,Type_Y,High
0.22051789250653775,-0.24851118741683131,1.1578089277497263,0.5043084617599265,1.091869615152199,-0.431560462964277,-0.16637242041275738,0.07354525116489505,0.11214340362380537,-1.6393176262820854,1,Type_Y,Low
-0.6899774873201697,0.32170602394776554,0.15152922800638022,-0.9491549796297547,0.8792808282247808,0.34370114336400714,0.17922767204631523,0.8210230170031624,0.6564882105306022,0.43901423451874355,0,Type_X,High
0.5191049523013818,0.6393291487490531,-0.23433331380695283,-1.8418390483689075,1.4263688630205935,1.016601589414493,0.5053235961972342,0.24586230444930515,-0.07687216340202474,0.760920214653804,0,Type_Z,High
1.229392760228071,-1.8279335440804478,3.1521836822873306,0.2110851411991053,2.9084670258560634,-1.239401987743438,-0.7188678407514383,0.865238313364476,-1.1580290816759895,-2.265450154088626,1,Type_Y,High
-0.5243599474201154,1.5075474670589517,-0.8118381750786509,-1.9926678142875434,0.06777152531795869,0.10629099514358864,2.1028253560729904,0.2962996493996046,-0.7239239661696708,1.6705220725327377,0,Type_Y,Medium
-0.12891521656095067,-0.5572099723082197,1.5319817380571294,1.2268666814154625,0.26102483140376925,-0.958885547479001,-0.5419526634568002,-2.152645787747075,-2.0760829870052744,-1.6957264501487848,1,Type_Y,Medium
1.7148322034331898,-1.5799162235840731,1.4249076189800098,1.2310246177391704,-0.7533271234091157,-2.7694245987850445,1.5385941383123556,-0.11832504493083837,-1.9045515072156916,-0.9862878741630661,1,Type_X,High
0.6202607736969005,-0.3112638136350756,-0.16122163955672153,-1.0616399824218263,0.8304607195373465,0.6848645113800167,0.02277005619095881,-0.755804950148634,0.8145154466218456,0.7221805013672292,0,Type_X,High
0.782533805839876,-0.7108287217068227,1.9822796965660978,1.0674461719886135,1.2738575768076865,-1.429375336526525,-0.3675609239812063,1.1842082640674607,-1.0658859020622629,-2.278860827017293,1,Type_X,Medium
-2.46307045559478,0.032654742682156374,0.9260731587971917,0.1966998234108531,0.3807275001359783,-1.1205579734723023,-0.5723409078451817,0.6149622501380196,1.2480879763290906,0.2072589343260399,0,Type_X,Medium
-0.22421245419859925,1.7748086233303455,-1.5507002926468578,2.339539474135164,-2.2140228930138726,-0.20155512877001763,-1.0046302062852748,-0.18919907313176257,-0.14679619913205186,-1.195267103225002,0,Type_X,Low
-1.2677112366796026,1.0694479488014745,-0.06301879004519378,-0.857651826111529,0.5198511161285,0.636424381825996,0.39858517988648845,1.0504103477653581,-0.36587734387864057,0.2124292309820305,0,Type_Z,Low
0.6595839890804153,-1.1733489380701256,2.1152010654095594,0.8763606618743992,0.8313850149390979,-1.450624480352276,0.33757104541092,-1.7317603675650377,-1.8935491118559693,-1.9157420136403367,1,Type_Z,Medium
-2.0068951988534063,1.012365314588365,-0.31779344749837857,-0.13064293624778486,-1.2024135371976306,0.9988687306540122,2.105244517202456,0.3407184926929425,-1.4526066062982814,-0.44177984336789283,0,Type_X,High
0.9954404035216655,-0.6478110192673759,0.8159756458080374,0.29506449886015507,0.5413351557103995,-0.49515485981064256,0.34066932375498404,1.28222599288798,-0.4279812069245044,-0.9948421295545098,1,Type_Y,High
-0.6943236129068714,0.769852866358962,-0.8108276097865947,0.2769117958478821,-0.8467235958289498,-1.055641236458263,-0.905656127545088,0.6968642755407454,0.6424096511477418,1.3221894835830355,0,Type_X,High
0.6882037142950117,-0.6382740728934618,0.27062269456945803,0.43765697814181787,-0.021273341820711264,-0.7760457918812221,-0.27655759440621674,-2.932435934913092,0.44378555026688876,-0.09645480739728324,1,Type_Z,High
0.8331864534151755,-0.05528224437309064,-0.6064687392580038,0.05905377772792904,-0.32873068394790916,0.5313672715718359,0.47443313263185166,0.06525879730585356,0.8210778974636505,-0.17734900544277346,1,Type_Z,Low
1.0799309108499244,-1.5496049395423428,2.885755455975351,0.5736100197999678,2.289594750968775,-1.5259280134117166,-0.6600948188981676,-0.7942423329538526,-1.50120852536213,-2.2165725131581544,1,Type_Y,Medium
-1.1107701984423768,0.8347509900277122,-0.6086782755676149,1.4826899603124455,-2.0022345167469955,0.16393854414626235,0.18731424646763234,-0.4858071830738407,-1.6316214538424794,-0.827290528295907,0,Type_Z,High
0.25439263446643046,-1.6237083359156044,0.27672022400114427,0.6416374406838619,-0.566660923085263,0.3161970928119378,1.1359319726712678,0.2706169634666246,2.1372391074968444,-0.8341578549234224,1,Type_X,Low
0.004547142048743409,-1.9675210318869496,2.5468828975949873,0.3639060780510282,0.8272465115663413,-2.2873900887379217,0.5989796426375221,0.8487279791304602,-1.4242126907518826,-0.709127027814168,1,Type_Y,High
0.7859273855862422,-1.168608336897089,-0.5715692665680393,0.092459251932247,-0.9100125766377596,1.6202012947357176,0.8753007022072128,0.4343372996600037,0.4549196644894642,-0.1788007752459293,1,Type_X,Medium
1.2071850443369834,-1.7116258913793263,2.0083903063715813,0.43430275933674667,1.0459099758971018,-1.6789612084932326,0.43675610879800986,0.07922154648527657,-0.7811397016057202,-1.1951021353619344,1,Type_X,Low
1.1859445745960047,-0.6545360670065007,0.6275342302882553,0.8867229853005836,-0.2111961324735866,-0.9776141557596066,0.12420329184570979,0.7982161819692427,-1.1245317416680585,-0.9405816134929359,1,Type_Y,Medium
1.6023294012601452,0.9395909105450218,-0.9027929362497398,0.9546368883862794,-0.5082831875586703,-0.40202462597765304,-0.7161418587121497,0.0735146382963677,-0.1449095976680959,-0.64307803824434,1,Type_X,Medium
0.7515493581083855,-0.3492054661426401,-0.46434187165283153,0.3701913687704407,-0.47723207871741663,1.1536972806404868,-0.29113878106143276,-0.5189253820169061,-0.394852566391856,-0.41253708662867233,1,Type_Z,Low
0.5339377007306423,-1.5791685406478086,2.1507388758467947,0.6020662817049086,1.2844661404945443,-1.7764550388097,-1.1576202149924182,0.07582789790195771,-1.1426657519381702,-0.7950213253458704,1,Type_X,Low
-2.3509382680202586,1.4693024531904726,0.3235114982263076,-0.369755857474645,0.44279890571958413,-1.4340773687549295,-0.5356719991309631,-0.16374948722927332,0.10887376122276204,0.8672661112047243,0,Type_Y,Low
0.19472135049325623,-0.9654194316797412,0.04093203423370962,-0.39588361026517876,0.49299997261963874,1.1661782550358446,0.2509776844039353,1.0157385255826321,1.9179982167832774,-0.15721759126831902,0,Type_Y,Low
0.3466506273449514,0.31280269191764537,0.524976215056255,0.8324356208337196,0.6382318641725467,0.6067836608261818,-0.7212944333748963,0.8607887629297444,-0.7827907639977635,-1.980280794684127,1,Type_Y,Low
-1.9135037085254911,0.6662464206251166,-0.4641227144086386,0.3661740582811409,-0.7868129407385747,-0.9715585557278267,-0.8433090712095584,0.36266053724981145,1.3477731696164048,1.1350014380422553,0,Type_X,Low
-0.09481864254211511,0.7547635831925152,-0.8354849728569114,-0.15307718896527162,-0.24130217123543493,0.5887834430063379,0.06500114886588912,-0.7761577034957023,0.833385923730012,0.18898651732607183,1,Type_Y,Low
0.6513510094936729,0.9044319350239493,-1.0121718350989142,1.413294864735414,-1.0992595953972015,-0.9531484223831976,-1.1379047442677688,-1.0365349311826915,0.6630941401632756,-0.23421645370637909,1,Type_Y,High
1.9937661570278524,-0.5903593599233977,0.9756671261496884,0.8046901936902316,0.7624723106039126,-0.9039832711966198,0.2498792674107945,-0.08641711839344977,-0.486469259683454,-1.8694850876828542,1,Type_X,Medium
-0.44803111984998834,-1.1947487533335803,0.9682745928215737,0.5132376100255388,0.7774069709768412,0.10167000967126708,-0.4718688176017297,-2.5763201618145457,2.1467161530934344,-1.0363661603079926,0,Type_Z,Low
-0.4203232674336002,-1.0059903158867178,1.398533270057467,0.05978896711960289,0.9254508046738884,-0.33694894833464706,-0.45651789552584054,0.8728133437965641,-0.5254896276505766,-0.5423087366875919,1,Type_X,High
0.9600607513424326,-1.077737413947432,0.6582524141794014,-0.8040021439416103,1.680498766985432,1.5487078354080797,0.3744145762989441,-1.544398813668186,1.4617807752006224,-0.9649762254425985,0,Type_Y,High
-1.6958690688133922,-0.23321860717164986,0.5334033682873248,-0.881120348578191,0.20109184340130795,-1.1546493284616528,-0.6598352630370998,0.7458019968678763,-0.5550047825248483,2.104633221486468,0,Type_Y,High
-1.0589162242146593,1.8948306653284344,-0.48628769710499914,-2.9158656965808167,0.8482771927945029,0.4898289845168566,2.936261562215648,0.7877007151665327,-0.9701271112568873,1.6771722754409746,0,Type_X,Medium
-1.496074542279763,1.9307863566542656,-0.7694388474638432,-1.0555151998956045,-0.046237317799958676,-0.31594479008675225,-0.0711605668166495,1.4925458217707377,-0.7498776271611879,1.6223249503773374,0,Type_Z,Low
0.7543502402884439,0.015379314275746918,-0.7232051024438366,0.4743453085626587,-0.6075187043657003,1.3498713772742288,0.4230583075064291,0.4740508391170682,0.39733497338877116,-0.9281669878259308,1,Type_Y,High
0.3209960387659419,-0.6777710875632896,-0.50353746432048,-0.10684566558999685,-0.25229366294232125,0.7392001124303695,-0.10800164342007572,0.6849779677305516,1.555922162615133,0.43765272465341715,0,Type_Y,Medium
0.4474912615092608,-1.1515496687518088,0.49729334064660513,0.29074908313158404,-1.1193162457064842,-1.3939103353413804,2.2983345674584212,-0.951683829867172,-0.43986339224876136,0.02527593744401428,1,Type_Y,Medium
-0.23434616046693535,0.9168695220871315,-1.1316972736936493,0.35656790563987645,-0.7644662816308438,0.7859005244193183,-0.5224959401751021,-1.1221154289885664,0.4450061300991621,0.08902651214315224,1,Type_X,Medium
0.046785003465626085,0.07071030360093732,-0.6227544470220919,-0.6095777038690452,0.0062361442699296376,0.6016255669652572,0.11999999152579366,0.8853293727856011,1.0849366982401645,0.774355392870559,0,Type_Y,High
0.4103690268358009,-1.4372462221654803,2.7020577628962443,0.9703633137547965,1.467496433099781,-2.09797440836618,-0.3366306545970247,-1.6314431644385468,-1.2851544846080125,-1.9721162658352878,1,Type_Z,Low
-0.17483239688107916,-1.2379979837223332,0.5688130528679541,0.04296458402216411,-0.4188605688246268,-1.4996874744222504,0.34588439367085283,1.157914406343215,0.45566747960911,0.9955453003502349,1,Type_Y,High
0.035822990266750426,-0.03231560625687208,-0.5593723388949093,0.5423159827626595,-0.8435944130898867,1.5506738790994903,0.23924271720077514,1.3548160489643553,-0.4321119781986336,-0.8334611069769761,0,Type_Y,High
-0.19717906042206138,-1.5486387000326771,-0.0521750515336837,-0.23223913274547256,-0.4876728011664438,1.9948917176032035,1.5028594949778336,-0.08634755606466825,1.3942570646422707,-0.4423476084306912,1,Type_Z,Low
1.3415358155201333,-0.2340785579550828,0.5423798262125646,-0.0751637068711939,1.4092697998536925,0.557868474863916,-0.12065477137831801,0.10641750029938538,0.5684246890396877,-1.4095421680147797,1,Type_Y,Low
-0.5300001312693198,-0.9373620805099881,2.176685611695881,-0.2048789378345654,2.2315348102554005,0.2224260413219088,-0.6600121238284576,-0.47175011148019647,-0.6504102257202754,-1.5780867116180917,1,Type_X,Low
0.8602754312957873,-1.487743276160944,-0.4738482324097086,0.8328158412868036,-1.2773883475322285,2.1520925239064597,1.5420715969859726,-0.36934339739251837,1.0764665001936582,-1.5256398892807406,1,Type_X,Medium
1.1649359481380008,-1.3606980169846365,0.39080674198964166,0.8803563874478157,-1.525773812099159,-2.4576004144774752,1.9367874279000243,1.0314906821050862,-0.10959560238862477,0.16619684068620247,1,Type_X,Low
0.968293854537163,-2.082445767805949,3.650255365222229,0.4011861263920125,2.3670471232891233,-2.331218416510291,0.3695747407158849,-1.6608037451441569,-2.1773054129418146,-2.2651234242686056,1,Type_Z,High
-1.8798405244470322,0.37859405493702075,0.39653376304057686,-0.0752231743873298,-0.437206455587423,0.5448210742613209,0.6268530983700231,0.871358392840431,-1.8353100919498322,-0.21698207715916648,0,Type_Y,Low
0.9628982114112837,-0.43250502288845466,-0.4227791200512774,-0.4177867732825526,-0.10050257888371143,0.3074548745288144,0.5105562802374255,1.0315052206170368,0.615009203262996,0.48160749278410875,1,Type_X,High
0.17191764579498647,0.8491584091406918,-0.510896513831271,-0.6879454121427521,-0.4145820062065338,0.8570879978752801,1.3226307806233581,-0.5413382242151743,-2.2001056200068407,0.11545858029391931,0,Type_Z,Medium
-0.5356419913172054,1.1448856535823626,-0.82662075192912,0.16997324886786994,-1.2743043318883989,-0.36214462830268157,0.5965771189688245,-1.4105985382521882,-1.305300510031785,0.5464106799818569,0,Type_Y,High
-0.7330050224317091,1.1671243821356596,-0.17501129861139975,-1.0271140073351999,0.6895368808436482,-0.04976247321844941,-0.15448110888313515,0.1396474203623441,-0.48991980348313946,0.8878031947789204,0,Type_Z,High
2.2380148365383925,-1.0972318368910114,-1.0087745317043348,0.43758838024247393,-2.3753822224166523,-1.7671881588132565,2.799757445840501,-0.7366476982840424,0.6873596495852582,1.0109242364940212,1,Type_X,Low
-2.2095044128138888,1.634591882245792,-0.24223892452698814,-1.428337824433179,0.30968257050322695,0.9325117129520859,2.016511460795009,0.3450596724766178,-0.030671214301460716,0.2653264977762173,0,Type_X,Low
-0.9827202024717567,-1.1076929064651166,2.2273209791403863,0.5593288754985055,1.1774198181701112,-1.106306947310695,-0.6516696913343983,-0.10742235442378413,-0.9839805808505435,-1.2212853450203225,1,Type_X,High
0.4321379820336504,0.13073600393023,0.2839826350523207,-1.3274214190597888,1.6583872787438705,0.8781237261204689,0.4228258435676708,0.2514705438870569,0.7462835107809398,-0.07187303447195252,0,Type_Z,Low
0.09423672533595778,1.2169378589608693,0.07134919733100242,-1.3120568687685141,1.5702547798102287,1.7376277763957804,0.3953180433960441,2.8199622797493267,-1.3189388697278024,-0.6864632234681721,0,Type_Z,Medium
0.24679944771826848,1.364448364251185,-0.9275646060853963,1.3728709413710822,-0.7132169394482089,0.7956049646590821,-1.7027680489107138,-0.927327800859939,-1.0571885476831286,-1.1680758320234337,1,Type_X,Medium
0.8518945427023499,-0.16149245633542292,-0.9558488383298621,0.6099680785774222,-1.1401572388010723,-0.570239774706902,0.23671415383024585,-1.0053116552915988,1.6456420989488667,0.4245627236064974,1,Type_Z,Low
-0.3913449120054508,-0.06517513027822638,-0.14281197143659566,0.6435387644009949,-0.5349972856813701,0.25330690853262294,-1.0485213169222343,-0.848130400381801,-0.5688881294922489,-0.043503997664540474,0,Type_X,Medium
-0.06820661521663206,-0.9419774288996599,0.5085320276992471,-1.636585956628508,0.7352088226157584,1.299558192893931,0.8272641254513771,-0.1586192315889278,-1.5130576425539288,0.9396087040142407,0,Type_X,Low
-1.702979184047302,1.3791613068464879,1.023171204413544,-1.7625463136444806,2.2280921976219954,-0.23659082054073519,0.2605386010914156,0.14892914713296654,-0.5907366187117398,0.3238752018034424,0,Type_Y,High
-0.6649777152683347,0.6623107119970378,-0.2398982946836543,-0.4147415410728508,0.13333459089748922,-0.2306562407960789,-0.48761644616973804,0.11264201132646183,-0.08247250008661586,0.8271503587630995,0,Type_Z,High
-0.9521608497659572,1.5841143224609613,-0.1590696473893064,-1.0416831515703582,0.784033360221241,-0.030652686624839547,-0.14042590206782973,0.805176131393915,-0.8649766255686296,0.7048664475104979,0,Type_X,Medium
0.3040588346679488,0.19493049868512627,-0.16802689260965878,-0.7768539732768053,0.7742823025206014,0.7879599212008754,0.09275434504184102,-0.3098310158058457,0.5727627991660963,0.13281103718041815,0,Type_X,Low
2.0989432606054916,-0.38874007749324907,1.2251365040656614,0.9630330786111564,1.5213994858187783,0.564457878122148,-1.73442512116777,0.2759083191228178,-2.5539427926013065,-2.573221600742475,1,Type_Z,Low
1.338247273265186,-2.120009822113816,-0.3171334104881825,0.025641895233196665,-1.078438539291357,0.17549275620937985,1.9229915587872557,-0.4046432650976715,2.226903803548969,0.37952827226527613,1,Type_Y,Medium
1.3428468882915312,-0.7246623817811888,0.009280490585453837,0.6663492940960309,-1.128449837996337,-1.1282654027936758,1.444522720223828,0.2909786625538793,-0.6194691760317907,-0.28569845782972225,1,Type_Y,High
0.8113725737806219,1.0592610375343778,-1.6677373959401722,1.0732460047946162,-1.4927111483775457,0.7356809035363179,-0.4531573580217217,0.48522240942296513,0.19895002123714794,-0.42043427136829237,1,Type_X,Medium
1.2465951617969857,-0.2826027710747056,0.03799640810015976,0.42839523988326467,-0.18079611456899272,-0.49524984347192047,1.0796644597669647,0.7385878750703402,0.5584825701775828,-0.8693437815971369,1,Type_Z,High
1.221323445039384,1.249300759404114,-1.2966607890531383,1.7113747412828337,-1.341833652026178,-0.16910937366378864,-1.441415027298758,-0.652611694303372,-0.8625645142950792,-0.8157905180397854,1,Type_Y,Low
-0.20484613668016285,0.07794358021005962,-0.3107810616328794,0.4387179971960278,-1.07318018813677,0.3560236874292591,0.08726379255655718,-1.972029355806553,-1.7702017244942583,0.012312854110368606,0,Type_Z,High
0.4161909002320171,-0.8569639252637388,2.0891469247001204,0.5510245518312638,1.8041003246494043,-0.25365347098458535,-0.8598755024751112,-0.16786042086539807,-1.4844828890634363,-2.1752711704673593,1,Type_Z,Medium
0.0036369469533013067,0.21167598195429457,0.2382300654157315,-2.12333331068181,1.8398287917062093,0.6331276233382852,0.7495708202640017,-0.32004022577183283,0.8815830011875503,0.9707619350454558,0,Type_X,Low
0.9338986464772475,0.6494068994920346,-1.109899192691908,-1.5105020863052891,0.2933089612959667,1.1346348998584221,0.87185604563068,1.1886559781796038,0.2903036121581425,1.1452929663352147,1,Type_Y,Medium
1.943002914752644,1.3462576818503513,-1.2545985550293657,1.4976611085927074,-0.9226070647890269,-0.082071653040155,0.015073684842933205,1.6704335061686455,0.3224136545032902,-1.69137966624998,1,Type_X,Medium
-0.3685393501190278,-0.7557842828776189,0.7207040565075767,-0.18465257722549114,0.9450620709960543,-0.0030255020832280484,-0.3694405690316826,2.0778340738098544,1.5327965707968607,-0.19474560293330148,0,Type_Y,High
0.17882431932370949,-0.3114687883330008,-0.06258938470185278,0.10504803408749237,-0.20442513710582405,-0.07371693105452161,-1.129740468444302,1.2906972154474337,-0.9674035715254267,0.6807578451490827,0,Type_Y,Medium
-1.2056613864625376,0.06998834799144986,-0.3158820441606766,1.2105954846582867,-1.32265195695992,0.26439236349897227,-0.6267886265895145,-0.1684430091092551,-0.1581812568335383,-0.3944383123593985,0,Type_Y,High
0.9553703468047043,2.506758037185128,-1.6233481769113254,-0.7436305621299851,0.2069399858622828,-0.8403729714792961,-1.3397044969858487,0.19013656971049891,-0.5267884949261439,1.7082663168445757,1,Type_Y,Low
0.6748765953794297,0.22365356448071483,-1.0069086650847066,0.9462722483477389,-1.2957887136316024,0.029648147392561643,-0.8560026913361759,0.6803699396484314,-0.3152788655681696,0.1870308716810685,0,Type_Y,High
-0.3783729801658692,0.38967123505702095,-0.5173094615651502,-0.7261052368036148,-0.2935703818641387,0.7532957775660426,0.8717376024240423,-0.7919489845816595,-0.3225623980305048,0.6042744993155262,0,Type_Z,Low
2.430053765134166,0.44049065332757353,-1.3633969294781447,1.0694068575800355,-1.2512509782022807,-0.24209004816921326,0.13160721401907408,-0.3408680078356284,0.21695221601061818,-0.5287719959743088,1,Type_X,High
-0.10475912465218941,-0.058395819949752355,-0.5851232068863174,-0.890907360621182,0.036548114483748,0.9904145336722119,0.7233646176054092,2.4472108206574545,1.1758697760290702,0.7274531620685402,1,Type_Z,Medium
2.39763331397248,-1.4333581171284406,0.7978308602140153,0.6453444369952128,-0.4797225540240142,-2.6498236654422,2.191150372226868,-1.3014268990357112,0.24601029748166045,-0.5611246426278195,1,Type_Y,High
-0.368531072875119,-0.4845799761024455,0.030983477997225235,-0.7003927783330084,0.5939676044837383,0.6656728370351707,0.5395628479374261,-1.1523183575823883,2.1753829163573997,0.23561747400952307,0,Type_X,High
1.0096568925596054,-0.4513640502636281,1.1484843725701206,0.6465541110320513,1.0483274707605623,-0.18036816953735418,-0.2923294845218777,-1.2975737683427564,-0.7487413904216431,-1.9151301820336717,1,Type_Y,Low
-0.12935930057653433,1.5191772676455875,-1.1090789129513774,-0.349109740972334,-0.2862252412537285,1.808325467671677,1.371155123933,-0.7307434576580234,0.16997208529846838,-0.8714307406619164,0,Type_X,Medium
-1.4288398100590938,-0.8676629482380367,1.953225360409665,0.32058786967145075,1.2673071951213473,-0.3993555990371252,-1.1703019591800201,-0.8675681160835911,-0.9313157774792422,-0.9308906304251668,1,Type_Z,High
0.4722143700141413,0.3819602629657442,-1.0671779686927132,0.002494301264648761,-0.7088092400750771,0.14240113701581444,-0.531803026721586,-0.1845599546218042,0.30392494591111235,0.9431378292019421,1,Type_X,Medium
-0.7992903640852465,0.7586021205288858,-0.17519372593689603,-1.860471896732543,0.6597522292853105,1.858765747128274,2.2385144394037915,0.21639651046484704,-0.6782899746405043,0.16926408010709468,0,Type_X,High
-0.1695469566277313,-1.1952134695375993,-0.48682424271422386,-0.4754077006797231,-0.7493255221414895,1.229140312845165,0.6434677639400532,-0.38239512104309387,0.9199904442248769,0.944705428519192,1,Type_X,High
-0.09902942330162709,-0.02826536176415812,-0.4259863883550302,-0.7345905577058606,0.23697011339629254,1.1406377713333307,-0.21096249302139747,0.11425837243276946,0.2842008186333445,0.6601267023150765,1,Type_X,Medium
-0.42395831590671196,-1.110753390900934,1.464549778784895,0.31949185769819277,0.6909667440821136,-0.8931282095001769,-0.4403138499255209,-0.6867646275050492,-0.3961476312332761,-0.48601449672856306,1,Type_X,High
-0.5141256229356171,0.5167383476358252,0.12746248950902303,0.5499851042480146,0.22836521862781714,0.4397854249435671,-0.6247458960778847,1.632421803368396,0.004706374760553249,-1.0295814869709365,0,Type_Y,Medium
-0.7607169167009273,0.6089852790278399,0.2817640296671838,-0.3701236031016835,0.8198931402029946,0.367145187176015,-0.15297693546011462,-0.18223930485996556,0.16772048701720144,-0.35923002630293277,0,Type_X,High
0.8337920260573394,-0.33803667990253417,0.9231341932631699,0.5472249356176265,0.9717705066064664,-0.06708575084455604,-0.7117605874619228,-0.45274245364507,-0.7138087350380583,-1.4857913516982955,1,Type_X,Low
-0.37865968474232375,-1.1783826996551814,0.40618154530789674,-0.2827156997353405,0.20907662373592187,0.18444944718929007,-1.2394962751322323,0.8304087959246774,-0.1635208378531686,1.062823956081283,0,Type_Z,Medium
-0.9269996094242599,0.8478380118661861,-0.5391646826744347,-0.48850350514772184,-0.10271365562242303,0.27523206800034794,0.07817298612093723,-2.343123940688634,0.4262119475643647,0.6781832026270939,0,Type_X,High
0.2797448062105786,0.07482675498057975,-1.2519269399064485,0.1711404036249231,-1.256159134674397,0.43953278720149874,-0.7968490871004654,-0.47173105357442807,-0.12212299748910924,1.269717842240493,1,Type_Z,High
0.8833222730950568,1.4864696520209864,-1.3746169783200624,0.48839501234201516,-0.559865580099276,0.7414441791774062,-0.646884679883283,0.10926720130873366,-0.24872307177072192,-0.4082125885532147,1,Type_Y,Low
-0.900088874355156,-2.222694415051249,3.8698924016880394,0.5086514218714279,2.4625924514109916,-2.17213579937072,-1.3373520028626529,-1.0446032111376335,-1.6266596177340573,-1.5209033725365138,1,Type_X,Medium
-1.3218838843936453,-0.7614758256846931,1.5744305009399358,0.32965274835388075,0.9936222392392225,-0.17923438903469444,-1.466013847534286,-0.2642180316647381,-1.0126848244537818,-0.6058927687595248,1,Type_Z,High
-2.360154521715786,0.48835309473714056,0.8279614651689191,-1.1355442348515519,0.9961252932150513,-1.6319440665700622,-0.42831462374083745,-0.013367993767023143,0.5360575126182142,1.7659770039293547,0,Type_Z,Low
-1.8584443464549465,0.09945539560869511,0.07561771565217869,0.25079513205245446,-0.9605258805012743,-0.5092780209859545,-0.13218039585644237,-1.4351744204157275,-0.7635505712165412,0.7926987719044453,0,Type_Y,High
0.29457896719493626,-1.7435495608798839,0.544234456723138,-1.1191526711042559,0.6978464234903885,1.8356632415683178,1.7902498176025345,-0.7886768004699836,1.2060712867234413,-0.2924599333558657,1,Type_X,Medium
0.8217514549288577,0.3117170078567412,-0.6095315042343618,0.7047572644289046,-0.36541776393212816,0.4284195147709708,-0.6354304647532881,-0.2492323314392008,0.24505883101880543,-0.6251210620119872,1,Type_X,High
-0.9869920038508283,1.1588508460248466,-0.6265270816053655,-2.182228540101719,0.6895258741762357,-0.146174861739056,0.6585744713767968,0.5073725138660513,0.48314098234629926,2.454887332701739,0,Type_Z,High
-0.4684615994474121,-1.1397851802369012,1.1601607181970461,0.28311976665128424,0.04394792958302162,-1.1826972139317646,0.10267998964496775,-0.33533646229715003,-0.5003400045670219,0.03646192220279664,1,Type_X,High
-0.31245616311811314,0.7191710201856318,-0.7852643644871156,0.34589990236570867,-1.4774792549100442,-0.4565485462895605,0.35155854513466883,0.48822538849537017,-1.4421959875829202,0.6941754185838159,0,Type_Z,High
0.3282198344116336,0.4630918245546759,-0.5874856143187578,-0.6714214995690678,0.21059874024402428,0.35986179212707786,0.11760171808272381,-1.8114451099905562,0.4883038904046287,0.6504220538965857,1,Type_X,Low
-0.7831470522520364,0.07353954425808204,1.7829686743204052,0.21072512826106785,2.0641078871589915,0.8095926469601861,-0.5758506738442872,-0.9090472666754548,-0.7646158088062873,-2.538202652189773,1,Type_Z,Low
-0.10145543528182056,-1.8763389222805582,2.5545804641527594,-0.24600270864630214,1.5128485553497737,-0.88169137673861,0.6562471617163785,-0.8984450417933632,-1.4835438147367241,-1.0296560440724205,1,Type_X,Medium
-0.29997875479759667,0.47613087479949984,-0.03037930385875384,-2.62302456729204,0.8706519058590094,0.8358154949540453,2.1592610631244002,-1.011014552227385,-1.5487325811927903,1.6318157721203106,0,Type_Y,Low
0.32559049109740607,0.31222904884615804,-0.25770569443025615,0.7618572285932809,-0.9172670077098772,-0.13057911343766226,1.4264693551269465,1.6394150593326444,-0.0597531469869534,-1.1481968970099246,1,Type_X,Low
-0.6034462094490525,-0.2401723980759863,-0.7720558450084675,-0.3806584816835345,-0.7338256938716413,0.33260312514047247,0.3365089614937437,0.8273353349395177,1.5982728665704202,1.2405133853049515,1,Type_X,Medium
0.18766824372027763,-0.3542107497824374,-0.26034895684241754,0.20902894086281268,-0.5435830600597417,0.22974975668942862,-0.7128147311020935,0.18269763249720178,-0.8128368764701267,0.5119152367473897,0,Type_Y,Low
-0.09537480360634526,-1.6012050945418557,2.2178983599677786,-0.10822508239518097,1.2738338408082452,-0.18165872661483232,0.30146129221747514,0.29006681810411106,-2.096919966145257,-1.1864302046341795,1,Type_X,Low
0.5134732187711428,0.4184207694913405,-0.8725896802334293,1.0006738543565503,-0.9557870351296424,0.9336641002593548,-0.15715135180467332,1.6533624262233897,0.1816341973671713,-1.0092854791296517,1,Type_Y,Medium
-1.5769496050963818,1.5205082902602316,-0.29871997507163167,-0.5418797489497438,-0.06763242499147773,-1.2733472286439032,-0.966346729875484,0.7748596097090549,-1.041276854496556,1.741584791833719,0,Type_X,Medium
-1.5125107604268828,1.0423385641518352,0.4980987246192191,-1.4982610735135216,1.4149972454036874,-0.3307243319217765,0.14814544864326823,0.541098527253802,-0.08694924865457235,0.9214197206287831,0,Type_Z,Medium
-2.031317612498384,-0.7152271202898616,0.4056671087824637,1.0126883327537057,-1.0020716350132448,0.05578975769208092,-0.9593337981382448,0.7282307393476717,-0.15318481919949517,0.006840176010573481,0,Type_Z,High
0.1053714118497598,-0.4759002745620912,-0.012272031390451214,-0.06394338580027978,0.2855316264688479,0.7102077731991884,-0.23066568831795242,0.45043106291040397,1.0503867368289028,-0.17717388369651002,0,Type_X,High
0.6050994160594613,0.21941881882864336,-0.998895853079914,0.021573596726322943,-0.8391536976871191,-0.3444196951737191,0.17564489719954776,-0.7984979009602754,0.9004943189949949,0.9088694062870804,1,Type_X,Medium
0.3250903834605241,-1.004446879483569,-0.24009527215178622,-0.20572214738071182,-0.3614439408766535,1.3990558227049683,1.1042987028440772,0.5336680379168071,1.0179036775037622,-0.2620034508688468,1,Type_X,Medium
0.3706334793206581,0.004713538493295951,0.06568227507577931,-2.2446892519806325,1.522139708808691,1.1726631820238433,0.6856920866973338,0.9097501148346997,-0.42511866541172727,1.223369229576535,0,Type_Z,Medium
0.19415188123765664,-1.1193779616700297,0.13970078192533159,0.20835073417238145,-0.8703370950319262,-1.2794084627655606,0.11440237151367437,0.5576210437665317,-0.053060421616102936,1.1640605341329862,1,Type_X,High
-0.2631301910345127,0.2577927347979919,-0.9976296144613861,-0.17418496015635218,-0.7594776154617798,0.20179323203464838,-0.5520053011207287,0.5558853096117882,0.6257042841036162,1.3302640237538992,1,Type_Z,High
-0.2860579881936923,-0.44265685787436954,-0.19482459230398114,0.6104304939796885,-1.15711543378507,0.4150615148789103,-0.21720375700433522,1.218172269399533,-1.3702751775282354,0.08285778184824805,0,Type_Y,Low
0.4295992428190969,0.5619127443755216,-0.6566294058550819,1.550294328540961,-1.0508297843820218,0.663460506940321,0.14999455211720913,0.20324381080634227,0.3770710790540961,-1.891258390459916,1,Type_Z,Low
-0.40365025439276186,0.5267020891698174,-0.49315390957746674,-0.7565520819029988,0.19383055823146106,1.0708988527612777,0.3225502260531711,0.05484710232722718,0.23067290731926565,0.37435027612402827,0,Type_Z,Medium
-2.0408547452957593,1.8292735948264338,0.19882331649843635,-1.376804076675973,0.9601434183687397,-1.2317009737974773,-0.34677671698163437,-0.2837227501456585,-0.8108513441872659,1.6660964717218987,0,Type_Y,High
-0.03764948595981043,-0.05538432297604142,-1.0790871871102492,1.8223012928491975,-2.0334076124449023,0.5926973459492811,-0.2066839639468762,0.17051250756712516,1.0257252180898884,-0.9376600453754641,1,Type_Z,High
0.3881429565119978,-0.727435470407186,1.0014588458177094,0.5914866210552017,0.3077298187587406,-0.6761449334837899,-0.03709419033710524,0.7420152893683734,-0.7713181436099673,-0.9638993336276686,1,Type_X,High
0.039683234642510744,-0.9076598522704353,-0.3934241093080237,-2.073443313794611,0.4233334532424462,0.9157092880965781,0.9559600775696829,0.06729083184202109,1.0530469852257327,2.291704448996951,1,Type_X,Medium
-0.13228054355378022,0.6205110988359271,-0.02111122073333715,-1.6014393545648538,1.2373606299788185,0.7059358979948878,0.17819521185044895,-0.6590412871905753,-0.4103299675323037,0.8541502427768827,0,Type_Z,Low
-0.6939842599465411,-1.1020252800732087,1.1542541609494166,0.29106755622923075,0.006032834333372181,-1.4036319347223656,0.07933348124898633,0.7917752719184167,-0.1758824767561487,0.1921879689334911,1,Type_X,Medium
0.09135777648038294,1.21327085666947,-1.5960761859281567,-0.9924863907684595,-0.41681377765343164,0.45592854596529453,-0.7413086556391822,-0.9905036002042014,-0.04855583751218802,2.129800317365941,1,Type_Z,Low
1.0309921216840572,-0.3097905236221112,-0.748272247108181,0.01613407204417109,-0.6663945866705415,-0.23162690428187588,0.11564714821017606,0.10638592668117665,0.7206687984492736,0.7868388302538147,1,Type_X,Low
-0.5784103380653169,-1.7511340843652539,2.1323144792791884,0.035703189108722166,0.9261796509970214,-0.9947315027026453,0.03535896154927916,-0.08267978415480282,-1.1822556593015094,-0.4700412961646387,1,Type_X,Medium
1.9112165052218095,0.5784901268213289,-1.4974513937239127,1.8864864834086534,-1.8703933922894966,-0.08456380937052538,0.026219273768819887,-1.259863467973423,0.5200289187218832,-1.2320427461363461,1,Type_Z,Low
0.66528719693885,-0.18639901782595006,-0.7548773861275887,1.394747931948582,-1.3341274702642185,1.0939609711963973,0.48189509017708876,-0.7594793860704674,0.7164347231015736,-1.5716963499631051,1,Type_X,Low
-1.3875345328098247,0.5166716571553538,0.3541911221268772,-2.342173619843858,0.751465538116456,0.9532898849009845,2.3233004718145533,-0.06164217009661175,-1.738302638047064,1.1349750822912994,0,Type_Z,High
-0.012677065227150602,-0.056948753093538335,1.4310656006546814,1.558027862075903,0.7951322478177101,-0.8481291750662191,-1.6008499248501369,1.4756378345020116,-1.272493847877149,-2.222643527414153,1,Type_X,Low
-1.402014674675427,0.9654020551085449,0.273037817839086,1.112626673198885,-0.06509291122947196,-0.7510010759450303,-0.978116497645264,-1.0382094794701804,0.4236819480636946,-0.9862089878340448,0,Type_X,Medium
0.4108794782197901,0.56560527034618,-0.7116484473408425,0.9043535869305664,-0.7248714414834375,-0.2935708946982129,-0.7347927061571132,-0.4139262373651959,0.3952649832926542,-0.2532361162043807,1,Type_Y,Medium
-0.6730754668938129,0.5650716086895368,-0.2010753467297727,-0.9401930083884412,0.5012440772058679,0.19422820412553188,0.08031775883100821,-1.013637122126824,0.4137427897690421,0.8730883393417229,0,Type_Y,Low
-1.0053058567417583,1.2145177109203094,0.6786562892810899,-0.3260484516342985,1.4614502351690901,0.44412147496205284,-0.038932749745781266,0.6176003542526689,-0.17015523430539248,-1.3079552958069465,0,Type_Z,High
-1.0273130992510922,0.7836659438761042,-0.12192483794958922,-0.2560646669523772,0.060755307337961834,-0.8177270232040003,-0.7478564346568604,0.971574110797932,-0.07542431622870482,1.0164287175160385,0,Type_Y,High
-0.44169802102065797,0.0791503150079729,0.7340485518167851,0.4474664887474169,0.6439154555418,-0.025588046362377746,-0.48101111625097226,2.254422454200037,-0.15904404629742425,-1.1329121395300765,1,Type_Z,Low
0.33886140268847903,0.15997523866092148,-0.2885972500179407,-2.0289253647804566,1.3662030683012532,1.844450273597856,1.2537774580124907,0.5316274823100091,0.9247724412494169,0.5236968676324938,0,Type_Y,Low
0.31802950227488025,0.5490033597655032,-0.5810255335555478,-0.8567566652689919,-0.4725534087557515,1.20950366971788,1.6764826073831418,2.013842611395882,-1.9386637476824626,0.171448834079241,0,Type_X,Medium
-0.24009576784704126,0.7927167835734976,-0.9866067291106524,1.3479803803629666,-1.2360785450593876,0.11907689523743731,-1.2384047475353808,-0.2867458329571062,0.28277025520539584,-0.37207446271678596,1,Type_Z,Low
-1.4748526604090058,0.03779496680154679,-0.2639135258933497,2.3669976613637274,-2.1977732139351103,-0.42037223785959843,-1.3846220498218542,0.06906127322770593,-0.914856021255807,-0.7465395379609953,0,Type_Z,High
1.2071585731789087,0.1296834240580204,-0.9918358860266542,1.2298691835154467,-1.7446073860348748,-0.6444005075961471,-1.160980973869866,1.4130449296558205,-1.7683980727836113,0.5076529979644588,0,Type_X,Low
-0.7584776156125709,0.16407649201310925,-0.8049736158580655,-0.1597867067543932,-0.7525492717304996,0.23746188464670462,0.34264334286356585,0.23316061955876716,1.601414788087374,0.8718744272941404,1,Type_Z,Medium
0.429923576075862,0.3230681323409704,-0.9408088923446561,0.44983399502469135,-0.8733675143303475,0.17127088955253109,0.5609895084079016,1.1318454935216897,1.420209636457025,-0.16390537268112773,1,Type_Z,Medium
1.2710319690100789,-2.1234176654970067,2.168871960139844,0.3281443889741644,1.2151703363127317,-2.0276536547461816,-0.30982497336517606,-1.1688141593317252,-0.8107870187897044,-0.5593794133080783,1,Type_Y,Medium
-0.6708213414749649,0.4299295113350474,-0.12134161552341158,0.16434064626304928,0.011170768168004778,0.35042084898297937,-0.4099388882635996,1.9678091552519652,0.25543933729742563,-0.2202681388295276,0,Type_Z,Medium
2.052008662332199,-0.3267243790046387,-1.3240663341824712,0.5309599011092332,-1.4291192041214456,0.3296643497628247,0.6189264803708865,-0.1931970945504695,0.37167065343270633,0.15934823093741143,1,Type_X,Medium
0.7203181091101498,-0.038289425824519274,-0.2770020696355312,0.05047469434425241,-0.05427401600638696,0.3107668698308849,0.4191955407257484,0.5852324663616035,0.49832419023444513,-0.3544448182187127,1,Type_Y,Low
0.9137850370456572,-1.206939272853445,1.9452229562327508,0.4609099947686656,1.3334541268602182,-0.9858556275093828,-0.3274354099333447,-0.6636785549036371,-1.480372343945958,-1.5073664549338555,1,Type_Y,Low
-0.6960172497245288,-1.0651090170738429,0.3282197470666311,-0.8970324078336125,-0.08909204553518703,1.130368983591823,0.7841391222771126,-0.431455211809158,-0.8344943935964358,0.7463000449489685,0,Type_X,Low
-0.28296083398675037,0.6304957851991638,-0.16846438607709208,-0.15278689413385635,0.38981906287459517,0.6675097924222317,-0.09154959279866899,-1.0406916942261988,0.2780105489966025,-0.4319519202581608,0,Type_X,Low
0.7138760355552268,1.093779406563448,-0.9750711861375772,1.802114895798186,-1.1818129334863985,-0.4577873144629639,-0.5707507856035994,-1.2919611378416476,0.6819994337201176,-1.3506548715416933,1,Type_Y,Medium
-0.39342046454315455,1.483675441670365,-1.069334756548332,0.3967212696214596,-0.9685430722327364,0.02904193715578871,0.11959420225705347,-1.6726376635012734,-0.22551763835723856,0.022808336378255953,0,Type_Z,High
-0.949973504617783,-0.05039968890563081,0.03569042385248168,1.2728655549499803,-1.1555703283486698,-0.7051790363573446,-1.5377513974555204,-0.16913183149718533,-1.309912820744485,0.1658125760984566,0,Type_Y,Low
0.10537351474697694,-0.3517891653971386,-0.08491695213880167,0.49523772060493393,-0.48974704979045286,1.8691364897891503,0.09930031908754296,1.3530066627582686,-1.3596947934068526,-1.2057978129211904,0,Type_X,High
-0.1675004760566237,-0.14158425982226075,0.15231057483642738,-0.17975402129881007,-0.05913851350496886,-0.055985577973392035,-0.7331637832098508,0.6106515125372457,-1.5983560409396438,0.6844361956041937,0,Type_Y,Low
-0.18966870863800914,0.8646436304346196,-0.7638817100035379,0.10943170042274465,-0.21836649583537507,1.0266786502773888,-0.639028242501597,1.3120236104858882,-0.1251775492288015,-0.13928448938681023,1,Type_X,Low
0.4084474792786567,-0.6987738580725127,-0.34223781761884026,-2.252629066140257,0.718249255842767,0.8605875248113461,1.4545533367368286,-0.005773934222026209,1.1263687536519744,1.9882666967106273,1,Type_Y,High
-0.8670825575392993,-0.8806601923216473,0.8097111088052307,0.7019651090037083,0.377445423796216,0.16029401693316636,-0.5684645350047207,-2.1557006512064945,1.5392015831756631,-1.0020643485217404,0,Type_Z,Medium
0.8818652035582569,-0.9766628035879569,-0.5723106236143316,-0.6654993856574649,-0.3204104083157683,0.8803008118499726,1.435368223768911,-0.2167807382057156,1.7622216727602322,0.5317806903352942,1,Type_Y,Low
1.7882964639155172,-0.5781310508152457,0.07102033295570725,0.577765723862984,-0.4859110398575953,-1.0787421073287968,1.2008009547271372,0.7255677478938545,0.09906063700942228,-0.6392406657924669,1,Type_Y,Low
0.5426661032798774,-1.1405245776491204,2.4576225625169243,1.1417276720110165,1.0470654193711844,-2.450986685299959,0.3695454615765777,0.7840498931373974,-1.0805232733617745,-2.1171959273003074,1,Type_X,Low
0.1579029144716097,0.8170704717317148,-1.0884864479339054,0.7281300991674772,-1.0357305637491703,0.0802818934130582,-0.20961642680277381,-1.963793722062081,0.6785424413209726,-0.10903154045255858,1,Type_X,High
-0.8846744927031855,0.0013739204265188184,0.005322432600968032,0.3725142975166516,-0.1384169818817346,-0.32983373817868195,-0.5552444422087333,-0.6386034003858527,1.280958853965213,0.1104628369201686,0,Type_X,Medium
0.603743123200293,-1.2218884527444263,1.065381681811965,0.7732541135104481,-0.29493900919662597,-2.0203524936967363,0.44059838416270247,0.5545520689907767,-0.4472928411506833,-0.27500491988274317,1,Type_Y,High
0.8526489701803059,0.801845836823444,-1.2173505515902976,1.2460987921271187,-1.322427142856073,-1.9228084305446342,-2.417011154302926,0.31821071643544663,-0.12014001705579967,1.352748322859579,0,Type_Z,High
-0.29326588099803985,0.5806927155526808,-0.25063493245821217,0.20472231243407857,-0.4793946847575803,-0.4850220056769734,-0.770505788139753,-0.07249694506769465,-1.439398925521964,0.5864487344253262,0,Type_X,Medium
1.0633922530309963,-0.2690034863688863,-1.1083387365518087,0.7956017502315598,-1.4756558361675438,0.21339889860528116,0.6696031560390608,0.5309107751880513,1.1927884477422825,-0.13557881436767868,1,Type_X,High
1.4009163756614391,-0.08413584146519382,-0.9245509330285876,0.09150068295155299,-0.7360064249548003,0.8565827954574392,0.8502931305154019,0.8503130246283264,0.23312794439389312,-0.21853196206724815,1,Type_Y,Medium
0.37305940986773667,-0.3564934654562246,-0.0032442556259924533,-0.2219134374031151,0.5224914869772904,0.46915290401437193,-0.23066282684271053,-0.825217722059013,1.1369704479599694,-0.07444616433988187,0,Type_X,Low
-0.5195808258686131,0.7068439775727136,0.26874345692886953,-1.420058466431871,1.4697976369604984,0.5087987490726417,0.37744027280032905,0.3914415658276993,0.23968010321860522,0.3300410534992785,0,Type_Z,Medium
0.028733888171911234,0.08267482862198144,-1.2606779540168458,-0.03151275757809676,-1.0857814984035832,0.8044209996946909,-0.0579461554826355,-0.720501079520085,0.9403818731321062,0.9489618725111676,0,Type_Z,Low
0.24963753824297424,0.8158903032869204,-1.1503436111884504,0.9546350970412225,-1.1501803647936384,0.08963218670512405,-0.982419861125525,0.46657981997731013,0.07537543163957502,0.024915222162062378,1,Type_X,High
1.4517722541281088,-0.7298602154990368,-0.9468858398149294,-0.10318487973259526,-0.9273645237300562,1.1263850408536376,1.117403941012833,1.6071527396677994,0.57870557946881,0.1614999114312482,1,Type_X,High
1.8385231635040133,2.350250491354866,-2.0442058930137836,0.8154775420394729,-1.0221013131560075,-0.7873082646350277,-2.763503660946656,-2.496396893240754,-2.1926625820759535,1.0660438828745715,1,Type_Y,Low
1.3764967352292552,-2.5167886969549267,2.4866412348128133,0.7808266679451914,1.5488494119337994,-2.470793195574088,-2.3135598907812622,0.8587291303347295,-1.0831125376061244,-0.2708458784173369,1,Type_Z,High
-0.6058572965227682,0.2922917459796526,0.17001487113364225,-1.283583937820884,0.6313121048110287,2.0047125401598374,1.5073361696009286,-1.8480718247569201,-1.3511757449947197,-0.38249310338303816,0,Type_Z,Medium
-0.30254483120196424,-1.20906983125906,2.5039070894154647,0.2265173930441618,2.4058368077976096,-0.20449051441525504,-2.217886927608674,-0.5107982235457825,-1.6305069385491484,-1.4407029130242193,1,Type_X,Low
-0.7146932745510801,-0.3362693705641334,-0.06003877203771883,-0.4945732947956016,-0.2093020244995293,0.7298753119135866,0.30254560785701706,0.37754113267622136,-0.21009937082648616,0.5975227537187047,0,Type_Y,High
0.6201235122748939,-2.2226861084835328,2.400582304234948,0.35421860457810456,1.0639912666460465,-2.4316669729006106,0.30256059855577366,0.6278985614774267,-0.283506167074241,-0.5696581896804775,1,Type_Z,Low
-0.09684747580220202,-0.23634693766513457,0.6823305576226928,1.0312433764300308,0.6794225401752141,0.6832173932172362,-0.5785401091455243,0.6038777075065738,1.0332219795039532,-2.2134595106801873,0,Type_Z,Medium
-0.4237891480939769,0.4502985974921343,-0.45821545562482274,0.8949187189621226,-0.6777506810928755,0.23760761670267477,-1.071404344915035,-1.036744012042772,-0.10192016089929627,-0.32576783852471036,0,Type_Y,Medium
-0.07323022377933465,-1.6381618493091996,1.7706988370099317,0.2866219998040451,0.0519758535183151,-1.7994703820089852,1.5521926275407087,0.08749864929857007,-0.8052500796554656,-0.529080081796772,1,Type_Y,High
-1.21258803299753,1.6218801366076685,-0.047634790321074795,-2.9338349903380627,1.8153470180081182,-0.4449300021891699,0.8465249996325834,-0.7927322301757335,0.030352542308995308,2.442980973036469,0,Type_Z,Medium
-1.5343874579142012,0.6894458802633243,0.00232173075884131,0.6331111775878074,-0.2879257108357004,-0.07136024154793108,-0.4314848863462283,1.2234291722148487,0.5813698407050816,-0.5027888521473979,0,Type_Z,Low
1.1673191044268003,0.5482315465002631,-1.0034438749650683,-0.3613933754601968,-0.24911198093947895,-0.5781898792366822,0.6619026283348509,-0.5549103156189937,1.544827088181978,0.7507671100534847,1,Type_Y,Medium
-0.8893168298746952,0.6936946277332265,0.9918769332542342,0.6664500349587664,0.6890046327995623,0.9960177948949989,0.844453332158457,1.8555920310474379,-1.029338187401433,-2.8948146607118326,1,Type_Z,Low
-0.0872273306923793,-1.7206795353409434,1.79255353000708,-0.014756516070638024,0.9356287979937148,-1.305424581034321,-0.7329949704097225,-0.518474938244435,-0.8887165756916783,0.19477093285432737,1,Type_X,Low
-0.07371638046854684,-1.341870591186277,1.210900919834437,0.19332197077775262,0.5026227791589278,-0.8368717543684719,-0.9312609917893339,-0.682418819574362,-0.729416597424212,0.17952343449335986,1,Type_X,Medium
0.9452672839977726,-0.21584255393499893,0.26087650254973127,1.0743233605895215,-0.5593966381127627,-1.1540639082636748,0.4577785093200851,1.317504738182667,-0.3356082259318294,-1.0053860013154343,1,Type_Y,High
-2.088089856512673,0.8486907226915318,0.09326423300273223,-0.602081228639387,-0.3932744784512914,1.15743874731107,1.8198206845368252,-0.057994803810716276,-1.3915107757916436,-0.3627331373158424,0,Type_Y,Medium
-0.5348317468091903,-0.9268324087165913,0.014543348933568385,0.6349237531993134,-0.6954826064770714,-0.17146755224513172,-1.4666139131231253,-0.8824143979625183,0.10384114029196202,0.7429132994074283,0,Type_Y,Low
1.8847685749537877,-1.8094397091494987,2.118673843300527,0.5571605729206701,1.3360315956830595,-1.5530155797708205,-0.1860260642250984,-1.0682620410384964,-1.4765416363205606,-1.44109219076979,1,Type_X,Low
1.059988633640215,0.9951448293396044,-1.2889968052645275,0.8811882552823482,-0.9982038319260255,0.11847752828588692,-1.136143759170155,0.785192226604553,-0.5865869880611392,-0.027732232708346044,1,Type_Z,Medium
-1.1943544348562771,1.2866698331669604,-0.7929148994332597,-0.33859978840034866,-0.43181650581051767,-0.3818994241283465,0.13251227887263697,0.0952196628647881,0.8199844291709616,0.9783697162198425,0,Type_X,High
-0.1300957227486924,-0.676976618773746,1.3559957549504802,0.711648927803071,0.4204345046157974,-0.6501495467156064,-0.12765956768673553,0.08009718446242962,-1.31483825274038,-1.2879763536032731,1,Type_Z,High
0.040607209302859486,0.43281284590078495,-0.7461458617645143,-0.48228548516297576,-0.39895291730104143,0.026750822268145433,0.07556350408644323,0.5903193752142315,0.07793719972565662,1.0949611165462498,0,Type_X,Low
-0.23554051003517099,-0.4963975482648968,-0.5408961301441448,0.56856707775579,-1.0368570960042858,0.25413122936950644,1.2160521227446228,0.04949075980858315,2.5198212519724787,-0.3782846017631379,1,Type_Z,Low
-1.2632378246626803,0.4846329996957548,0.7105219793990236,-0.4689936233320193,1.0878531654012418,-0.3904548792121337,-0.3873917251764082,1.214694569339239,0.3118808906446136,0.010032584781409077,0,Type_X,High
-0.9557511218970636,0.589898681991338,-0.23501380443088324,-0.9970867774562815,-0.15904761591038202,1.0364048384326054,1.5519698318396768,-0.3602933890248423,-0.9735850125305823,0.3190724269764065,0,Type_Y,Medium
0.6925016578911719,-1.5543891021666911,2.3218262639311598,0.5398336225216397,1.1050671494119284,-1.371376516505628,0.34624517754030393,1.0988334271746532,-1.8765214267539692,-1.6207801158920525,1,Type_X,Low
-0.17567919922314676,-0.35631810603345165,-0.49608348522090845,0.057530757544898725,-0.48009389447135764,0.43771363426812904,-0.2926806974496583,0.14029189667219674,1.0742865649597508,0.5440873864470976,0,Type_Z,Low
0.6633377450801667,1.467784063219858,-1.2121944094561705,1.3363161247943163,-0.9883006009901628,-1.0399507734350864,-1.7783257030627437,-1.7304280495758138,0.006220650454046899,0.043502363206065535,1,Type_X,High
0.1297818386637134,-1.5443391790694558,-0.3720144216987614,-1.0028200010405341,-0.32089547158849124,2.4941554681840072,1.4351658041215416,-0.14012072722309396,0.8477762114935983,0.44176774866970137,1,Type_X,Medium
-0.20793988515015166,-0.3160258015041605,-0.7110399721084193,0.7395442895356376,-1.2128469717341037,0.4151731654949646,0.3804747234591209,-1.9216782453156227,1.5585858660590048,-0.17338541592881448,1,Type_X,High
1.0190846875867379,-0.6864803481583744,-0.10439955875819734,0.31891532324281785,0.37978966817510373,1.739395459977697,-0.021604258245891107,0.781730488748722,1.17655909261976,-1.4139414223327422,0,Type_Y,Medium
-0.025192738095564958,0.07386843063284966,-0.9467424016011243,0.0922107382307628,-0.8893856577386905,-0.10423112046589493,-0.30980681442844094,-1.3845514718919452,1.0987370043078104,1.075142875330119,1,Type_X,Medium
1.1160081391318806,-0.8174685143767406,-0.20551184568138575,0.44053927346402155,-1.2375566186670754,-0.8813688367592603,1.268335923037327,0.2767539359413831,-0.3728318304917874,0.2405228716957855,1,Type_Y,Medium
1.94321706761554,0.011012202024950277,-0.26308997556128116,0.7298252938178815,-0.12231923791403729,-0.3105173426065611,0.4572893730175822,-0.7095730302856236,0.4574338990449624,-1.200207463179321,1,Type_Y,Low
-0.5860640916027838,-0.7972248744203005,2.173106476010612,0.14619922942486074,2.0083098254421787,-0.5360012562172531,-0.8319677093198359,-0.2426133225572286,-0.41309889545843553,-1.5184046608363546,1,Type_X,High
-0.33683566786028085,-0.36777251460144966,-0.38343430195524864,-1.1572254966633788,0.2251845359272944,1.2030666735175841,1.2620876418235027,0.8247456541596205,1.7239727802092946,0.6715085451383176,1,Type_X,High
1.0581639901033293,-1.6128643724322145,1.2133583358428424,0.6136215089223226,-0.25184710294514734,-2.4175906448672317,1.3912928644050775,1.0534458437176761,0.2521431806028656,-0.3305890992917001,1,Type_X,Medium
0.431462704249254,1.2235115812295994,-1.701570678482106,1.1436941833557164,-1.384103826085784,1.2293825876422162,0.013558254880109071,0.5838533895071107,1.1877929639265188,-1.0513516621614347,0,Type_Z,Low
-0.82975415359759,0.5764656397021938,-0.21316146291674912,-1.648733304352481,0.6664335682280319,-0.6803793113871447,-0.0541895511504188,-0.4686579266816431,0.36594716048022985,2.303634021272521,0,Type_X,Low
-0.7701669013260026,-0.09123732777715642,0.321672844320437,-0.31255094736968925,0.511056165266226,-0.4503146671028227,-0.5160755307507369,-0.22478594306621116,0.8652735748953038,0.5750731605317613,0,Type_Y,High
-0.8969798230371067,0.8263988857219264,-0.41832142140812617,-1.022651269773413,0.23779312621871732,-0.39478119574140874,-0.11183536264837844,-0.8528940001035229,0.3525274621956037,1.5898732087681764,0,Type_X,Low
-0.4288441187862528,0.07104085902189537,-0.18175153527573995,0.41593275156432813,-0.7728160458772049,0.3430026144536777,-0.25268984871674677,-0.7131368804093094,-1.305195604174391,-0.009890123544977912,0,Type_Z,Low
1.0992909562451765,-1.2833153146922203,1.0530538783332113,0.40055965488442996,0.36931157486305966,-1.2381855259055825,-0.1062871173717328,-0.9431357887251802,-0.5478266245648011,-0.3473508606805657,1,Type_X,Medium
-0.0776616527898603,-1.1892339938218173,2.1496013350472842,0.5555856553381335,0.6774152396824364,-1.5822492989789616,0.8821805052480358,-0.6252868676548682,-1.580965408400067,-1.45242434339756,1,Type_Z,Low
1.431044783647193,-1.1815622223502007,0.6452517930368975,0.6411396064077125,-0.14450248399558185,-1.2881365220351186,-0.2893653053030668,-0.5357348143113944,-0.8354369026655899,-0.13413751175327998,1,Type_Z,Medium
-0.7303834251441982,-1.2889750476453645,0.32773692449057384,-1.8812672731257671,0.9095648247232179,1.0861861635981742,0.6463100013134576,-0.29261211493241684,1.2807261198187945,1.67031347732953,1,Type_X,High
0.5385578744341994,-0.5406077340522424,0.9279510231730943,0.38991467152949577,0.8191257566389677,-0.48360577224875073,-0.45750120874203476,0.3599803200107684,-0.13929374938695985,-0.9618964182682532,1,Type_Y,Low
-1.464230646224199,1.0152713139408969,0.31612779514411576,0.5189889804024683,0.23432049048261075,-0.12710040908781148,-0.6163055214271942,-0.4836897643061167,-0.1990628137734678,-0.8414995059779419,0,Type_Z,High
-1.1282797530209057,1.0908880917724413,0.35343973612505786,-0.8945283514575142,1.1368376646488667,0.5450779582251891,-0.08625654895116243,1.0476760443007445,-0.8128175054113517,-0.08724654161412833,0,Type_X,High
0.9238288577417347,-2.444085522019824,0.42532413566716176,-0.3327161071200556,0.7347069702631213,1.6946236614150199,0.38128815964420415,-1.3534421669115522,3.0359875950805915,-0.4872466127611998,0,Type_X,Low
0.3757803578378884,2.097808192343,-1.6786651082066082,-0.1437755972233427,-0.413129020531744,0.9775493979755999,-0.46503808514851547,-1.2306681893065308,-0.27774805878674763,0.19540053100670945,1,Type_Y,Low
0.9901794957185492,0.24047830705878567,0.8230883038624542,0.923514793858346,1.0677339002899182,0.4814530000967688,-0.8666057252681639,-0.9565177187065551,-1.1962070182358346,-2.470731535175678,1,Type_Z,High
0.9000094756291209,-0.6892653275142919,0.24151934657329052,-1.7504729691161196,1.7105643624331566,1.6243031352603496,0.7503540992695455,-2.26370780326864,1.0312070557361097,0.22197162337605267,0,Type_Z,Low
-1.8635895382256986,2.4854544712425635,0.7823945651515875,-1.1545888709644752,1.9352197506562225,-0.8200205242104096,-0.2532524789613749,0.22283182883178668,-1.4310816904363055,-0.08198557877483358,0,Type_X,Medium
-0.3349001078957619,0.3478981496607417,0.746308586115118,0.08852892086087523,1.319642628812681,0.8142101864568391,-0.23186724485538995,-0.9308783974288642,0.32672947437333827,-1.7183065476201171,0,Type_X,Medium
-2.446135408602319,1.0516019558560996,0.05982109157057105,-1.7400661344449744,0.21649519905241585,1.1145734645366296,2.597115640050989,0.25129919880496726,-0.4982677160322888,0.5102388955629563,0,Type_Y,Low
-1.5336616265022656,1.2639491696512999,-0.5349577313891799,1.1826964795254953,-0.9769702162412522,0.6147978619367085,-0.3106705975419189,0.47718953935967995,0.014683837696637255,-1.188535399134486,0,Type_Y,High
-0.49371540795913443,-0.23524731553288322,-0.4181153374517751,-1.0221034804577291,0.018069520921444607,0.35296741041874535,-0.05766363547969721,0.4442258755020112,0.6750796457035937,1.662028806752736,1,Type_Z,Low
1.6892068888630243,0.2908420785561681,-1.7910237026845706,-1.0098720637124632,-0.7990447241608585,1.663236132364329,0.8888414058836293,-0.23068912464514932,-0.19522168618811034,1.2178957258633525,1,Type_Z,Low
0.5860096711347569,-0.1940179768519042,-0.6567109096190877,0.589481711750559,-0.9127524287636667,-0.8505159321108265,-1.617206490017294,-0.739671098005919,-0.3158151759900554,1.2468004922800608,0,Type_X,High
0.044555301809125,-1.1320683628464525,1.09178610913709,0.7626282419240564,-0.2271399435991411,-1.4445830408519653,-0.11163485943416646,0.9148862516782215,-0.8720087195638353,-0.28604457107203995,1,Type_Z,High
-1.0709171942469764,1.7917745167266261,0.21826539972087244,-1.4244426902867993,1.4013245966083485,-0.5058587267287946,-0.24815744087096092,-1.6315934301766088,-1.1866996918070503,0.8993911805875254,0,Type_Y,Medium
0.7602164011479319,-0.8884286071436442,-0.7696053512276222,0.6594076093293355,-1.3797166771020817,0.49335609618048937,1.637762789032451,-0.2385138267737479,2.2052242127489423,-0.499561082816443,1,Type_Y,High
-1.0365627044118069,1.203072806592315,-0.6723663673383896,0.05147087525612868,-0.45982225448725494,0.5358579744162693,0.28320564693858075,0.2009408235360093,0.2664752652875489,-0.13828198862599972,0,Type_X,Medium
0.1976944960828043,-0.8438221382242845,1.728522674997382,0.3032806228247435,1.4797898445650208,-0.5252804543830651,-0.8937875160684864,-1.3837124869808604,-1.0131064975409008,-1.2586319860710624,1,Type_Y,High
-0.018082306134879156,0.42046966849619144,-0.367204528488528,-1.5789585212799846,0.7151692135979936,0.8050147997214291,0.6808224949693422,1.7332447898122008,0.0718882464694594,1.0936652041636896,0,Type_Y,Low
-0.4675649068685647,0.6919499977873667,-0.06899177936833946,-1.5844485890554012,1.08406685104406,0.24092321688981438,0.2721278106311377,0.43998205354737174,0.133220618629576,1.1607614549322527,0,Type_Y,Medium
0.6976817341138971,0.9194351274227808,-0.3119161684957552,1.1612283184882068,-0.462000915083134,-0.1846678921763889,0.7260831496841964,1.63913802970052,0.2856398892046134,-1.9088696660689761,1,Type_Y,Medium
-1.4962750259479893,0.556737617106792,-0.2812257927003759,-0.06442056852533709,-0.8547004323419438,0.23501798660420561,0.7083396127920548,0.5907083559897776,-0.6313595568738224,0.35280635875752914,0,Type_X,Medium
-0.8205643562232365,0.08940890383935168,0.22627434714827857,-0.41132390293256066,0.5729810112700893,-0.2097440354927136,-0.13261166500819457,-0.5715363242313142,1.2164767603667463,0.3591620547026377,0,Type_X,Low
-0.3768528220585752,0.7889591234480081,-0.590798982287413,-0.9135968831047838,-0.5706435590680862,0.39134926187437297,1.4895974124358018,-0.21559940914536607,-1.3742841972329238,0.8311387502696539,0,Type_Z,Low
2.092528514291622,0.25631668967929333,-1.3552622471418199,0.7179627042566454,-1.1903573803615681,0.16079691312691782,-0.872510554480144,0.7800499555599555,-0.9625784977518127,0.33339371614967395,0,Type_Y,Low
0.6473280677327201,-0.26532342947208093,0.12396084942981045,0.5114155969589789,-0.2129216321644369,-0.14313104835023,0.27154638911881185,1.8920339365295313,-0.1892559289265215,-0.7106268997591723,1,Type_Z,Low
1.0959436636770803,-0.5061616168868488,-0.8555598743216672,1.058087871731169,-1.355696687595505,0.28868361378586105,0.27026771405051975,-1.2753479987788046,0.9855748733552796,-0.47482107178012267,1,Type_X,Low
-1.963907022563551,0.43984632509511135,0.4233543794574117,0.29586173726819875,0.02297552135349404,-1.2410878170852713,-0.888377857945101,0.9894184966623571,0.7055312747693246,0.5294278158377929,0,Type_X,Medium
-0.61277488509525,0.7482034127816828,-0.20877571492436708,-0.7044781337590772,0.5411439396797332,0.291703438610319,0.13335197169103113,-0.13403242459095094,0.6153209994230575,0.3626284421789413,0,Type_X,Low
-1.44754879697662,0.7363235086607246,0.7111666480880215,-0.6323822613421982,1.2869202162687683,-0.021868562157492326,0.11346642928018465,-0.26584910001132994,0.6127737908878804,-0.3743953161987335,0,Type_X,Medium
1.1851755868367937,0.13951296299498936,-1.2222294446063677,-1.521267497042182,-0.09857292876388431,0.19256156183338194,1.1203290390471876,0.38819728477843013,1.2407169130503721,1.9645602679615726,1,Type_X,Low
0.2724540164101156,1.3852343748556637,-1.2943813892068887,-0.07498393578575162,-0.6654724311136339,-0.14287543491602434,-0.008420233335520845,-1.1787194204191775,0.28398079334342313,0.689196603084545,0,Type_X,High
0.4911405887510537,-1.0331034530537138,0.22146433721385883,-1.8624951375456889,1.58947195590603,0.9659568759537317,1.0562026428630344,0.07354450033147077,2.732605019661966,0.8319690628364291,0,Type_X,Medium
0.2225559324927855,-0.4701142885408559,-0.6158082503330141,0.25128466408707484,-0.8574650491664231,0.9970016064636026,0.6873844344059775,0.26885802437023354,0.8623422783692443,-0.1928655542045915,1,Type_Y,High
0.3241755970240592,0.9978334007602374,-1.1656308409151377,0.49299021000461896,-0.8869849709861755,-0.7950262906552086,-0.39030697435473116,0.6049427881636691,1.079687999811206,0.5959103082092545,1,Type_Z,Medium
-0.8745337222689045,-0.2037078567493152,0.1380689306582726,-1.241905188871886,0.08733228652754937,0.15245306616037493,0.6845717497150982,1.3855377027031066,-0.8727915831652244,1.4610564402801325,0,Type_X,High
1.104437594465007,-1.8535747380985212,-0.7405364737936992,0.21753083089038003,-1.4317439935673655,0.8298186285727968,1.2567620659589163,0.45177599448617123,1.7967708396788697,0.4714507208447978,1,Type_Y,Low
-1.1683588228914465,0.4768656034655333,0.018456541355809337,0.09567420209750017,-0.022885772189004668,-0.3980046001720979,-0.6626116020770427,-0.33944184572116165,0.30633497918282393,0.3827164480203719,0,Type_Y,Low
0.4309482313762161,-1.996990570426064,-0.2822810956616925,-1.4097379429998165,-0.29040806647377004,0.7312912505231374,1.998918806403079,0.47466411454783164,2.44464360370146,1.681395028590955,1,Type_Z,Low
0.9038223819164144,-0.4593808853677997,0.9435915217599984,0.49800171075968186,0.8724784331308845,-0.7851765099782761,0.004906464958021826,0.32739198456893337,0.3135668581505738,-1.3165385647018277,1,Type_X,Medium
-0.8848094907377487,-1.7712721096789736,0.46447534954418024,2.759620587165022,-1.968411118969098,-0.9544887268877337,-3.271373561159319,-1.4695811917427526,-1.0683773534204182,-0.06678311246686242,0,Type_Z,High
0.9199104608639265,-1.1362918007234448,0.5436675581803433,0.5065725253726479,-0.49680910841960946,-1.8643809073622,0.899787047840912,-0.15493325556091542,0.46493355673041725,0.10976475450805215,1,Type_X,Low
-0.05956497997403906,-1.2578257241138213,-0.7018209628516746,-0.22160977502048862,-1.1450132783076123,1.1632946987859394,0.03407435818158256,1.206481035669497,0.405239155159783,1.2752817723214662,1,Type_Y,High
-0.4808409849158277,0.37852801812143017,-0.5267081159185046,0.09957070836989657,-0.377506504955576,0.2847850096488685,-0.34081489379814683,-0.18898463452247458,0.5906246023142443,0.30932117350063304,0,Type_Y,High
1.4231746128046696,-0.8960398004938654,-0.989102333480958,0.10689029755727299,-0.7610428868887339,1.0888507372967733,-0.6276191775608675,-0.8843800716056394,0.4767649313867856,0.6906537883069851,0,Type_Y,Low
0.6021225049222249,-0.04723539104944092,-0.5927482534280774,0.6047960911404198,-0.6753607589260375,-0.32979310417351054,0.8813095733296014,-0.19282249262142342,2.2231763154072213,-0.479942216061571,1,Type_Y,Low
0.4497458746150786,1.2839700673231846,-1.2034769778391063,-1.0305815189713539,-0.2655072394685174,0.0689348689391556,0.8590055423585129,-0.35980199543376407,-0.0834340468160005,1.2449250447015043,0,Type_Z,High
-0.5158355447595678,0.4328806149638284,0.29394458399715506,-2.4315742806593854,1.9249709443189413,0.5831139835925495,0.825594302412802,-0.9688403951090072,0.6089870388434696,1.3162499194177235,0,Type_X,Low
-0.8890406269804918,-0.883625620235267,0.5619777099247484,-0.2910277228912285,0.20726653066567108,-0.20427332447559204,-1.2065367305296086,0.05118132493644325,-0.4986124202944164,1.1483169200395833,0,Type_X,Low
0.28667563893995196,-1.1058775725194823,0.496326316807444,0.3178363661572053,0.7005200064769073,1.9347310847611365,0.1624564388523398,1.1288868754877956,1.4604646734089797,-1.8330445242874902,0,Type_Z,Low
-0.6291750527900106,-1.0195619423731026,0.47125884812025653,0.38040016199098403,0.17791289470254665,0.08863352947431732,-0.456560383902401,-2.6830341675773925,1.8715983533052636,-0.2529767236598982,0,Type_X,Medium
2.534602497886443,-1.1291567660994355,1.2153961321311992,0.6441254961931927,0.8657267338184591,-1.2378634971320492,0.30862482719606577,1.2226757463991231,-0.8399162769244041,-1.566785329089258,1,Type_Y,High
0.523651100969207,-1.6281932536528312,2.1736465183320193,0.038518277857658614,1.3002922175619958,-1.0196969267625282,0.6684600778684486,-0.6654924405182573,-1.0829692453236845,-1.2388053509204644,1,Type_X,High
0.5787895263086881,-1.3592513753418318,0.30463686302537185,-0.6829959667297798,1.0460258292301727,1.2922236849034696,0.6602839522353028,0.720684953313803,2.774263387118308,-0.4087772049729711,0,Type_Y,Medium
-0.10477811818676319,-0.0039106047293065264,1.5035774798866792,0.8310413537531688,1.2133834647167714,-0.45085712252852067,-0.4970329591534501,-1.2554888048063468,-0.8203015341600837,-2.221840987014841,1,Type_Z,High
0.36730387273447673,-1.4527443608263535,1.9154277527194867,0.5949444016696566,1.0787305009815022,-1.0651311965830712,-1.5654134022825752,-0.980431454079191,-1.947087304896697,-0.7139186499065447,1,Type_X,Low
0.23750357994091195,1.0831233068728727,-0.6706062827798247,-1.7869502417522047,0.283291661048816,1.7106866776164331,2.426860150700371,-0.39830467816168674,-1.4092798861980265,0.2599133394595294,0,Type_Z,High
-1.4284179589562866,-1.5695535913154823,2.667390324777251,-0.12860947249797905,1.964665065419315,-1.1097619471375855,-0.9143263230672511,-1.011181008585374,-0.2652781969977767,-0.6012377046246153,1,Type_X,Low
-1.7952098886706707,0.8157045341091399,1.3586040923830074,-0.8433451460349483,1.9393453943742556,-0.6465204915883311,-0.26657210135754505,0.05578229199188635,-0.06308229788726402,-0.29142651589290347,0,Type_Y,Medium
0.39225992164435375,0.23210070006430047,-0.5671706420625092,0.268378673726497,-0.35657790749562784,0.3697981528338688,-0.8097507374667516,0.915905600044305,-0.2688756656064781,0.18156344015877618,0,Type_Z,Low
-0.7278305209580463,1.4239576214356557,0.00960647716362557,-1.437004324799977,1.3371883279336554,0.40237751869013133,0.4868007543664614,-0.6428384327273169,-0.12991707220977045,0.33608907706677515,0,Type_X,High
1.1500632868410086,0.23132356277542818,-1.3433047316446496,1.921557535156434,-2.0636506000704107,-0.9307442314655388,-0.6664965884122191,-1.8769433392997217,1.0052945461274856,-0.23972854562388068,1,Type_Y,High
-0.16843172557430583,-0.11916377266774236,0.12404089322110919,0.09406398085494198,0.450626449928777,0.7467226811705996,-0.01896369233149663,-1.4661601356734892,1.1645117522497328,-0.7859229007910932,0,Type_Z,High
-2.573998363124405,-0.7459278373532667,0.2557024441061246,2.209749070804945,-1.8062511420247054,-0.7826687460670564,-2.0896874376605106,1.1531216485246971,0.6130359388038961,-0.06417311568436943,0,Type_Z,Medium
2.230900606579977,-2.24408288349095,1.6848313166281186,-0.27364302253520195,1.32806154143869,-1.9611340641351431,0.6813437104767249,-0.48625093922151696,0.5746964164289377,-0.15104960910433587,1,Type_X,Medium
0.08251164962748044,1.0148330708242335,-0.7294730634908253,-1.0366285022174055,0.42145596929377144,1.0738403481722583,0.3248475007504082,0.7299341491269344,-0.15484538254938704,0.48777315344168737,0,Type_X,High
-0.6207507461310545,0.9750957650263077,-0.9212706600299742,0.511316236275939,-1.2840227617938393,1.0064606385251922,0.9497879372404555,0.6798866600222278,-0.466848873150677,-0.6674358972719565,0,Type_X,Low
-1.580342868213228,-0.6504380247940048,0.39974399199978905,0.66119459523855,-0.7345571330994252,-0.5874851650702277,-1.3440016859248571,0.04861591149198951,-0.5047723203286374,0.7517711511714519,0,Type_Y,Medium
-0.23295047825345316,-0.8612197149407613,-0.6208011795950048,-0.3092708854150641,-0.824907843615884,0.7389573774304401,0.5150019446085505,0.16094025814588536,1.3316516478104965,1.0108945118029067,1,Type_X,High
-0.5938699879558241,0.0039031731908107745,-0.6190650492937337,-1.420244097774005,0.11025287765548131,0.15224418283721375,0.25197146060798414,-0.7770942013345391,1.2581362830252538,2.145199091161118,1,Type_Z,High
1.3176029747440456,0.49923516866334855,-0.7082846529332185,0.9184636799960224,-0.508661410902093,0.8043138377045256,0.5289026276623002,1.9204115942130222,0.4410952902147631,-1.6770765439627122,1,Type_Z,Medium
-0.8886157520599127,0.13435172021751532,-0.7257054642095953,0.8645691123562118,-1.1176502992584674,1.0551425916108876,-0.5007381855223754,-1.4596815622054509,0.6962651796455964,-0.36343547175363705,1,Type_X,Medium
-1.003008827543231,2.2189219769955306,-1.5389646262459498,1.208140751501309,-1.8428869211827061,0.13045196991433064,0.5388263644627183,0.2641898072960909,0.1449354184656271,-0.7728213997304039,0,Type_X,Medium
-0.8029427207654558,0.24756655664036537,-0.25520702339924317,-1.9421072960572778,0.055755724386313536,1.071217518618943,2.3819318431887697,-0.5374211895812382,-0.776031056791547,1.2292551655869106,0,Type_Z,Low
0.5202489202251023,-0.16646782298887747,-0.6611881849553776,-0.5210312334056548,-0.22419445412033362,0.4708313800890953,0.9622027064916264,1.5703703472954462,1.4697605809823486,0.49313402704444415,1,Type_Y,Low
0.41826209320940017,0.4026007870970527,-0.97725462481779,0.833392111887119,-1.5179067388090959,-0.7869180691962705,-0.8184025624256156,0.6706916578180019,-0.8248886011587336,0.8418926312519853,1,Type_X,High
-2.275504729873025,1.0522426573114485,0.2573191846348232,-0.23644094280172862,0.32602283680400246,-1.0125885364014906,-0.18953278125410952,0.5509185530280933,1.1139791663051555,0.5469241876533314,0,Type_X,Medium
0.9956672952835598,1.5774992100674423,-1.486459835619369,-0.4232224946583317,-0.38717100660417597,-0.49338140442068157,-0.7179134971662084,1.3240262089295658,-0.40088488325315724,1.435590884166787,1,Type_Z,Low
-1.8783666663828937,0.6134528692802644,0.4736216357551726,-0.2760854007322301,0.5417419336355559,-0.9583575769997548,-0.4289830924990892,0.26489746400371045,0.8913453357486469,0.5485489356480358,0,Type_X,Medium
-1.5296973215472949,-0.2955956412153466,0.13995974526587077,0.4857883737468112,-0.7291462325573586,0.13857465942179722,-0.5164509089396705,-0.7427797472049376,-0.24160708391587105,0.22952754354542512,0,Type_Y,High
-1.6001472816219346,0.6092853541287058,0.20582695163026363,0.21472600598471744,0.006167664651489419,-1.2784825742316344,-0.8098120821237774,0.05084337588056682,0.7494295217218756,0.6253357119986035,0,Type_Z,Low
0.4580404244131431,-1.7315553342235663,2.0255314056240348,0.008089419092085815,1.1882603170559478,-0.5657472641763012,-0.09095446417907306,0.20225085424517011,-1.777209314704998,-0.8629739942019842,1,Type_X,Low
-1.5378667837247726,-1.8322800943726039,2.182155015700542,-0.15993985498908142,0.3124898381774833,-1.6470726645075027,1.1986250366286488,0.8181247757852004,-0.8288066121358338,0.12662031754379874,1,Type_Z,Low
0.40752696846117253,-0.13780661349700887,-1.087878032140991,-0.7541725757272255,-0.6280874748860406,0.30174768726830614,-0.2015660822994492,-0.3409351998356891,0.46894992106959266,1.9460630694902392,1,Type_X,High
-0.2607603626288827,0.6573821812014521,-0.0844735401278103,-1.2866397823522855,1.0452127529549957,0.6900297561675669,0.30051170118312703,0.20217564300339558,0.13172372932635223,0.512255291168567,0,Type_X,Medium
0.598894369719191,0.23322712242603388,0.552803902998128,1.1686659346237247,0.05344438243785042,-0.10133035174126605,-0.3670385266641294,-0.03448746021984776,-1.583464055052162,-1.9165250779750438,1,Type_X,Low
-0.7140832875347053,0.0053692065075426456,0.22349539889744824,-0.28877671262993454,0.47871737992793245,0.1981384981408119,-0.23321271656708714,-1.086727533686699,0.6842360771629437,0.10905941388732271,0,Type_Y,High
-1.5855779771980745,0.3339393002620442,0.4032707750982657,0.34702553901175,0.13930282298814547,-0.4404674182241334,-0.6937339957696903,2.0438347382763977,0.5320745581778102,-0.1179144821614091,0,Type_Y,Medium
-0.024678721067345345,0.6759793756631935,-1.422089404932622,-0.22057881663212495,-1.0830279151085236,-0.19762796510027175,-0.6407349307437732,0.15543717576764599,0.35504659151412393,1.8647186236190894,1,Type_Z,High
-1.00208816122432,0.4910079813078817,-0.4254366168914956,-0.5557519024204576,-0.370058646930441,0.7145301549933676,0.8538624598897439,-0.08384274594155784,0.004817560048420864,0.4490064901597287,0,Type_X,Medium
0.5377548786693171,-0.26461993304757064,0.43418338764268877,-0.4947583603139075,1.259203420353294,0.8818044819492407,-0.13826142698384425,0.002022414871014203,0.47146114852153187,-0.6793193045635499,0,Type_X,High
0.6200372458282802,-0.39366425760973756,0.7991412131144097,0.21469645513155894,1.4069400934690626,0.28207319509782874,-1.6562857999039597,0.48457118016296247,-0.06726860861047637,-0.9063165290214089,1,Type_Y,Medium
0.41730308156994866,0.44540380024715365,-1.069934743069043,-0.2863806377759411,-0.47935609153034425,0.74763644251567,-0.34222909061984397,1.0090355977835401,0.12808430891071854,0.8028896286988871,1,Type_X,Low
-0.30711079827754717,0.7297614438759414,0.20817768253367888,0.009846831223946006,1.5839331827770062,1.2944420705686006,-1.3714117197359712,-0.6797842927998543,1.2826727992032845,-1.3613428775288792,1,Type_Y,Medium
0.0467187476835192,-2.017777219282251,2.887996412355866,0.6444223667788672,1.038672134792033,-2.4683477202639583,0.24087434005445837,-0.4964634426885488,-1.8279210922454687,-1.137813474538883,1,Type_X,High
-0.8460163526826242,0.09436814355959337,0.2520498997862523,0.26803844536859883,0.288991208694515,0.5297011218788216,-0.2371040257344815,1.0734286370143207,0.7537003188679933,-0.753928298794213,0,Type_Z,High
-0.9610377417736191,1.923523970478183,0.4103412730962881,-1.2565744485709773,1.770789067064165,0.15930619169577173,0.08328251962600552,-1.4508095660365048,-1.0325473133253908,-0.22832971027150564,0,Type_X,Medium
-0.28352321891193755,-1.5196936303400033,0.4289703820740932,0.5419397902550996,0.018296684293230534,0.37277357180379056,-0.3987885580676736,0.519705547573902,2.260546561983362,-0.39880987644441307,0,Type_X,Low
-0.8055041319956421,0.5460454360085562,-0.3952476422900128,-0.9593742391254874,0.2310902007249633,0.5093191270430064,0.17165751974721105,0.18770748256135325,0.3221392477812524,0.9971578374183538,0,Type_Y,Low
0.5018698602035427,-1.0885419592382883,1.4534201028334917,0.18587280045619725,0.5646993660103751,-1.0059449968825236,1.1445815786095628,1.3806513605822501,-0.708006881025921,-1.0540399759474819,1,Type_X,Medium
0.2225325808590028,-0.7477350469930143,0.9092461432188931,0.45905767593087077,0.2798253164124326,-1.0074863550895616,0.0866423323758986,0.05036816439202689,0.012351142043372076,-0.5773394441197555,1,Type_X,Medium
-1.4251317602037699,-1.2537853622739505,-0.06409195530934465,-2.301062463782738,0.5702571564754346,2.373258446300661,2.0714650793084863,-0.40222184389181037,2.2301229778287963,1.448054195595683,1,Type_Y,High
-0.04662943664078716,0.5719232536166933,-0.7513133422955308,0.058102828281210044,-0.5724786481144742,0.7589764408526339,0.18076196220228363,-1.048469823731757,-0.09416382047986166,-0.014042002250081077,0,Type_Z,Low
0.37715244775046003,0.7784011694581482,-1.0648856035725651,-0.9400728220718418,0.15221263933437776,1.8061769071189153,-0.605846429562948,-0.11582924491048226,-0.9051888566267623,0.8129088648979452,1,Type_Z,Medium
0.7371961615775448,0.6478060033118698,-0.4147022761221691,1.0752636767291017,-0.25904054431003565,0.3747681251330533,-0.5583735030242024,-0.07277116482517913,0.032358950013715894,-1.438245481580807,1,Type_Y,Low
0.5953687572775251,-0.16859245213678417,-1.585284546844009,0.7120196207279758,-1.9571567091270614,0.454963708268629,0.013638633579527043,0.47996227798073954,1.010525539580605,0.7550394320142866,1,Type_Y,Medium
-2.479739772732478,-0.04977538886882902,0.6418308051093581,0.4138273581589077,-0.6743545345285686,1.4566318896645996,0.8789292459494178,0.4607646369805021,-1.601422356773654,-1.2077308101111806,0,Type_Y,Medium
-1.1147648635064287,-0.28111578411658267,0.1631592759086028,1.2461811999761019,-0.7980170450869496,-0.9887815556248799,-2.292006311628544,-0.02648842699853018,-0.3958330640288945,0.5162247171019609,0,Type_Y,Low
1.0241585938577709,0.3842428330522476,-1.0822618744648353,2.1473863424862536,-1.9466885708825508,-1.0831095456784063,-0.3950610065166129,0.4222916351551114,0.9507711745424017,-0.8557019209324963,1,Type_Y,Medium
-1.2159636363598645,0.3644314889911948,-0.5456345911167751,2.1097937478161106,-1.5405645724490629,0.6691634220237339,-1.2644128980623686,-1.2689967182292134,0.48213975099900236,-1.4343934477758935,0,Type_Z,Medium
-1.0567148700751638,-1.1308295102084274,0.8870125336256338,-0.005184785070012177,-0.2279033048182968,0.30657444401202627,-0.5200839025439125,-2.4442753541389877,-2.108601906756899,0.4073415657518335,0,Type_Z,High
-0.594710866471006,-0.4895884569671433,0.5803386412022289,-2.990235401032409,1.7571601453290406,1.7563576491450867,1.833423908441812,1.1931361566413052,-0.5656241216606107,1.3780323249942703,0,Type_Y,Medium
-0.006767166870911875,-0.4814531391608052,-0.8055578753848693,0.849272232314193,-1.4796231104783353,-0.6736805348084997,-0.433777637770439,0.9557848461887518,1.4520248187032998,0.8496974839685572,1,Type_X,Medium
-0.8433699653878077,-1.5334278440491336,0.6742381543578537,-1.0327087210571269,0.22591325306271876,-0.6636652447311429,-0.8378766774113323,0.4322555862175593,-0.4531291238478622,2.426871261790795,0,Type_Y,Medium
-1.1166134582523604,-0.7399457783582523,0.3548219893130205,0.30178844321275,-0.6784402217530657,-0.22183448104727435,-0.7485267361752064,-1.5395938128263815,-1.0537723421396585,0.7506212881375653,0,Type_X,High
-0.5665173473448638,-0.5320176831043716,0.3390051865567643,-1.086138060236979,0.6160272412082318,0.34235136366570473,-0.30601993908446956,0.8457143001390288,-0.40483172093183384,1.247788664825567,0,Type_Y,Low
0.5202585814773488,0.023698667902991195,-0.5492173722049485,0.40832558746379827,-0.3812761529224979,-0.5336216670530382,-1.7116364293226976,-0.5012387441727308,0.01727546506236507,0.9242959364942924,0,Type_Y,High
-0.2101623856702648,-0.15681340073394073,-0.4494525567608984,-0.5783550565681798,-0.5559029773211515,0.04214236427978167,0.32409722043327904,-0.7077405477895621,-0.2865486244711131,1.320898823557342,0,Type_Z,High
1.503249292478177,-0.4214289204337807,1.1626923847001824,0.5078481194058271,0.8492191883536742,-0.41897898338541467,0.9382117493353598,0.5439949121122322,-1.1428225703660524,-2.14639793644273,1,Type_X,Low
0.08384384323800648,-0.43100832133697986,-0.20792437959113996,-1.2733450380367035,0.6767385684412043,0.5097842848414831,-0.27667820670399734,0.009285560788371255,0.8478586950742375,1.5021721926144358,0,Type_X,High
0.16561640275190423,-1.3082017157740273,2.081576641687259,0.6744131683924444,0.8551234712036391,-1.932384012384762,0.03936512025807111,-0.9315459832969477,-0.9414022993329542,-1.1246756836455976,1,Type_Z,Low
-0.10622546965925027,-0.9872869893578292,1.4326383517618682,0.17013815506930613,1.0104137365886,-0.5967388477714456,-0.5349892276975222,-1.129387423543853,-0.450300544026901,-0.6598351907292781,1,Type_Z,High
-0.1823772139274374,0.48583588552627627,-0.48301110660087304,0.41387750723609046,-0.4481173536753315,1.4286379025607006,0.07046444083829093,-0.26645398701050693,-0.48769946221015975,-0.9597917736783348,0,Type_Z,Low
0.06578577763211022,1.4332772831370344,-0.7051005340799656,-1.4708897629143016,-0.19751719774591692,1.1165413088005898,2.4492831104743065,0.8039193606685223,-2.3646605729515313,0.32349365631884847,0,Type_Z,Medium
0.6034854085466868,0.46726648699875867,-1.391593583701103,1.499921585697827,-1.9262863966146626,-0.09653222437714463,-0.2831777576035145,-0.26919475128940135,0.7104631294130419,-0.30321632387405284,1,Type_X,High
1.1541509285279168,0.2949660887177812,-0.11485347259315497,-1.8210355285445772,1.8683410715481645,1.8058681231194593,1.0422003004678722,-0.9565051264319995,0.8154850244513865,-0.23593414698623666,0,Type_X,High
-0.18226137905053486,0.6664511709271838,0.3465280645628573,-1.1087324205110598,1.5610719788391885,0.6366877883196299,0.3495401579369261,-1.3003880574102784,0.3761804113356419,-0.2991060213585807,0,Type_Y,High
1.7111950564586398,-0.16347634067495978,-0.12503476146705633,0.755589404770663,-0.05822368081596954,-0.218776236729854,-0.5657468439714978,1.4634006008312426,-0.3952888877260347,-0.7997219844136532,1,Type_Y,High
-1.0480527724063031,0.5377236336932594,-0.08564660616907285,-1.2720290337666493,0.07779070062199774,1.3526682255175464,1.8817046619409767,-0.9252867380538513,-1.1097565029599095,0.20526930153294176,0,Type_Z,Medium
-0.16194774503962153,-0.4795084034368633,-0.8986068123094121,-0.15245519822352954,-1.0815987134794636,0.46762285200789805,-0.3947531125734775,-1.745740356515297,0.3641277124948771,1.5104207673825432,1,Type_Z,High
1.307668943798748,-0.5528561725566261,0.8982077058877338,0.5333407880848199,0.9847872810701077,0.3613839652020068,-0.9920310370844787,0.39842475822604,-1.4820328449217501,-1.5305129749710589,1,Type_Z,Medium
-1.0369458559828173,1.025949888523066,-0.3223032735413796,-0.6051525368570371,0.09641680479023845,-0.2764625364245975,-0.48141352500263945,0.611375536369648,-0.4897164560165266,1.1075088632741439,0,Type_Y,Medium
-1.6905132832282475,1.503933266802155,0.20593845296045712,-1.4346443270053568,1.0936503749378987,-0.8867517341950881,-0.07036606259122677,-1.4631894857352603,-0.24553114512191088,1.419254259598653,0,Type_Y,Medium
-0.03601121526871933,-0.16361132333095887,0.0031885293173309513,0.26802486309079954,-0.30369151375163084,-0.26825893348626795,0.2299716167193883,-1.2701695676904505,0.3368692272578449,-0.09987783900021427,1,Type_Y,Medium
-0.5248745800883012,-0.1709391612607112,1.3696414807648343,0.670384995548748,1.521340290280263,-0.1132432314526556,-1.7419229972794834,1.3323018710649466,0.009724739344780374,-1.5804065402869563,1,Type_Y,Low
-0.28737477709539566,1.6020714618457517,-1.1673743137222077,-0.5382619588175935,-0.6541601946759482,-0.06810232053885311,0.8816814227029596,1.601383878089746,-0.1534352470592651,0.8278644194775582,0,Type_Y,Low
0.9866831039643917,0.4932178655596668,-1.031390952377856,1.064770748606609,-1.07514416831136,0.3675652513967068,-0.645914751122551,-1.1523218916994225,-0.2067181161996065,-0.5289061890273491,1,Type_Y,High
2.4423012065008103,-0.6529771855821058,-0.347311902646994,0.39314371547834787,-0.3846605525111931,-0.5792144179275316,0.8305851958248512,-1.9128435835516642,0.515843776241936,-0.38349667903553475,1,Type_Y,Low
-1.0336622734699132,1.8449706553425609,-0.8675145857951249,-1.1673338452167314,0.13578964421527281,0.26721907094768443,0.3758602523779004,-0.6281013653420641,-0.33620759624900565,1.1679337143631279,0,Type_Z,Low
0.8252491037858013,1.074849499351372,-0.8791419605397278,-0.9941179978347086,0.5452528459810889,-0.2713251719890894,-0.8083990854751749,-0.20937199687115143,-0.013784858618797625,1.493756330787083,1,Type_Z,High
-0.028319929682920807,0.5040520185301349,-1.1153578861629163,1.1174439083254084,-1.38314333775505,0.7536723003214029,-0.6956067231186095,-0.5832877007610462,0.16456145059143573,-0.38434978468075254,1,Type_Z,High
-0.6044574301365115,0.15229675391408776,-0.2524095284812947,-0.5459170772481243,0.19660167675744974,-0.02504241845707222,-0.030222510440660454,0.7360105840187977,1.309595259427568,0.8309289715303089,0,Type_Z,High
-0.152753922594344,1.7858332514936017e-05,-0.41133708308601,-1.1415636093672068,0.3989862333449866,0.4222946549921654,0.19817828779602026,-0.09681183228633962,1.0464315954120709,1.2858082348193463,0,Type_Y,Low
-1.1012956867358596,0.538564049116403,0.45130867059739066,-1.0068015257583895,1.1501003418022653,-0.00464569192582405,-0.021885152666855357,1.3164168123645852,0.2959220561112994,0.4536779454904631,0,Type_X,Low
1.0751817451292982,-1.5999600850230387,0.21490705859463444,-0.3601992027937552,0.15628037844497525,0.15749766007938046,-1.509008610789713,1.0620817345407365,-1.0213865194388978,1.3821926508392843,0,Type_Y,High
0.5401792469413754,0.3453171434217659,-0.4209767088022757,-0.5705379123279867,0.34200514539759164,0.10500378629628523,0.4323965331822605,0.7392977158679844,0.945334987389894,0.32585632167494044,1,Type_X,Medium
-0.5944882513387787,-1.239937780510633,2.2470822668056916,-0.06358797953227706,1.8610156734821763,-0.785740875928334,-0.9039149989558287,0.5411112881066508,-0.6726858039062971,-0.8346850096626811,1,Type_Z,High
0.9583995241125308,1.3775898477980357,-0.7181659482180328,-0.45616629718220997,0.6389104303389112,0.840396599873889,0.15645952511992678,0.08444759094014435,-0.08491641068326976,-0.5585539641296117,1,Type_Y,Medium
0.9446487295926848,-1.1607558910869207,-0.7866922769436464,0.5101164449615563,-1.6091382394167917,-1.4121318849174156,1.8959882182137378,1.3921002523849204,3.4693871267520895,0.7618114725878634,1,Type_Z,Medium
-0.7503006247456444,-0.18586168712462475,0.055837140984715615,0.0058063494250513974,-0.1162716366454692,0.31732583261760783,-0.7016061954258082,-0.14530113971746086,-0.2726674947639287,0.40007851939423217,0,Type_Y,High
1.1136399828962644,1.622203254817207,-1.4752708479408916,-0.5655424129543034,-0.4105064057558801,0.5595463457792723,0.7665020163270059,1.5998519303683207,-0.5169408419927025,0.38331482323803917,0,Type_Z,High
-2.146653740568531,0.7502687554758721,0.3519265087781576,0.41426424465451395,-0.057909908891378946,-1.1023787386819544,-0.7217855432960847,0.23966826623695878,0.6308194107717069,0.21255682440853513,0,Type_X,High
-0.4991573838862372,0.31584632864091716,-0.0005941445044394405,-0.15574091477118648,0.39837564242855156,0.24108431110582387,-0.24238216269605398,-0.7482666882027629,0.7299684952827725,-0.08434830226965032,0,Type_X,Low
0.6426595772409667,0.7599445864170596,-0.9366470457269822,-1.0338385517799793,0.27184869476307433,0.6754738043050288,0.1994422403727896,0.49419905788292,0.30475514406863113,0.9461465560090776,1,Type_X,Medium
-0.12712659509608548,-0.22375247937627873,-0.09676199489207626,-1.5528229899083508,0.07224752505847214,0.6108933761365807,1.2697605511015575,-0.6088773839663059,-1.306285398122259,1.4185842770262833,0,Type_Y,Low
-0.3390458390572124,-1.2998761672770294,1.1416346784523206,-0.15639390221032048,0.7532412775431394,-0.800994733311851,-0.6783920435321946,0.17799926910834238,0.333943394560762,0.4313404234272938,1,Type_X,Low
1.870859977836928,0.4552775986912936,-0.12983300044595947,0.7119465930085864,0.599889763077263,0.32863368327375025,-0.32449356808705576,0.4495368619943576,0.22666549747785367,-1.8044749812627463,1,Type_Y,High
0.16403449703619025,0.6162604060073876,-0.07987348246556124,-0.5552389247305313,0.7901446506265855,0.5962267786205551,-0.21319292572922688,0.8895560036136265,-0.2074143399265558,-0.12580313164398904,0,Type_X,Low
-0.8029036545784854,0.2666696424485248,-0.32671859767437605,0.984058687451968,-1.3420847845273687,0.5284225008378627,-0.020909092134262265,-0.5310390987059878,-1.3261870317096147,-0.6005039386735224,0,Type_X,High
1.0892559860572841,-0.4124980186678787,-0.9720609936044945,1.3598072419420988,-1.7114081936864187,-0.42001285445928827,0.08243243624264901,-0.8457817566948441,1.1244102964913383,-0.21087641480790634,1,Type_Y,Medium
0.9533606277698088,-1.8369300638134014,1.7820424485017554,0.44319872843555547,0.3862686634059387,-2.247616352416258,0.6377852292568951,0.4879705813950492,-0.8096705110887458,-0.39835224665349167,1,Type_Y,High
1.1077670039645338,-1.2980190830624192,1.3565739866712145,0.8102810919194176,0.9280945492381356,-1.645192973722522,-1.7741427985960991,0.006337643831024234,-0.34844225579115323,-0.44182315593969895,1,Type_X,Low
0.23274204849157396,-0.9255731324503099,-0.48124483301684223,0.6235703615881802,-1.1333487713569044,-1.2547457867404195,-0.23081855791521344,-0.8344756471668221,2.095460307067641,1.1067185552169567,1,Type_Y,Low
0.6410428195714604,-1.7830729420002618,1.009763151778382,0.22309230636455413,-0.4750020764500786,-1.7650140629739564,0.7337466045434405,-0.9769015171340641,-0.8426924706452172,0.5914229483866013,1,Type_X,High
1.6548358560362553,0.9542917220301035,-1.300918538295435,1.3462307573199277,-1.5746371109890809,0.17398586745673708,0.9310130882435727,-0.7774300585159797,-0.2870147258173556,-1.4026142410917115,1,Type_Y,High
0.26693627220344734,-0.7259329749557396,-0.24519818398126722,0.5402920079779219,-0.8235127015355105,-1.8618423109251199,-2.4299389174881787,1.1431824018734567,-0.4077907053572472,2.1948916264305676,0,Type_Z,Low
1.4369550686623223,-0.20683292070809178,0.40332932529921994,0.9712225187214298,-0.6022791113350267,-0.9827753060689299,1.8423545655163234,-0.20310072287059425,-0.8432942978597805,-1.7199283080322918,1,Type_Z,Medium
-1.5363440942090558,0.7795684566583874,0.2952903652880782,-0.05888098103675229,0.3629145927054192,-0.07882661310333015,-0.4036869102212126,0.13858240119813403,-0.0927837628559923,-0.11699345825264676,0,Type_Z,Medium
2.6432761828805758,-0.4089134984563613,-0.5216618590968197,0.9141853882223511,-0.8414574303875493,-0.5808003097721635,0.7116995738898431,0.07641663459706266,-0.18209736918317446,-0.806675926872893,1,Type_Z,High
-0.2014034096515663,1.3896776809073625,-1.023971791382274,1.5418843943360996,-1.7733056503040907,-0.3084433968353366,-0.535611569599576,0.9221793870008562,-1.445043213791966,-0.6220574759200423,0,Type_Z,Medium
1.1393000345059288,-1.2477456898916197,1.099934899385477,0.8417381704801699,-0.29153265698323455,-1.6321282533341444,0.6005688257609997,1.182970492255395,-1.36330405518916,-0.7281848519043618,1,Type_X,Low
0.014535983885851322,-0.21761251878595214,0.41819133146707804,0.07237953017862933,0.7617237490040828,0.6312977234203437,-0.40763627989335244,-0.5117119352573158,0.500251334742459,-0.8447607191966917,0,Type_Z,High
0.36446012038067593,-0.020160982700315674,-0.106498921485298,-1.749671911609371,1.4068960215272353,1.09009372112455,0.8768991947148501,-1.1656922019175788,1.48497827712548,0.6244174816868033,0,Type_Z,Low
-0.26960365231007266,0.5420951825538768,-0.5302221158823408,0.18827012831701992,-0.5055249974336133,1.117770737776111,0.25814236220705433,0.1125433652656409,-0.5008147961543773,-0.5194447956354629,0,Type_Z,Low
-1.32825048595874,0.9449150424623715,-0.058745545472369855,0.3839951319022219,-0.1974042436719257,-0.8983360172861619,-0.994820181851288,0.003128089869780234,-0.05383849121176714,0.38221013234591716,0,Type_Z,Medium
-1.4277846257049371,0.7587125800772115,-0.1407514669205381,-0.9617347827947653,0.5346387710967425,1.8258447108744673,1.201047821576285,-0.4033010344670638,0.5460613000766391,-0.4510137470753317,0,Type_Y,High
0.33830935059228656,0.6386313286813426,-0.6788125880168427,-1.710388427206121,0.7860350526569927,1.5791345358537243,0.7537958335406508,1.0455579315423456,-0.051542515723821854,0.8331948109845668,0,Type_X,High
-0.4140116738659914,0.932910022489375,-0.7671690263723828,0.3325960906712863,-0.9752996181405202,1.600717925083626,1.1946752125243782,0.07779966881551625,-0.9354195334185281,-1.1128000704497494,0,Type_Z,Medium
0.15725786550700585,-0.7086444932998841,0.3204397260636785,-0.6385032032020982,0.9167394881915231,1.2761100487799533,0.16778618258678846,-1.4491290008348932,0.8949838408978129,-0.3196526509033658,0,Type_Z,Low
1.1244526086646711,0.7920548530198644,-0.08266825881877349,-1.06700062678931,1.5251233367731634,1.407794630829826,0.1869188902988588,-1.1969215310800987,-0.6093873657789495,-0.6722584362514374,0,Type_Z,Low
0.8784242315101956,-1.2816946165789946,-0.4924561554344948,-0.6687705851220203,-0.39120565050804273,1.2569283169813097,1.9659603216483272,-1.2476783624703125,2.001674748127322,0.21489206042007652,1,Type_X,Low
-2.1948202682736206,1.533750652191583,-0.5438662205812403,0.7048610260922891,-1.5440753321280303,0.17239481852223718,1.080477817765826,-0.30204636126629303,-0.9897763750764401,-0.5708458628087589,0,Type_Y,Low
0.5904863233258391,0.4221575764705578,-1.5705524722687816,0.922626242183784,-1.7242610588736276,1.3943980275475434,-0.6482594863300386,-0.5794811515689693,-0.6085694076986845,-0.06462603980740975,1,Type_X,High
-0.28110477680234774,-1.5784826201460718,2.581696718216653,0.004454541872435667,1.3700768715705354,-0.9132436770088392,0.8906967729925908,-1.5122149101294882,-1.7341211440066446,-1.4855694366047452,1,Type_Y,High
-0.8698998719591627,0.6376714097993481,-0.17522970094974832,-0.2527217189138516,0.04791181809983623,-0.25107881404014,-0.655984453680805,0.6220885719948297,-0.17958536813604503,0.7506032084217502,0,Type_Z,Medium
-0.41942401751395847,-0.38985575558744623,0.31348673716335773,-0.5817610235076046,0.8365621003017444,0.46738981604235624,0.2123443029402403,-0.1481673512518962,1.6705626060017884,0.0016448445978992654,0,Type_Z,Medium
0.5640529139951057,0.04953030694679648,-0.30451712122100355,0.055033061201403194,-0.3200644228700074,0.17434355516243394,1.4396671384544106,1.260226789931538,0.8741581933936089,-0.6045467498357198,1,Type_X,High
1.139741433293385,-1.4527230058013558,2.0443780004988295,0.5808692709436666,1.4210082976961504,-1.1670475873794663,-0.5558427157359739,-1.7369334532087364,-1.2060916064522007,-1.5297401887118465,1,Type_X,High
-0.9435707347831379,-0.026839876873301496,0.9668325023105795,-0.41637990063867786,1.370520036101289,-0.33543892268743314,-0.37393625347406156,-0.4395431146300638,0.9206993652056926,-0.2697616140453369,0,Type_Y,Low
-0.45501435993976475,1.2483546910330383,-0.5454590069936104,-1.393627259394081,0.6225379999186123,0.36365604581706557,0.277374609418934,-0.20974301350082858,-0.2446378765572551,1.1500969559483971,0,Type_Y,Low
1.1381390460018923,-1.273761307415509,0.3966204960698531,0.6193158416484411,-1.0896425333287099,-1.6573896759885918,1.161960614781856,-0.7893674297276143,-0.7843822253810384,0.20043199839901985,1,Type_X,Medium
-0.20485027334729194,1.1532644732456072,-0.45987020084170555,-0.3442000357010157,0.25099705299030534,0.23736448842460267,-0.36933643310650804,1.1617746982819115,-0.45191376613601225,0.21891289805910216,0,Type_Y,High
1.4223048598605474,-1.671145330202154,1.5410606436269985,0.43348571964126154,0.7710807993173268,-1.529336089511062,-0.3652699718464952,0.7158479177406888,-0.9409542755162105,-0.5275342102643795,1,Type_X,Medium
0.4747973737356169,-0.13911011814484694,-0.3573298317495445,-0.22611498113691914,0.040876805894772814,-0.15182357155143916,-0.15438935182997324,1.378418095224786,1.033828139982412,0.593416753750835,1,Type_Y,High
-0.4676540027222562,0.67228764856701,-0.5106413159416958,-0.9814684339870521,-0.3890789579631012,1.4128014409558494,2.049942528754782,-1.680188412394712,-1.1670852750579177,0.05176423106938682,0,Type_X,Low
-0.07794449780909661,0.5472346060279734,-0.19757863878204154,-1.6371479315244863,1.1112745609474681,0.6426477120023089,0.4147471276203979,2.5045412207614737,0.30473945426562365,1.0064474014377518,0,Type_X,Medium
1.350892994137746,1.2075430509316751,-1.4549172933440018,-0.3494366524850134,-0.48033113651322235,-0.7073269748888873,-0.11125389064886146,0.5328005875920468,0.4347425593469859,1.2706742823685135,1,Type_X,Medium
0.5737983105820649,0.14396098737192253,-0.7197552886925939,-0.09183603229179564,-0.3535337292479103,0.24643243528308237,0.12539501674163825,-2.082341326658379,0.7547153288522149,0.38379988509794244,1,Type_Y,High
0.22991011148811497,0.8287579759764503,-0.7684557159582142,-0.6161833487788948,0.1777455321312693,0.07468533738228447,0.2224006364160171,-0.3059050104516913,1.0899524739918058,0.649650853150486,1,Type_Y,Low
0.945213900075908,0.36654972289811005,-0.18612815165588356,0.009262081838074192,0.5010892352522329,1.654464954138397,0.045932228246840824,-1.2068518378980135,-0.7908036246090792,-1.366995884255507,1,Type_Y,Medium
-1.0517263378676034,-1.346386825599343,0.488172648236882,1.836913356373908,-1.4043633850102897,-0.9700978699947914,-2.5899931035291788,-0.608498557932879,-1.0617840709348023,0.42637947206641325,0,Type_X,Low
0.2591120375859629,1.0527212312836958,-0.2882573479121446,-1.424533181996125,1.1774487255543085,0.9193441617433619,0.31921870540958336,-0.6957599025446142,-0.49742212039030187,0.3783823736011698,0,Type_Y,Medium
-1.619357331959248,0.1306211258387062,0.0513333448675009,0.5675160623163567,-0.46869375829576515,-0.8915982038937543,-1.5808095987036683,0.2247951741202446,0.38196390610889175,0.8602673639309713,0,Type_Y,Low
0.28163300569809857,-0.8396370968541531,-0.28961278699784815,-0.15431617896862326,-0.4052587395126877,0.9788220453969492,0.3239663948416893,-0.35045945187661576,0.4410635371910115,0.24693152275980443,1,Type_X,High
-1.2072603216165314,0.1461951269504498,-0.4871315903544732,1.2249750914699165,-1.5790541952474073,-0.23046330166124146,-0.6505931357679404,0.7156562651100766,-0.005841954934225479,0.06337395753102743,0,Type_Z,Medium
1.084969560414395,-0.5749195008648146,-1.187432107897703,-0.886940271238315,-0.8993317641627759,0.13508627264249337,0.8378345184261946,1.1242917409547557,0.8965574429238384,2.00369432503447,1,Type_X,Medium
1.378423481288171,1.5565228391284731,-1.2179180295200729,-0.0370065414765354,-0.0521323773058012,0.2651059929535145,-0.23762576856238002,-1.8947530549522245,-0.23747929101818635,-0.12151339641197507,1,Type_Y,Low
0.4647317319794897,0.5701116583958559,-1.0406496499979034,1.03619803635914,-1.452867598038526,-0.6741778775733824,0.5297314627770644,0.6100059374499385,1.1407899287797438,-0.23704842214792907,1,Type_X,Low
-0.17733958124289406,0.4332517952405848,-0.5851199111199469,-0.20028359664630105,-0.05429722575636429,0.4411463898063937,-0.26006030703319744,1.1273420427648184,0.8383149179637169,0.3730065632970209,1,Type_Z,Medium
-0.21537211294564623,-0.17667490192874094,0.15622928474026443,-0.9536262891476119,0.30099597712836845,0.5017286080065773,0.17437300969752667,-0.5726685785780952,-1.368133343317995,0.8639050386828168,0,Type_X,High
0.43800408297353977,-0.7451439730542887,1.812669339716217,-0.16643286550611594,1.7759755909503805,-0.497911116092333,0.6654694717067755,-0.1854878004613236,-0.2486018181324445,-1.6538868608214772,1,Type_Y,Low
-0.3589506942526275,0.9606270622443187,-0.7365686479558308,-0.5720493934767003,0.1163521253407331,0.19756671404164589,-0.16883797501967854,0.6583005511630537,0.804971331832549,0.7783182559546543,1,Type_Z,Low
-2.415068980353511,1.5284395199419647,0.6174634552830526,-1.1656839048770817,1.1691540398051297,-1.472863742068814,-0.39117777805947135,0.9588766811972658,-0.19391932589945768,1.3310480873073727,0,Type_Y,Low
1.0905823533599739,-0.4217993698320427,1.2594568799594124,1.1542962386136715,0.46419650662210776,-1.109111451367159,0.2853403405609942,1.4729773502915904,-1.1148096364539846,-2.150553796685983,1,Type_Z,Medium
0.13447863181720643,-0.22952149850610895,-0.4800161173431335,0.08064422752950934,-0.27482028036549305,0.7370707666319899,-0.2873504744812694,-0.7662199402826677,0.8376243475305006,0.12619105273877942,0,Type_Z,Medium
1.329047990732108,-0.7161560593350892,-0.9072697898718038,-1.2710120579736846,0.34335327078957695,1.8776209554210153,0.9012538899774762,-0.9012927899211016,1.8928749569998238,0.7235560926941889,0,Type_X,Medium
0.4280186380358212,-0.10268725736748635,-0.5876053948917691,-0.8682362334921188,0.29279145785462835,1.1911535407831049,0.3658529451350143,-0.4957145168045231,0.9926459657603914,0.5372717157252112,0,Type_X,Medium
1.223306044862392,1.3571174712067657,-1.6807038398965533,0.9064571413081411,-1.4195469153309466,-0.8517195219513408,-1.1284917384270816,1.383959004680797,-0.36107725379331296,0.7193959673868588,1,Type_Y,High
-0.7637788325024482,-0.965171091251788,0.40850070487896045,-0.2549110092374139,-0.15904505855924903,0.45945427475031614,-0.3778593190655249,0.30507617820838245,-0.8003766055898592,0.696011281018198,0,Type_X,High
-0.6102172529909651,1.423094448672858,0.9425124485256058,-1.3667529701128422,2.5196078405881277,0.5853156871994514,0.3285065756798596,0.6860179580010791,-0.5166733013051638,-1.0150603938624176,0,Type_X,Medium
-0.7960667099262615,2.4125072994158296,-1.6156509329763284,1.9426767171129657,-2.2606098041043134,0.038448526542432304,0.13300912438352852,0.43350160131013304,-0.5196713405977512,-1.374585960768985,0,Type_Z,High
-0.5042753952013446,1.175592471316759,-0.8648700289559714,0.0958543197260022,-0.2643688605561185,0.10560896775303127,-1.2997088597768522,0.03772087245488574,0.06348964908082201,0.664384026162373,1,Type_X,Low
0.758091514613696,-0.9497890288617367,1.4626726110586497,0.22673611346213438,1.1127112043191498,-0.6302929975651982,0.15152598309845422,-1.4469914377423783,-0.6323453942287665,-1.276014724763813,1,Type_Z,Low
-2.02580257163063,-0.15392971160582028,0.8394488197841748,0.5751260096984427,0.3316095758040726,-0.06046335657253468,-0.16743971286591347,0.9002262570069063,1.5982594193075557,-0.9794830898837867,0,Type_Z,Low
-1.2310895574065666,1.3011130459247195,0.08163323287585894,-1.093053718381985,0.8561980024629093,-0.48680616293138435,-0.2913219455844426,-0.04608191433636773,-0.5933952156108675,1.058644822648841,0,Type_Z,Medium
-0.5974668232975631,1.3356448598456765,-0.26221065993510784,-0.35293227094470875,0.46633337208542286,0.26895750930928813,-0.21348230666067963,1.2239153648162966,-0.31913902341735345,-0.10267086746189129,0,Type_Y,Low
-0.511762785097446,0.02897542839037524,-0.09016135606885793,-0.01867401853623404,0.09024323019889632,-0.09077424444143072,-0.34418954693309217,1.119020767933541,1.156630852087633,0.28211340958288744,0,Type_Y,High
-0.6548940640670948,0.2343872259815892,0.5187283148187316,-0.40296875262697174,1.0710431385517913,0.9477976432969746,0.03007802936733302,1.8707581231756942,0.24349289269314647,-0.8447774916794178,0,Type_Y,Medium
-0.8903715719092876,0.07119153909216892,0.3292868438615273,-2.498999457639666,1.3254512009037536,2.827284554531235,2.733404920595469,0.6034610754628963,-0.7369738632042535,-0.045194702535042035,0,Type_Z,High
-1.54747236376217,0.10918952963812635,0.2638472480488903,0.13672419527725851,-0.13934982647667893,-0.1175132371541687,-0.8036061350508727,0.5137439852483114,-0.318373427165696,0.40413295371072977,0,Type_Y,Low
-0.7687031084525084,-0.26117905102485567,1.0508973266562736,-0.6823663454174637,1.7098191547213202,0.19843563045655815,0.13928682117911154,1.308232276792904,1.5593036732106276,-0.6041525837087103,0,Type_Y,Low
0.07670940434216075,0.060660708774332286,-0.36519010474592245,-0.6343284660959538,-0.26059531142733666,0.31212402887230667,0.29595755509260196,-0.043787723696370816,-0.876279465122273,0.9270459040928258,0,Type_X,Low
0.7729656665058486,-1.7664655249087662,2.233249801555662,0.26620186775652277,1.367174811455462,-1.189886361187247,-0.3576167947461214,-2.1212235221896427,-1.6059469068607954,-1.0467648050028278,1,Type_Y,Medium
-0.4805628507187164,0.022703663985775595,0.5296178476579647,-0.35730377505169325,1.036851070018326,0.6860870035234925,-0.07908136678134764,-0.9938639026953106,0.5143214706794843,-0.6606852699292952,0,Type_Y,High
-0.7654541909437045,0.12282142759324455,-0.5195559285833412,-1.6997151386135665,0.4903758761755366,0.5593451372151347,0.7237785696158257,-0.48941605020015166,1.7230786133162739,1.8021236280685398,1,Type_Z,Medium
-0.21111469339929348,-0.0019363340112675,-0.2319722575988891,-0.804940461833963,-0.12196640358111815,0.012671812960473284,0.15913583753764265,-0.25050966076366415,-0.6993629540877261,1.296294378723948,0,Type_Z,Medium
-0.9119299364848884,1.278645827469475,-1.0944844909527798,-1.6779979906321085,-0.13412933834220525,-0.26530933399774714,0.2785074574494289,-0.9639453993172648,0.06972283912365816,2.6825857587569697,0,Type_Z,Low
-1.8234849500066936,1.1625705762409027,-0.5384887174957597,0.24810524103592727,-0.9915336540961195,0.5481332612628738,0.9426183811315301,0.18260890910546182,-0.09519194676410032,-0.32415943340550746,0,Type_Z,Medium
0.07544700941653372,-1.3958031840652787,1.9640328256752884,0.5694605731506511,0.9468259724166429,-2.0214238513019502,-0.09485457495832983,0.14952220053214338,0.037463523094032676,-0.827837593134607,1,Type_Z,Medium
-1.4781930613550684,-1.0097252656768974,0.6548907935156547,2.3478629739484713,-1.4004058746229069,-1.1880947188933062,-3.1896119190927665,-0.6945024268952114,-1.3004040398210557,-0.05132862622527588,0,Type_Z,Low
0.1819517695232031,0.8261341194089016,-1.2140213137827858,-0.9430688802002675,-0.1416285445759621,0.987376010388702,0.5972392955484779,0.674904140018218,0.9453983897386949,0.9164258029945896,1,Type_Y,Medium
0.9013771189177449,-0.5614096093870494,-0.10957988298760808,-0.48073271663793854,0.6558604918424253,1.4029762774449124,0.0870235250124921,-0.32652514252699455,0.7640990868412003,-0.3580523831948723,0,Type_Z,Low
0.194305202961137,-1.3143260026518995,0.08282000561925466,1.8207886092461492,-0.8846638252599721,-0.005421926592388278,-2.930729798816035,0.6254295915364209,-0.18561368329715536,-0.2132109110684436,0,Type_Z,Low
0.47804703966557377,1.763161778233442,-1.2978229479096142,0.5069594174118411,-0.6553163587368279,-0.6786222839321221,-1.4309488584526933,1.8111402367509346,-0.5304313376309171,0.6311231658616051,1,Type_X,Low
0.21324273099412858,-0.9476915061544204,-0.23279788561209594,-0.23428345043987717,0.010589739807806703,0.8142641462475735,0.046408468626750424,-0.49765230169980246,1.8069482310042253,0.3213910763944024,0,Type_Y,Low
-0.9148347837325947,0.7561362156110014,0.1137938712733756,-0.43931354987392973,0.6166188800997987,0.4597971794027459,-0.0507462510204142,0.9162476914493546,-0.03393989886203135,-0.17166583081575715,0,Type_Y,Medium
0.1408840350643154,0.35009635376231485,-1.501230770057735,4.6363275835861995,-3.5015674378233657,-1.2226671952754742,-3.780990072523935,-0.6901106005776289,0.47505648590632515,-1.3689409081132342,0,Type_Y,Low
-0.4449353627262004,-1.5679259143285298,1.714492875807373,0.11878028317533473,0.34709311675334714,-1.4401933293053004,0.4153239901168069,1.5981760546739168,-0.9478294803210677,-0.058842993171794214,1,Type_Z,Low
-2.141675602878683,0.2891434395630957,-0.464739757412606,1.9603318555881226,-1.5426431991316003,-1.3730108840620592,-2.4028364630094954,0.8437118570521689,1.9203569541575067,0.4607396749495645,0,Type_Z,Medium
0.37007100865977305,-0.3320936722899499,-0.31984707334080614,-0.9265463209392188,0.4558919761929585,0.41013502308115457,0.017563806106487435,-1.2928501569625468,1.1146183314588758,1.0321863179425876,0,Type_Z,Medium
0.18073383797977907,0.30120065076085917,-0.3894043684646291,-1.2390128283417456,0.7809387324568658,1.2995128314703877,0.6533486912299127,-0.6164657072892978,0.7151704946113064,0.35352017990841594,1,Type_X,High
0.9231354135087317,1.7464331670865851,-1.4751278056026929,-0.06246750043189631,-0.349486767746795,0.25101422921262156,-0.6394433904619437,0.029213643987760572,-0.3690140582011869,0.4308037460194021,1,Type_Z,Medium
-0.12375193081778521,0.49040875390108374,-1.11554133326937,-0.17100062031734237,-0.760496827858334,-0.13119018066717533,-0.3269504970231197,-1.3141731890400112,1.0480075705388614,1.333036241560825,1,Type_X,Medium
-0.17416626054125492,-0.853287919086987,2.4200744262853933,0.32140055171022597,2.2714085817293594,-0.2550895129062829,-1.1620682755102965,-0.22152884405779608,-1.313943061280733,-2.0788145608724906,1,Type_Y,High
1.3517833557720798,-2.5902708585669134,2.822408662437702,0.582266894090715,1.1550169160401151,-3.363520622605176,0.4353946114450306,1.0848843318601087,-0.7286689548480544,-0.7321869007816776,1,Type_Z,Medium
-1.7771736753061922,0.8307149659136334,0.7543212468631857,-0.15521992278841001,0.7655692334935407,-1.5375518848282166,-1.095413551941168,0.7386578448093841,-0.1884153804002686,0.6104570047783342,0,Type_X,Medium
1.2317776736582675,0.08235338356987135,-1.1843627794657305,0.08040400675354858,-0.9491683889534105,0.6174413224067438,0.07743406359123091,1.3246086356172668,-0.07981959779953991,0.5150456385402528,1,Type_X,Medium
-0.4684992948600937,-0.05424760473176896,-0.43673978027212573,-0.6216461862227145,0.0253335966514198,1.0557943125758502,0.41615481893555456,2.166776709843137,1.1315637439463366,0.44553447939962,1,Type_Z,Medium
-0.9330749479694307,0.3543646287115515,-0.015491056406703736,-2.936482306852622,1.3976331439784813,1.690130413299229,2.3705221670636756,2.221028796320565,0.3599827599816002,1.3360512250169039,0,Type_Y,High
-0.2414280424520009,0.002544369071817771,-0.0886137567019965,0.07068189726617893,0.23206788472164863,0.2398250917025739,-0.13781676657870606,-0.1326317473949113,1.494845860593119,-0.23412791944368133,0,Type_Y,Medium
-0.6790382554937769,-2.081761650621263,2.7818144386575727,0.3885394069411951,1.444261915311889,-1.9476372408842764,-0.982747143117739,0.5194681798496352,-0.9101887447412602,-0.5304354753342945,1,Type_Y,Medium
-0.22818570651595932,-0.4242024517991023,-0.4728778489006914,-0.7615750465868425,-0.16749689257136935,0.3806817251995313,0.19616917727845307,0.5350226751156576,1.1166877168202805,1.328914899366529,1,Type_X,High
-0.3925973863500735,0.2018285389389996,0.3244477890296441,-0.09850142968847093,0.7558297481518934,0.6138581253367251,-0.22200577797638918,0.34966803851078243,0.4115740448489565,-0.7234560922172236,0,Type_X,Low
1.054792746052359,-0.4437538821934661,-1.1623399795747014,0.041541958440489225,-1.2108957721006575,0.029864265806999,0.12153657435958208,2.0427426679261536,0.7479929233092514,1.2173371577151517,1,Type_X,High
0.19102135374474036,-0.2322724388772865,-0.5803508752615358,-1.175796600411379,0.15649609504857068,0.8426913684567556,1.0326340896824964,-0.9299962817135847,1.4082331877469283,0.9986899423290103,1,Type_X,Low
-1.486824654377784,1.031953185433738,0.038380691962349604,-1.1030176891483774,0.6971649326865209,-0.01847037675689669,0.11001523197729271,-0.06609071810568577,-0.038687106736776694,0.9076764546676367,0,Type_Y,High
-0.7244495981704575,-0.003361374797896904,0.14310156349937803,-1.5455647152298213,0.23549305260346945,2.159680286695605,2.37952339450543,0.42591408089372584,-1.7242441379738815,-0.10248213194789288,0,Type_Z,High
-1.2856793957607058,2.1311087257731054,0.44828261075344,-1.2846556054359648,1.7794463385633366,0.07576888305769587,0.1680885086436434,0.5747657742670381,-1.081878857357836,-0.23817804429785633,0,Type_X,Medium
-0.406533684320816,-0.580354650554232,0.45778653918600154,-0.782526281978041,1.1078554797735012,0.8117659602075021,0.4337113915972029,0.27572257620625085,1.8839308172725475,-0.16712976438345842,0,Type_X,Low
0.4010357664640869,-1.4435301403114231,1.7786685674078444,0.0790850928450102,0.8481925132660706,-1.7014296656526873,0.5806761258991386,0.9989292046341346,-0.4803802962956163,-0.4833492552048954,1,Type_Y,Medium
2.0080139955965537,-1.4996032412641598,0.5991357333351532,0.8594749086409612,-0.3695388811039716,-2.7845667363091975,0.2613109228755244,-0.4323001731994152,0.9083661335985601,0.2250275727584731,1,Type_Z,Low
-2.0136611361312333,-0.37686677539389374,0.6942516325623607,-0.44927647889861505,-0.3196504263372826,-0.34931261734003277,0.09393917022102606,0.408904785240075,-1.5585415865960002,1.0930325250463455,0,Type_Z,High
-0.12436604878313144,0.9059972267781522,-0.347588734211842,-0.7728554158071596,0.7549583849664642,2.2845333883887653,0.8163973526810349,0.7750117874138595,-0.20197142387626743,-1.0560147947900593,0,Type_Y,High
-1.8828934836700333,-0.6073484759972598,1.124709248680923,1.0893436855123253,0.23101662271281725,-0.6249409220906892,-0.9119706005524255,-1.552863442121713,1.4960602927297797,-1.0059430574569252,0,Type_Y,Low
0.25303373572335913,1.7139698874053857,-0.9144661703662069,1.0352265757520158,-0.3831205540512243,-0.26084268027691554,-1.328076990992007,-0.5096852936107175,-0.004338200778557485,-0.6939859624313486,1,Type_Z,Medium
0.7223777103254675,-2.0737130599773486,1.716940579042376,0.16030178849140395,-0.17774385928081002,-2.197446427487594,1.8854774553373985,0.4097353427619518,-1.1619436411592508,-0.09251673006272648,1,Type_X,Medium
-1.623835732543583,-1.5085347215953668,2.1315326082159,-0.06964463426366704,1.2558459433009774,-1.6135186516404039,-0.6736257206130013,-1.1505096897605505,0.6578163456907488,0.17255398786804288,1,Type_Z,Medium
-0.17783574511449415,-1.001008000559497,1.5068319355475572,0.0070595066363429645,1.2957770138534612,0.13443829014423633,-0.7478657533602021,0.6572645945838013,-0.8611653165730699,-0.8921198514675207,1,Type_Y,Medium
0.8537769820932574,0.04740492244994972,-0.8592965357290632,0.9411367722070606,-1.0039871149744481,0.1488360875315525,0.15814410859217548,-0.435975784829822,1.220219645809274,-0.5793536359614068,1,Type_X,High
1.5078533589543988,-0.8793401534069134,0.16107131364241176,0.43810084651049025,-0.9323704292313915,-1.5971195521758281,2.2071845158790286,1.5204312591567994,0.2504878013346602,-0.26309326026430857,1,Type_X,High
-1.0089027494448022,0.47823193024243477,0.6806553939653922,-1.2352888521750913,1.5699746998429163,-0.08809697585973174,0.15235298599060257,0.3772615692685171,0.5406657611472603,0.36207605045238167,0,Type_Y,High
0.5497123873752127,0.45234083797288493,-0.7162988172583685,-0.7171237726435806,0.20413448424601657,0.581954254141793,-0.11596304508941421,-0.20918160633248942,0.24127097494593266,0.7550276449139254,1,Type_Y,High
0.09478522282034474,-0.7152019277452923,0.21254302625686483,-0.05646611233921929,0.47573885171869057,0.7148411755653595,-0.12916245572804516,-0.12209778275776212,1.3544341467263188,-0.3828401409537652,0,Type_Y,High
-0.33019475197644693,0.18357212004430945,0.11687207466558842,-0.966033010818914,0.1510709490874179,1.3854368209802244,1.2420738098751372,-1.8240662692351732,-2.1055564638994135,-0.062381515446315906,0,Type_Z,Medium
0.7965538413757739,0.2506743143072975,-0.4127025815047964,-1.042303450560765,0.6695281336409279,0.6140161078356089,0.5535537222668394,0.9249398065176769,0.5989285821674398,0.4705536465069848,1,Type_Z,Medium
-0.3465557760446296,0.8834204698894625,-0.7097854303419016,-0.7047571592481772,0.027214229194743016,0.3537042016644876,0.032999987090898256,-1.7056049727953122,0.24411306524457715,0.8683070310024797,0,Type_X,Medium
0.0612290364740166,0.5623220959632808,-0.38447569928089337,-0.7196627372844134,-0.2762316515284629,0.9712531639848992,1.1412699326838365,0.08725172591369444,-1.8541822879481944,0.16003572638981722,0,Type_Y,Medium
-1.251685348627193,-0.32177435345586863,1.7530818100333694,0.4325320112322121,0.8650799594323649,-0.1286449703275138,0.4988366728935245,-0.09389968158475086,-1.1810546457898516,-1.8900937776762776,1,Type_X,High
1.0851664035118682,0.1609996675670579,-0.7796034980747419,-0.3806550905055336,-0.1373250672198903,1.3528525951001453,0.2429286469592788,0.5124980064664725,-0.45834735341044425,0.0014250487447562382,0,Type_X,High
-0.737220917603722,0.4095389797539944,-0.3728244073451837,1.956955834510074,-2.022330519342222,-0.5389828094691077,-1.0689129224209353,-1.219976377545981,-2.0921408431315283,-0.555476086690684,0,Type_X,High
0.4638138718793909,-0.2741548152383458,-0.39040358203645487,-1.5522424439177125,0.67387199232432,1.669810776059325,0.755986358994971,-0.2413230587146846,0.23670078158610772,0.8095169724607296,1,Type_X,Low
0.11666140294258245,1.8934812131512804,-1.4941934637965257,0.4410176473529408,-1.2102575518773957,1.3042671121331126,1.3005661973424518,-0.05988775005713385,-0.5242382068144539,-1.1017507076255848,0,Type_Y,Medium
0.06946201887194134,-0.11420090864255426,0.3872234982659573,-1.7425281605437086,1.7080186420502879,0.6424392273033722,0.38343102376771654,-1.9226688796901834,0.7299897567899015,0.7204158877056589,0,Type_X,Medium
-0.302196662435444,-0.3569117799569852,-0.2160185094984058,-0.6419912657556816,0.1346252293334343,0.6367484106735379,0.6466054718149746,-0.5584926981163305,1.4988721400234741,0.4796580429526919,1,Type_Y,High
1.4736108719278571,-1.7021452060090274,1.4989982436170703,0.6547485180318579,0.085702594558771,-2.3712575051721774,1.2755973988015905,-0.6334232578222843,-0.33355532906709556,-0.7418379567009789,1,Type_Y,Medium
0.6368524336514507,-0.5178875480736025,0.6827523916689263,0.27581031183956856,0.5496522211254332,-0.339476778713585,0.21107505952017142,-0.6943270406684366,0.17003237327684287,-0.9203372981446158,1,Type_Z,Medium
1.330905910282085,-1.4174926748309489,1.1326101975491547,0.47010059623914496,0.29372102401945743,-1.564679534621375,0.2920429686591126,-0.46157358524510955,-0.3740990743537575,-0.4503459587096435,1,Type_Y,High
-1.01046433132733,0.682907543100552,-0.47279231550959255,0.8984966941188414,-0.6109899796105628,1.2159450448935418,-0.3482092643993087,-0.9840432216271237,0.4416257502369334,-1.198352148114319,0,Type_Z,Low
0.7055606887695799,0.8993146286748788,-1.0281251893927073,0.4405997797397977,-0.5535617461328346,0.39382008423730475,-0.401673960423035,-0.37732585237922867,0.11706595490071553,-0.21480121062081053,1,Type_Y,Low
-0.9800589980832868,-0.3698687776154518,-0.09383439649359344,0.19967782575993953,-0.21809056568441387,0.7309376858126333,-0.6806887803092043,1.817361010391398,0.9169934988891114,0.14239574207769207,0,Type_Y,Low
0.4801684482604844,-0.0549927038682472,-0.6102845787701968,0.7178198929472627,-0.6540277020855777,-0.19616199826980243,-1.5825510130807023,1.3390326700038548,0.027068173547280517,0.49400271231675014,0,Type_Y,High
0.04727263941149651,-0.42956428727531143,-0.2986057702077186,-1.1187177942588702,0.5148614934585499,2.102789373328642,0.5633282584194285,0.4762056217273303,0.49523237983978596,0.24383649465359186,1,Type_Z,Medium
0.2826915214357624,1.0389797535923326,-0.4447366696804756,-0.8095868165978227,0.768516980915125,-0.2024466628581288,-0.21342116705785394,0.9874445726838011,0.5689075312915882,0.6487386495416811,1,Type_Z,High
1.5557609841842759,-1.289032058337367,0.901367824408454,0.5709484591803847,-0.48845095852012066,-1.7270779665857656,1.8737831079188516,-0.33322633649209116,-0.7964295264625416,-0.7275965501828424,1,Type_X,High
