feature_1,feature_2,feature_3,feature_4,feature_5,feature_6,feature_7,feature_8,feature_9,feature_10,feature_11,feature_12,target,region,product_type
0.14144264677557353,0.2775573907661778,0.07348844731482775,-0.017433219176530058,-0.4236530963604345,0.17833555865284378,-0.6251934140919276,-1.0165002364361113,0.4140624777138737,1.0342234330424225,-0.9452369252372463,0.16053044513420345,0,West,A
1.8834474828100598,-0.2725407431043771,1.6688567318432361,0.963774810796233,0.8643934916400586,0.476394334040137,-0.8790551360336772,-0.7543314532114673,-0.08519711739384567,-0.24147376285137642,-2.493002312516188,-0.21701156076428801,0,East,C
-0.5262385232293233,-0.4989669912918867,0.10551355770458619,0.37674779934737346,0.3437793519623028,-1.131111100949491,0.0346891030501605,-0.5407992884010108,-0.3795270139982816,0.24330468229959432,0.21575547005886686,-0.16928193414229525,3,East,A
1.4758390352879345,0.9082093234121074,-0.0005264620341752874,-0.8774965215235682,-1.5637696209600263,0.7108994942860541,2.5876866961640532,-0.5347476429692993,-0.5590867025514978,-1.7391505113976076,-0.9003477991510374,0.019447724479543245,1,East,A
-0.1599921493288416,0.9850725437444317,1.2290733579354973,1.5996863407547521,-0.8184890401720584,1.6145714411191032,1.0392759600078019,-1.3017483074766587,-0.38135960544190206,1.8412302568775587,-0.9510237519596453,0.14245494226521435,3,East,A
-0.06014162440502212,0.8145838485050609,0.558169007488822,-0.6255389452931699,-0.3072622836016265,1.216287004945521,-0.1330154861186677,1.6580890984889307,-1.533166341554369,0.3508957876029015,0.8739554371701734,-0.05333802879137467,1,West,A
-0.5012096828706045,-0.3948221792039491,-0.6537465960485626,0.09326222449520627,0.8645460988447857,1.3517121722554426,-0.4460091654985757,0.40412435247202527,0.7047212779403831,0.5343948210474034,0.5860953216125697,-1.1568487629524566,2,East,A
0.9965775826082379,0.5406889360332381,1.4594428064433742,-1.042201656913407,-1.4231847007264846,0.16284617076546334,-0.44669269701278097,1.9280233585717466,0.045894266194698594,0.6994888891274559,-0.34762891378963795,0.8859328350439059,0,North,C
0.31036837326718597,-0.6082856718472025,0.9043118122289624,0.060678221038482014,0.6131002173409756,-0.3536864308544269,-1.772302603527409,0.24792801235786718,1.2347554160536929,0.18991898485898231,0.35582589158673555,0.623108571933057,3,East,B
0.9575852358803777,-0.5932539839183324,1.2180403648873175,-0.23191366577700603,-0.7338933268351162,-0.5928319395775469,0.5442282618737689,-0.34613977923438344,0.33771730353581914,-0.21295088273383253,-0.4490162187493601,0.5883579368288602,0,West,A
0.31790059383845853,-0.8251702991600897,0.41838132779155235,0.3613056992139011,1.4158660016493727,1.7698514731865564,-0.8052824891851621,2.3711963062026884,0.19241096021125567,0.5101256113436924,-0.08368569222402292,-1.5214114229093612,2,East,C
-0.2241361264149865,-1.34638029694592,-1.4162612643980883,-0.3427660941266818,0.37156968529502604,0.9597412662117725,0.01583154161194091,-0.7189636173882231,0.8643600920926052,0.6188238740458873,-0.42328616785880163,-1.0003921100668316,2,North,A
-0.15287128192995134,0.6578100513602053,0.2944090950813303,0.16723040939140316,-0.5299786863394804,0.10968189327653055,0.5453601281974739,-0.23449952334723467,0.18051997332899142,-1.1196422690882648,1.4139528845874827,1.6226116172100373,1,West,A
-1.9583102010511138,-0.19119275799991342,-2.713742989648877,-0.46013298310397693,1.471726658393383,-0.7955205742930515,-1.236625894620755,-0.10723206810528561,-2.1658128815754094,0.20229822682845788,0.7694456049165777,-0.9907566304440193,3,West,B
-0.2659947293774113,0.6562576630696301,-0.18972096383015524,-1.0770301187581717,-1.2917195976483093,1.3124200995853872,1.2875513186898553,1.4788567398379984,-1.2247530832113651,0.25016836231129946,1.0838752605609931,0.07363869028911804,3,North,A
-0.36106485166767266,-0.9250174289480795,-1.0246196196046518,0.6787803617581486,1.2269059887357674,0.24009205057272548,-0.9074270381380847,-0.5644068072702474,0.1840651774092582,-0.8602714597766441,0.27363114913598574,0.9004935625681175,3,North,C
-2.3062252902894733,0.35480366511746286,-1.7382734828745963,1.280368130670452,0.9753744403929988,-1.480692595643394,-1.7725829511340616,0.6976891448221986,-0.3296238110129703,-0.14271735267898283,1.4902974318099642,2.3825871747648235,3,North,C
1.061244727286799,1.292055064756875,1.1015747579376245,-0.4113208078395342,-1.0383165667840726,0.1697022391497635,0.3143202662599734,-1.9720105204068648,0.4703587187419208,0.6324998074729897,-1.3667215728516378,-0.7610959672658394,0,North,B
-1.1562756328588868,1.6704985095387737,0.31603966102930214,1.4858701537901609,1.8455297912880033,-0.11919942781301678,-1.3192108176147277,-0.4027784085469365,1.1991587551404663,0.2297437779996737,1.2272670343625647,-1.6033299447422524,2,North,A
0.6659901060666948,1.15183389583182,-0.028928889669659934,-1.518044211468796,-1.8333800986970883,-0.32580291339265216,1.6678348598170951,-0.3022400390528277,-0.18203491292516,-0.2540547288857429,-0.4022518199426746,-0.6147011042547674,1,West,C
0.8676847391749852,-0.724617773619332,0.5762490529665422,-1.9516452154888009,1.0877907771810507,2.7084513245634834,-0.6278884699251593,0.9321055072331265,-2.012326908148748,-0.9531003131418264,1.8961996177479468,-1.5241849093748459,1,West,A
-0.9933608431783476,-0.043752554262436086,-0.67965556872254,1.1644878297718955,0.36922331146758064,-0.3042990594266678,-1.0646323062169216,0.1045826519063638,0.3623311620531031,0.023466201389354856,0.46605176904002216,2.151529247172121,3,East,A
-0.2852300961092544,-0.7373723661320214,-1.4351689141737416,-0.3067470394973823,0.7499930437194031,-0.7270156738616391,-0.3614652594339587,0.24380467507419204,1.3604266170406265,-1.40978488778535,0.7684087135867075,0.15665085669304366,2,East,A
0.34693933396388527,-0.08116744451440665,0.7667894935401871,-0.9987910599948204,-1.0735385332314469,-0.3911480296492534,-0.7131652521322237,0.6374871850015833,0.6586253447282027,1.2470588099772317,-0.19521278356830896,0.3619617896650441,0,South,B
0.05957266134156281,-0.633084874916147,0.5342944659213685,-0.4200894139737458,-0.8557169137123053,-0.76750493191097,-0.13579994749953458,-0.5702806099620942,1.180360708473514,0.45271308237686136,0.4357317338055598,1.0234948571145448,0,East,A
0.8776852976964228,1.1603373055027324,0.6420323319722031,-0.6997508814902553,-1.80579566964591,-0.07803005108769086,1.6630606920992201,-1.1942656515748493,-0.3641357802603434,-1.1249977239160514,0.026514850846307524,1.21545748334476,1,East,C
-0.42326796340379497,-0.0720790370062727,-0.051053541928303005,0.722766609567199,0.718684040121965,0.05392721837934705,-0.32969500352717745,0.4374837167630846,1.3992503782048098,0.18925259688030285,0.4124308390625535,-0.56442098972151,2,North,A
1.201771270208016,0.9611903756116256,-0.693441863723681,-2.3923495975668967,-1.1636176148058948,0.9077690484507767,0.46944082893911515,0.5471853983566616,0.17384992440134142,-0.47869567863045454,-0.6373790298643556,-1.3472987022093048,1,North,C
-0.3087152874204419,0.816506101117871,0.1874100458764596,1.019603143601504,1.7702325361478848,-0.3452792411712313,-1.3697306835289413,-0.43591052757409143,0.22613705113342256,-0.90235293431989,0.5915030514999331,-0.4427663298201716,2,East,A
1.1569507122299376,1.211791901083127,0.7667142991390912,-0.7222381403960433,-0.8451877461538303,-0.21368220752173064,-0.19209724986439672,0.3121504562089852,1.3330420728714552,0.06295494865251401,-1.0845636790015776,-0.5582622257472818,0,South,C
0.23708994127104627,1.3683201518139165,1.226423448145875,0.12482898764516998,-2.6698521028942044,-1.4754396819804827,2.7056420690394387,-0.6173878437076211,-0.04071372376398661,-0.18242813689740586,-0.10295307214964185,1.546028013570377,1,North,C
-1.351529939462691,-0.1511488076498888,-0.4282013256979758,1.5512676973033903,0.3105308157894459,-0.10221836766244184,0.9310402980600826,0.3325965765208486,-0.6311125377363721,2.107214540099498,-0.9239501683141762,-1.5258784034032724,3,East,A
1.523901468527186,-0.12207011139311119,0.6984392612381163,-0.5832093027869132,-0.600572486372829,-0.5287213675151231,0.20639058537190705,-0.6919498909648317,-0.2187821815261044,-0.38453328768136835,-1.8601035804104373,-0.044354000926354636,0,East,A
1.1826429112486203,-0.39026145786432054,-0.08134704063604374,-0.7983567790300193,0.1603836835675777,2.1700213351115405,1.8040412230466703,-1.0827142228790452,-0.8744904515151594,-2.31621218830541,0.7851488100746157,-0.570517372088041,1,West,C
0.21181255457931822,0.5304570300125008,-0.5443328322563559,-0.6466153430957629,0.3034693662059174,2.1378999339407634,-0.23962939296781882,1.5756803260305707,-0.6481600626159756,-0.4674788404251595,0.5578484074001652,-0.40892817917253105,1,South,B
1.0771909842838119,0.7039639561398585,0.2726357569986462,0.10486659295380915,0.32390530567148573,-0.3619689063062856,-0.4593283661021336,1.3318240956088705,0.1817727765279343,-0.6894323999479054,-1.6257306164823848,-0.46739620621729216,0,West,A
-0.5959562210751294,0.9890114412275592,0.37056372361125256,1.212402175842865,2.5371725334046724,-0.6597143302559579,-1.840595321469966,-0.09675487640190446,1.482367031088888,-0.8448909635151934,1.2604054601572319,-1.6201147393086928,2,South,B
0.14101454003503222,-0.7434597452029622,0.6937023268295991,0.4362108371356389,-0.0034460930157057023,-0.47997446707966823,-0.4123892812001422,0.8167907721337455,0.7303232247455703,0.02942030029009006,0.1610958193534347,1.1221740561325522,0,North,A
-0.9244431300432696,-0.1735859149144364,0.40988228687936296,0.5519545658705399,0.44673236969445507,-0.7516253722611018,-0.9206152527486486,0.8980136890647861,0.9358442573567906,0.8464762840678611,1.08934957153766,0.1532653623661654,3,South,A
-1.1441652343642503,-1.1616145084350478,-1.3868472082890055,-0.8681218676945752,1.4621969426795578,-1.6022633244965307,-1.1920389335224757,0.4289915429282835,-0.8266537783117439,0.3674279694115248,0.7123226983181327,-1.8833748033402216,3,East,A
-0.7252197796797221,-0.5364091603877145,-0.08030120723195312,2.050570491653559,0.4159644384856399,0.1878781374702951,0.5033323466110706,0.32951210592504254,0.2800417566600868,1.4158055356724775,-1.2298413461364601,-0.16637015594933993,3,East,A
0.5850781761321137,-0.05901665029839606,-1.2258199252313973,-1.730663386302035,-0.9169458660214337,-0.9169932894256532,-1.1651472202973936,0.43204597055566524,-0.1308168081576271,0.3707052512319102,-1.6675128567562565,0.4723698636552963,0,South,B
-0.3529764019039312,-2.4245252299418882,0.30160965390509004,-0.0035543465113260036,-0.7989415278406898,-0.9053951691670886,0.38810264054590843,-1.4302192586681988,0.4543455036933686,0.41415505857257523,0.8494230511312029,2.248994364677935,0,South,A
-0.3189631328218454,-0.6644914335590891,-0.013405104993999564,0.3443069405108261,1.393354828931272,0.17833011999983647,-0.5305595871838982,0.4142901601751455,1.1589228351151968,-0.3537429617353126,1.0898410157247898,-1.1518731844670584,2,South,C
-0.6712085467158079,-0.0824713601221094,-1.834372469880506,-0.33421308460040594,0.3171909214026345,0.7462389031848802,-0.8123222981434834,1.2606312770369084,1.565807712781676,0.0017221852922381885,0.5041025369737742,0.07520134352493121,2,West,C
-0.7450279781585172,-1.7834376122973752,-1.4033413157502161,-0.6548515487292392,0.3732938566150567,-1.2103774575982862,-1.3349803239497526,-1.172687279411193,1.4190380739336053,0.3144019766477768,0.5767561727810195,0.6470509397278081,3,South,B
0.2387680972154395,-0.7996014740606852,0.3159105973332635,0.06625373515618531,0.4739617872229692,-0.7939179459154079,-1.3234501617201804,0.5318668983516207,0.6028235677136559,0.189009487683194,-0.37576118181935725,0.5225711427377387,0,North,A
-0.5592904206654656,0.3044647764536789,0.33914790326622984,1.1766996726969907,1.6078458285045678,0.032910123893500585,-0.8872520304175456,-0.3220276827777248,0.2475747733805413,0.09795390292859038,0.47711067572639804,-1.0719821125378306,2,West,C
-0.5572170207015443,0.1026112873413739,0.7469704163109366,0.8046133843567969,0.4050486549462059,-0.31326882812990275,-1.4381051073174982,-1.349703786933349,1.039599605674291,0.6141255405118913,0.8649740260114284,1.1057466292763332,3,West,B
-1.3359988242318843,0.38409718086988465,0.1213696629882864,0.7833459210397847,-0.31526996123766005,-2.2045140940267482,0.7001496552491637,-1.6865123733955476,-0.9842965846198724,-0.46271015396650783,1.46844720263628,1.5116346303139838,3,South,A
-0.9599799693906591,0.7267703535959534,-0.07776057015591734,1.8217749577972608,-0.1454632933516394,0.29831546233616346,-0.4264210828587123,0.2706119308780898,-0.08508969139497692,0.6824808887825828,-0.10360077290741698,2.209937875625193,3,North,C
-0.7275979497036267,-0.867022873344413,-0.9096982948512172,0.6328688148667815,-0.10301319889781066,-0.23388133651373294,0.23966350683521284,1.2453521017784899,0.21969032071381586,0.8161166435469052,-0.5074450573862554,0.48669111095200673,3,West,C
1.4762146559804339,0.2742567240141676,0.7088048634380022,-1.5040160309857913,-0.7291616493331047,0.4744790328123291,0.3180517888330287,-0.4103842372341262,0.2549512660589022,-1.0587177323409638,-0.02862592575982478,-0.20155530351541523,1,East,B
-0.4989146767115856,-0.8390213841244255,-0.4041451800445933,0.916769179182852,0.24410330930653035,0.7016823035937071,-1.0406343825150366,0.10103963044681892,1.831534810064537,1.3277097358951975,-0.3699961481578801,0.7726223556669536,3,West,A
-0.13264778044595862,2.2163256557218927,-0.5888270754057581,-2.6620401394501068,-2.9836359675372712,-0.8444394003234101,0.03756704869920668,-0.5910532233271584,2.090051360918512,1.4872542539839042,0.2574215364967733,-0.20026148603079058,0,South,A
-0.5642496637911039,0.062297986171687796,-1.5390239537260881,0.19281993439125752,0.35671031156599003,0.698947438075028,-0.27685435939209474,1.2433445397895873,0.5966896306956327,0.5341178375632765,-0.5827640372192546,-0.6399325346239062,2,North,C
-0.13740503802738985,-0.30751487866412985,0.37909475041756396,0.8262364289958314,1.0937094685303579,0.23089094301459248,-0.27018945205815076,1.2805928268949174,0.5037404825128307,-0.07486539261665243,0.3064604681009126,-0.7835691935058459,2,South,C
1.6923989719248527,1.0686168609866997,0.8329981070252918,-0.3697985418360632,-1.796591968607947,-0.8351457670180312,2.1547488285724543,-0.3110960078785749,0.8512004300428028,-2.148761193698251,-0.8585650808608026,1.23653713598932,1,East,C
-1.4892335081375092,0.42068562027521805,-1.3569634346393642,0.8391822579775309,0.8619985152548875,0.16638059566173516,-0.24397109131173575,-1.8858963804698727,0.1322885730746989,1.3113488783631269,-0.09829062743249194,-1.5994681213888269,2,East,A
0.17909892761825394,-0.4333738304306117,0.14152434737174058,-0.4639554276868815,-0.8748889789885856,-0.4345554090578432,-0.18157788617139675,-1.5150784414946208,0.40255832379432716,0.9189729674974706,-0.6360507569007825,0.5412177739742305,0,East,B
1.5126079304749827,1.6184448678084402,0.9788297542835422,-1.4944866591054216,-2.462524541329173,-0.9581027516584447,1.6224387360330863,0.13188645969379534,-0.12925701800826037,-1.110632063607973,-0.6962649098377347,0.8986189598712665,1,South,B
-0.6251435092495758,0.6814940466606311,-1.2700288178575232,0.2890951140561915,0.4363207842805871,2.749506222168092,0.3092542667821578,0.7143411524228872,-1.0304104766564282,-0.3745898546348828,0.8527196445139932,0.11068558643967565,1,West,A
-0.062475046725824636,-1.3803993694114969,-1.029384942263803,-0.1367320575332807,-0.05851844192283748,0.99941990908869,0.6827839099802977,0.00833917009702494,0.4695679653916596,0.6493364929682466,-0.6401915413913897,-0.6544618955614605,2,South,B
0.06068475511831539,-2.603907638938084,0.8959367635201451,-0.3190466637969606,-1.4408895533380508,-1.6711669426515294,2.0535845327547864,-0.10295413393931513,1.2971929993784426,0.9503063497314255,0.1864270733487281,0.21097228905047405,0,North,C
0.130093531592214,-0.40340460721235855,0.30407369338230067,0.9079648079101715,1.131438894018563,0.1539843749820342,-0.182514134643014,0.28009237750328975,0.41365459837389157,-0.2340794510197677,-0.2750093606925492,-0.8195837839876117,2,West,B
1.6596348178784812,-0.07631185458439955,1.2412855570142962,0.09475153814699074,0.511823739729516,0.32081751710884304,-1.3130032878225524,-0.2738118449274004,-0.03720223114610367,0.07149511649372088,-2.1116845225029772,-0.28436911712925633,0,East,B
1.105496074161539,0.29415657699560516,-0.8805006969583403,-1.0859453873731142,-0.34066699725020727,-0.27027056332202515,-1.358346055037809,-0.07921200712122294,-1.171310248992238,-0.39535204857266293,-2.250399779716715,0.8807491176740866,0,South,B
-1.1511543309569563,-0.013963887982206847,-1.0276276318435187,0.6934839698690606,0.7578990393640811,-1.1610688030573049,-0.5874269109121778,-0.05998019137584511,-1.3664985145477067,-0.31756754220851047,0.3413439055286709,0.852923589820979,3,East,C
0.6329224105586074,1.148171515297593,-0.13695490632114968,-0.8601753467092809,-0.5456340480653072,1.3034366544348885,0.7882849634612333,-1.857368124936318,-1.349193608879324,-0.5905314730395533,-0.24945793514844236,-0.5850694033610905,1,East,A
-0.35077760938339597,0.8843750758266326,0.30549048534614703,1.2082036851942923,-0.4220316674606384,-0.550357746069674,1.050436320377907,0.07933545952769669,-2.4784777382490137,-0.5003878689032801,-0.41723657084845767,1.5785527471215703,3,North,C
1.2867391406904265,-0.4997195510555375,1.3336722742768707,0.6019609165782982,0.2781438304850649,0.2765465634758898,-0.40004764821149064,0.22241360784879294,0.11563514777073937,0.7159401653336178,-2.169099875199256,-0.6168565574804855,0,West,A
0.7835924958899784,-0.642648874133507,0.9954065165888832,-0.3091168151732132,-0.5748872980631546,0.13940799145980345,-0.8264322257909965,-0.8486864102535615,0.46883212053841006,1.3069609276015768,-1.183660055242632,0.3567413488608669,0,North,A
1.1469223698291373,-1.7774513679297506,0.6778875222750412,0.5074907845933695,0.7597569627903475,-0.7727193297640669,-0.5086598643917147,-0.897716539571634,0.3366198723548708,-0.2854492245571202,-1.7279270911553055,0.06797121581198391,0,North,A
-2.5810560438324557,-0.9079015043762713,-1.7909624929674217,1.4210315725109475,1.3305389413275857,-1.1484544088202406,-1.7602079291382973,-0.2755003086230708,1.622643825847608,2.384159875895138,0.4238210175961936,-0.4953541406974414,3,North,B
0.5035128080420853,-0.20309971282033565,-0.8096713797432508,-0.6160973888238858,-0.22825222581148866,-0.7406544892380412,-0.737630318388367,0.25346177956748234,-0.14030926525802315,-0.06278645784887789,-1.5272137970859392,0.3839044997052409,0,East,B
-0.5121761645920492,0.6833081578839669,0.04019283825808418,0.6518764397590122,-0.6614786335738145,1.3330631018620875,1.454323356089075,-0.7042820785814145,-0.9406662754834705,-0.2059085511587598,0.9176171220447225,0.9804138790514184,1,North,A
1.1674428949820215,-0.45760539697384883,1.8885774474053223,0.8621205587497159,0.005447441178119607,-0.23202205490647643,0.6503919955751675,-0.883722188172116,0.9118078710012245,0.04894022286168574,-1.0872357232153387,-0.45248994704613665,0,North,A
-0.6078473329525589,-1.9758053275182654,-0.8985938606655568,-0.9941944328964193,-1.1140047113653395,-2.343349000353916,0.8973246422580217,0.30997816076429396,1.219804982965126,-0.5121776637854089,1.2512324314223515,1.5712433401362418,0,West,B
-0.7903561316904009,-0.11755694416687437,1.000885664226833,1.137062897294339,0.890987253214482,-2.349770148412103,-0.5047175852171104,1.8180729170372671,0.22746224924055894,-1.3279597276133657,2.0186794868809277,1.5224904303245148,3,West,C
0.35383932170917975,0.7873565015071974,0.096121194576423,-1.2062037407414055,-0.9269147115508234,1.3534061139774785,0.8404750572443488,0.10419582082228131,-1.3745804435614533,-0.3078887444164865,0.6604529008961765,-0.07264034176725166,1,North,A
1.3312074999236685,0.5349560339478915,2.3236521454258,-0.5633253865193218,-1.1656586019516149,-0.0029807550136566473,-0.09421418780214541,-0.4536533373745657,1.2126952875639698,1.1607343934670153,-0.8078641755353201,-0.5193747536052528,0,West,C
0.05180494771110365,-0.04721363347688997,1.3271705745892117,1.0904876795964564,2.3004253795284515,0.45793935966755106,-1.3873222825696958,-0.6930487892161112,1.0794468914775792,0.1112388260565038,0.6612679412897348,-2.1975827055632426,2,West,B
-0.8207061302332851,1.1772737446909474,-0.026602999964289227,2.1316634988406853,0.2972126766257391,0.6698468350481405,0.2519925186145463,1.0934602368840896,-1.5590754330502103,-0.10021721429980011,-0.19661320865944884,1.6928735032926925,3,North,A
-1.0324152259669719,0.21291618704341866,-0.30440714370478356,0.34994044665239415,0.7496754636000791,1.9493875247263028,0.08863139994667169,0.11116113069883893,-1.3862629069099857,-0.0004560876166452252,1.9451384383942352,-0.1007142789826162,1,East,C
0.8913055189996156,0.4916363704897114,-0.055843182434013934,-1.9760685081037046,-0.03893433444373162,1.8412538426645249,-0.603366375614987,-1.2984056076589718,-1.0854751958007667,-0.6007591510442599,0.6175304955874924,-0.8226073318303846,1,North,C
0.675641074244049,-0.8502186218445159,1.1242266744395677,-0.16559618404122342,0.7196577634140724,-0.20158691934315887,-0.32139378132628166,1.001084834912812,0.0947399225587429,-0.2786682043828127,0.17600772593872438,-0.848087202572616,3,West,C
-1.1202898003786832,0.2777645885331056,-0.6703617080592289,0.9853200190223699,0.743780210840258,-1.4512415315639813,0.052819014632552196,1.7746969003848407,-1.8331646145419274,-1.4646109027753746,1.109014750033438,1.5889121835345608,3,East,B
0.714019511101185,0.7513720865157892,0.7683251663073396,-0.5182869495676282,-1.0092329376840554,0.011516866706785424,0.00426003916032922,0.09593361271172392,0.3317227377932035,0.366029866485442,-0.6432768828048798,0.2664615950898527,0,South,B
-1.0861108012986047,1.224260260693178,-1.3281462735426501,0.6268481801913837,1.7633255220117758,-0.22716768630682346,-1.6356885624911464,-0.723099100768332,1.0010016212374802,-0.4466752097390642,0.7422460868226783,-1.0995038276227616,2,East,C
-0.5098180354962771,0.00269550746993975,0.5550303646863564,0.5798214055311776,1.662591503424357,-0.17566574132837431,-1.0642567746409002,-0.38905041456676664,2.096306378032183,-0.5410707674694489,1.9786980455928227,-1.1399092397636466,2,West,C
1.1365193394823603,-0.0634610360946435,0.06177077036746393,-0.7856962014749984,0.10617503364799813,-1.0366573198075775,-0.8246758502606678,0.9572757981702243,-0.22635494890046365,-1.5322231353287794,-0.7126836883790039,0.8185874731700408,0,East,B
-0.3132755724091534,0.37000134811120744,0.2739995774252247,0.6241252138370948,1.163801963964213,-0.7552021855823893,-1.4800563803290006,-0.6567535998602865,-1.0635921337953311,-1.1728483157335252,0.9085589063961382,1.3551794591467017,3,North,C
-1.3750470235662686,-0.049598942015047505,-0.06132920706662114,1.220754314229317,0.8186169448462114,-1.6096865539732241,-0.46089209438523826,0.7554368180390474,-0.04517438885078242,-0.15040324874154312,1.2938748243343063,0.8181182828541242,3,South,C
-2.4207269995925187,0.498930928155729,-2.270938109826685,-0.023718626630610754,0.9301873241310925,-2.042403128919042,-1.6116816431494134,0.48735832055826794,-2.164027125451558,0.20443841735678137,1.2409397362423187,0.7007569472478372,3,South,B
-0.34572934623020235,-0.47058242355841956,-0.37815199823287265,0.3753842623012675,1.0802195436063962,0.3009869655020753,-0.49014300285599055,0.7683517628158751,0.8206587173757479,-0.14267243026075124,0.5316738828514523,-0.7826532642382106,2,South,C
0.3321128728600834,0.1668381688206526,-1.194293176278511,-1.4765437518622444,0.19455607235404113,2.064989966088203,0.5608958183736952,1.2053895645690837,-0.5239731843394986,-0.5680056001176482,0.41285888539570975,-1.869177657856707,1,West,C
0.09076487381321778,0.052418996667490024,0.13585037039773035,0.5850005723993834,1.6325557573653886,0.654030018190446,-1.163326193383876,0.10692992152854687,0.23299882254699744,-0.4683507619190453,0.2085915100246279,-0.9030592998325143,2,West,C
-0.3837931110598827,0.9316845234844116,0.6740013745619744,1.3885423646054422,-0.5679100898264521,0.4135718274552226,1.4903720191929917,-0.8173875395670851,-0.8625955061760636,-1.2646122922257752,1.2462995655577667,2.3219392381362214,1,South,B
-0.8091598331361637,-0.11992075155377625,-0.5368913080504771,0.619660567034913,1.179210361745846,0.15628969871586848,-0.39021545783913436,0.3392443919417588,0.06550117306257389,0.3897641112115096,0.3726537119795067,-1.2767493136511923,2,East,C
0.1123453306929271,-0.5302600466583227,-0.6872227774842208,0.30717314525498346,0.8242024444692629,0.5301256643893251,-0.16740775062664745,0.47087462906636374,-1.748086556157481,0.6024255098909649,-1.7615137899359852,-1.2321377392602542,3,South,B
1.1199342299467259,1.1184650497947295,0.5372657569228514,-1.155963037725027,-1.3291398281096998,-0.3692552667178045,1.070191829403502,0.010127045971415694,-0.14220941670518394,-0.7583634215553487,-0.5941855740047313,-0.2382666296256785,1,East,B
-1.645912694147316,0.571665432515974,-0.614591204316764,0.7812472094233573,0.8447442358864926,-1.5859091627135433,-0.7956928925588332,-0.517057415150795,-1.728401219800508,0.47924835392680076,0.6425199733905901,0.07505259845351575,3,East,A
-0.09476618994186248,0.062256238352555095,0.35720561031855813,0.6542850129393832,0.568749946632412,-0.4387028499781892,0.07655703966665363,-0.35100193807373914,-0.999561411174368,-1.4091167203571806,0.8556760108806452,1.1620395328340511,3,West,A
-1.04957001870875,1.0368529379910003,-0.981116585171433,0.39575391373163565,1.5542747807445267,-0.5137670675539189,-1.5284805145523577,0.058193332257300855,2.221736854209784,-0.5177056758056878,1.4292599080415576,-1.1421005231286965,2,East,C
-0.4549757112013638,-1.0509781062752397,-0.7692463333492943,-0.9566706073831587,0.980152277373492,-1.161953456078753,-1.7738363723078432,-0.004064373845279224,0.2320984097757816,-0.47926908684092956,1.1677842063747745,0.1511422979311885,3,South,B
0.6485163628336641,0.3144543154663022,-0.03781264971296082,-0.35273860128857554,-0.0664817971812303,1.2396403297148617,1.0554490368189073,1.1886611377475058,-0.42113203114800235,-1.274289507839118,0.3148586827403415,-0.30339474956231216,1,West,A
-0.8101703210095201,1.1796208828555736,0.0756017199124687,1.0317528606072788,-0.5862158877894815,0.9173022370537461,0.7322757848450063,0.25536081031332736,-0.6968505245238886,-0.037555951569987464,0.9600870403372592,1.6381524167829922,1,North,C
0.8592247621451012,-1.068022587961003,0.04306245527193553,-0.9690917815108794,-0.5018978231578501,0.018260812090693388,0.9040942499299471,0.551988469536294,-1.0741143742641117,-0.013196108381599384,-1.0189622052980727,-0.6684481596729913,3,North,A
-1.6748207880240455,-0.516134319564689,-1.8715758205108677,0.676707231038522,0.5287527983806514,-1.248264046602152,-0.5638155070515554,-1.7166807346567177,-0.8491225182723336,0.9213810513247611,-0.3206376306222762,0.31769432792420976,3,West,A
0.952391569250005,0.0954519252400174,-0.5166019640701098,0.06914315645008288,0.6247146242136805,0.48024390258231936,-2.0534171612760375,-0.9661958051609123,-0.6511102117619827,0.22306761670457673,-2.5634816733475367,0.4997565663577323,0,South,B
1.790774107076844,0.7802446697434404,2.1078236084120276,-1.1723171571835302,-2.2804148385979066,-1.503069699113092,2.086352224415941,0.651590806697977,-0.06258263880761111,-1.6901327905364758,0.02068479072560346,1.280062495529154,1,North,B
-1.6089143544135092,2.1090070146732947,0.3196825799194439,0.6906531130208027,-0.5831352875272547,-0.21180151392762275,-1.010615848668811,-0.5936798583574583,-1.152886558380731,2.142101709255984,0.5624220630372484,0.6901920659650382,1,North,A
-0.8637673140626596,-0.276749046866676,-0.018874038307248993,0.9495622566599984,0.37331014846169863,0.12080872826792714,1.0054977954877369,1.1632979862150419,0.07505333104218345,1.132964509301948,0.05341276193795047,-1.5667325087012334,2,East,A
0.12970167202750174,-1.9561882373313353,0.24898682106490552,-0.10516344696711363,0.8235495184183396,0.7702577281430185,0.5586297056899006,1.2942465378916057,1.06735104861747,-0.08503822608530369,0.9499228507650621,-1.3234250326323413,2,East,B
0.36940657129801363,1.6380602250202037,1.9577134883665144,0.20995694981712773,-1.9974099576031332,-2.492614476438612,0.9242183926551195,-0.6965423650119118,0.36577087955935844,-0.5550629128258106,0.31959561494336713,2.2860132825278803,1,South,C
0.9936508822537153,-1.6443935864046775,-0.2972675399089831,-0.3870918238885677,0.4648823897028764,1.629785235414753,-0.18075028460367312,-0.6486472131474249,0.3562633580310075,-0.32003881463200157,-0.7264861431681349,-0.14893699394579632,2,West,B
0.25767219637391137,-1.6613968536671198,-1.2892949872577912,-0.8036565946300149,0.01617484191180351,-1.642435574532829,-0.6874958211376375,-0.5197642595274132,-0.174561791481049,-0.7648797249474536,-0.8497801521550711,1.2330921141225344,0,South,A
-1.2935222048574087,1.3086827156238061,-0.40260881796968606,1.482348168314588,0.3900556320861466,0.19850905528448112,-0.09934399833206564,1.4699195837160604,0.6424367412957558,1.4122555516950397,-0.16741819883387699,-0.8900803442603746,2,West,C
-0.047217743837634635,-0.1548616660559059,-1.8769179676273184,-0.7202203127041046,0.34172837785116805,-0.04689402300790783,-0.8361327239843105,1.289670761282829,2.4917925652449817,-1.431603989987365,0.6391154661893496,0.5377534849886028,2,North,A
-0.9926993208573499,0.7846201455817066,-0.6716454925510312,0.7470920016687845,1.6718405885613816,0.6843555260822147,-1.5802352281733252,0.9000753667172058,1.3842797449235464,0.7067811204258583,0.6147031257837092,-1.7440292418935193,2,East,C
0.35060079594854565,1.1867409831639049,0.4435921364118498,-0.19713062667254433,-1.6935235873064607,-0.22821658361207584,1.6047559614101354,0.7193901098305401,-0.08326956286700914,-0.35312712607723357,-0.16308753494053982,0.903346224621322,1,South,A
1.2631548266066652,0.39014318085349886,1.394951096068568,-0.40636340382217406,-0.3002016145933694,0.3678966542031041,0.7149060732204027,-0.9738965685198028,-0.7436365055487109,-1.2391497045726336,0.07978423214351472,0.09190713605915996,1,South,C
0.8075011967188468,1.74243592466193,0.3910801114173535,-0.46064835118809755,-1.88622362240084,-0.6537484526763179,0.6610003076851373,-0.13763707405308112,0.9170244046102614,-0.10455351978538709,-1.1551891301027528,0.9360248349471567,1,West,C
-0.43722959735781664,-0.6732870042310856,-0.6492361433535155,-0.10163437685364081,1.0609007928694671,0.2560987214898196,-0.5030628913325605,0.8274581903099355,1.4197051849353135,-0.3379463198581293,1.1360070976607828,-0.9881915618310559,2,West,A
-0.20669223325687308,2.1311756857581323,0.6467857067987243,-0.3022212596958289,-3.1957956087611095,-0.6963043905363018,2.4868753885945414,1.100475284100421,-0.8704195370227995,0.6887476608911127,-0.17230892174151438,1.5881970674761254,1,South,C
0.8857905934040808,2.672271247983187,0.5700983997920103,-1.40295611657492,-1.1004623334798715,0.37070678467475093,-1.5366229120278372,-0.8126306965401614,0.6982993665698871,0.854332778408979,-0.9722686512040243,-0.5043458317641073,0,West,B
-0.6452265495742463,-1.2817634065152768,-1.28241048017738,0.09703029232287577,-0.3711062334865066,1.0985150399520762,0.8858937410085274,0.5597140122668363,0.09116576002836169,1.2444749485835955,-0.457639147313957,-0.2756547968449336,2,South,A
0.8093528890870073,0.17673236486538357,0.22785704186572606,-1.4262890941811361,-1.4424256124944541,-0.7018729581465663,-0.18364635202447255,1.5113523658329813,0.2666538493797247,0.2887310810805203,-0.767706119868366,0.6445615658025169,0,South,B
-0.4716551647759697,0.37478124617418523,-0.4499335677251009,0.43203120630620967,1.626271112928346,1.460814960542846,-1.4184868576622494,0.4598209950448515,1.0237463938950295,0.6601293793227461,0.3508676613497269,-1.9183555611414906,2,South,A
-1.534077423885992,-0.49398828470304973,-0.5361760240051157,1.3653098796711782,0.21228364440894212,-1.429909617185426,0.19701769952756942,-0.9115793772264716,0.22672955567644373,1.289064527334883,-0.027654765136210357,0.14439064704559945,3,North,C
0.634879038348767,-0.832390291096783,-0.16150223570445746,-0.12530619458781717,1.1739578353210132,1.1824918223540588,-1.1894074781046187,0.5208861010552662,1.0742481793093506,-0.7701355308998512,0.19006124025176285,-0.17775855273146202,2,West,C
1.1155891934354882,0.41461026563442405,1.2910885262362146,-0.04365761212400766,0.39982362769935564,0.18397104285595406,0.04468826926381732,-0.4948924275191492,-0.5747486503148979,-1.9327428082491929,0.5797949407866653,0.5722221689221707,1,East,C
0.06080123242798401,0.10369581981256588,0.9387682512883938,1.4623553581642468,-0.5306062331076156,0.28644771572046906,1.1365955968539028,-0.06520248234416658,-0.35270246957289914,0.6079852136081836,-0.8786058894976198,0.7445268207561891,3,East,A
0.26169089500754555,-1.640711679918985,0.27023587334126725,-0.8307001431853434,-0.04160378784756407,-1.2501720306505542,0.09815623558810092,-0.5430770951720558,0.8800422980974107,-0.3825634152663211,0.6851447394469695,-0.04834288142875982,3,West,B
-0.5674445808649541,-0.05740707338169938,-0.19834949133890464,0.33851902805460804,1.7981199445665592,1.2442344805855485,-1.457498569911094,0.4168521789457111,0.9309380688412092,0.027879997676256804,1.3890740939324813,-1.2849463680962154,2,South,B
-2.146708282354098,1.9940515754063985,-1.688344052090461,1.610710979226531,0.19118404336537284,-0.2800772018526393,-0.49060912949464647,-0.9117452775312792,-3.0781967528682066,-0.3095505258446038,0.6625667396878072,2.773496968654849,3,East,A
-1.0389951257721055,0.4313044559979563,-0.6595371750301174,0.5574462942430344,0.42217882132041534,0.5605554627494537,-1.4935138570870612,-0.7540326161259457,-0.3216832016320827,1.4974088189950168,-0.11958562902248442,0.3130663945142603,3,East,A
-0.8548361978658594,0.5194377744184726,0.4473105184605142,1.4059788619438243,0.9260442340608592,0.038912180978204036,0.23735965950665644,0.2131174346024141,-0.3455843515821364,-0.04897126087874601,0.9407566256284472,-0.3758682860360195,2,West,B
-0.22986967925286245,0.29667276134597215,0.13161632081192381,-0.3521141373288856,1.07752737607124,-1.371637079923625,-1.5057321510784687,0.9974657300607869,-1.5263707550272765,-1.975519557124222,1.725183630867721,1.3892821107564655,3,East,B
0.8089081734300448,-1.5404045214010438,1.0090033702779857,-0.5956963060564414,-1.111331842399021,-1.0616347109532644,0.8993070366330543,-0.32455787089124666,1.1580500633370105,0.9213333187647403,-0.917072563158953,-0.3235754902040159,0,South,B
-0.9171077445558665,-1.0649462417933433,-0.9406146676261857,0.005697189480025259,0.7025305138969993,-0.6877458318894885,0.39988507818739416,0.35579827915006446,-0.6669663619323887,0.8803686108306806,-0.11393451896822106,-1.8358737054807994,3,West,B
-0.5347373533442975,-0.7973111259849308,-2.131256968232795,-0.2699615774254099,0.040404464945184064,1.7697213302609531,0.08031190253297814,0.13305797270612404,-0.1623654896887311,1.0265490875226178,-0.8880376440761966,-0.5765019350939585,2,South,A
1.562663973856277,0.6320621156653592,1.495042843995942,-0.9106225661484407,-1.2045672478709322,0.005423132086237275,1.1032067157331589,-0.2770948316355926,-0.5506075171129833,-1.3139579182195271,-0.11073603373946117,0.6469684044908676,1,East,A
0.008748272513350275,-0.580700303408119,0.3493192046016069,0.19092855506834147,-0.10298905082028506,0.5640027355477942,-0.008417237561575343,-1.4887154101378475,0.5597506495025986,1.2038869980220583,-0.4254874218086181,-0.5316167870654127,3,East,C
0.5541828188302927,0.2924539668036013,0.061121785717887046,0.20585163346707855,0.28514049819258963,1.4786668357214006,1.1115731725540603,0.745972932213885,-0.8420928637356467,-1.7756872714798455,0.6099306858126838,0.26883183708882974,1,South,B
0.36525029109760676,-1.0700249705367912,0.6044806543371077,0.12578552532348347,0.7422800513451564,-0.32531698774285506,-0.3248239224099547,1.1926375749791234,0.046274195603312876,0.5891175410908861,-0.7080368185630158,-1.3078585413806068,3,North,C
0.9413846532615476,0.8268450688026627,1.3678094957230322,0.0958991676813552,-0.4843367206161491,0.05584183474433418,0.3638412403598589,0.29386295803841084,-0.4135925923844775,-0.9417275484743304,-0.0378005978498868,0.8879263751085983,1,East,A
0.07576219681282095,1.3219804656663963,-0.46654668179302017,-2.362556477406026,-1.1408963655205422,1.2343829008841505,-0.642955808653938,0.5154076153831539,-1.2141469775252094,1.0151993046334853,0.38529726804501263,-0.8272279796807639,1,North,A
0.6273969375894449,0.42763854175110133,0.21649007216053476,-0.388775687344142,-0.6603417474205898,1.454061372843,1.4734328127969774,-0.2622139245318856,-1.1010157553227153,-1.1934240133347902,0.4878536340031253,0.4924595581314484,1,East,C
-1.484188041940215,0.41177253557889076,-0.5104378191792346,1.899626614756418,0.9099920467340818,-0.7359324828760129,-0.5041001755738458,-0.018172740555503428,-1.0687727335681299,1.0971728569731305,-0.49575287240378546,0.12188480184076224,3,North,B
-0.5747104235107381,-1.9737730707399583,-1.226863685597217,-0.9953549494690557,1.173328589656034,-0.7988433062191288,-1.8857305684933199,0.9009784168231887,1.6007703258980166,0.18448901835721698,1.00913349797301,-0.5214435682346553,3,North,B
-1.1961743251887986,-0.022688450574572815,-0.566967393497752,0.9767211640414175,0.8096728346791283,-1.4709881495408887,0.08064098782824469,-0.03910386374605945,-1.4082695838885464,-0.5127454893703159,0.6648438136254753,0.47460879737720835,3,North,B
0.38793705407213036,-1.9584113724559455,0.755914336305264,-0.21625931889292824,-0.7722143037302502,-1.431384033336254,0.9826756085446466,0.5757658714748626,0.9567812030095662,-0.09473075457080946,0.1643942274628533,0.8754037587864075,0,South,B
0.32112483832097827,0.003721796563857512,-0.9564737508535194,-0.09644920012454578,1.2179479765205596,2.535371003098635,-0.2129825067779185,1.0849691493226512,-0.14314939902721605,-1.2562179976397523,0.5206447649561875,-0.7129711737715868,1,North,C
-1.399033808162732,0.10537339568629867,-0.7816181166458908,0.41066176630630624,0.3743293062584843,-0.8695388073423655,-0.37569589618894805,-1.682750520293834,-0.9132859556040304,0.7934528995884728,0.5212453870469467,-0.07040339465694177,3,North,C
-0.747296107694147,-1.6175706143569069,-0.023604701532894616,0.6407554834163917,-1.1419404050208268,0.16116720182985184,2.342832013264774,1.3027950444722727,0.37740159265941453,0.9611584604692951,0.5147811966597546,0.6367752539486669,2,North,A
0.35579606876952835,-0.5022001612067792,0.2240423674705017,-1.1272608070857186,-1.4952874875101978,-0.14113795663387357,-0.4656517998630555,-0.43018022325566363,0.40389323211629036,1.4871611994966416,-0.7312414785597964,0.8692266100873971,0,East,B
-0.1772963813060331,0.6572468796915669,0.6837061603381445,1.4419767464717361,1.5963317527988043,0.49525152124817856,-0.7652335123796368,-0.33176195649516127,-0.0975982642793608,0.08096748132072804,-0.1120734086679579,-1.1471281716678567,2,North,B
-0.4630879332592736,-1.8270285471815046,-0.9890122757355292,-1.205662649715534,0.43017727884921664,-1.0806390056336557,-0.8621646729761742,-0.8675318289672754,0.7645510263158918,0.7872930528436203,0.2983622401470571,-1.1082609763968654,3,East,B
1.3379298647640643,-0.8342283248281489,1.190763502326088,-0.5375935709522819,-0.5423594878506699,0.03385981890593734,0.7609291647273846,1.1970338407623622,-0.42068710898410694,-0.5554006446715896,-0.6071558653483304,0.19559499772691757,3,North,C
-0.526016272383129,-2.717712900262318,-0.5951504904471352,-0.05410743786507307,-0.057804347178103656,-1.79838783286765,-0.12367854410888138,0.4450045512186804,1.5977194836623676,0.6442569644892293,0.09248249583568996,0.7217125729791064,0,North,B
-1.0665881348982862,1.1693355930018106,0.6242664258680919,1.2525513346973383,0.03181638425214314,-1.1784273800218126,-0.04270754484913177,-0.5313971464035067,-1.351880939243944,-0.17709124835801074,1.0212002640087032,1.5391394048561295,3,South,C
-0.33561214317811744,-0.5093029832616931,-0.6482174549146327,0.3139310458941012,1.0514984390686801,2.664265697213776,-0.23120764399085766,-1.3657184672917875,-0.7049780190309135,1.8454143083800916,-0.8471380033768762,-2.5070589988478913,2,East,B
0.8251690089172686,1.227332643021998,0.9867148009964436,-1.183171675883736,-0.5703775488742736,-0.7051007997782199,-0.7851557629544338,0.10139375187215752,-0.26327831399597856,-0.2692786440397701,-0.06015978691155691,-0.07871220548804979,1,North,B
-0.2415683741783429,-1.6615191536054377,-0.5532405899825662,-0.0965069642298649,0.2617317163823366,0.9560621213962114,0.484771463021338,-1.8190193013394222,0.3094616947509565,0.6524530807712696,0.1563846151268226,-0.6923079416865956,2,East,A
-0.8899370080299999,-0.20559414629034203,-1.043902637361646,0.9181797621411408,-0.13823109022317243,1.0505372599044478,0.5905239924161192,-0.2864258742643476,-0.19988123254114554,1.9476421035275606,-1.240772450033812,-0.7958974428430268,2,East,B
0.26735287263485075,-0.08747411859701928,-0.3453275872282754,0.020977209415329785,1.4033313208618925,-1.0048661857815482,-1.3366785229352727,0.32712489761557967,1.940998986008525,-2.532204440720912,1.3726310766121141,0.7301818035794218,2,West,B
-0.787744552999023,-1.2643734879595676,-1.1394548174300538,-0.1649714807811471,0.9389980084072136,0.25908665274870984,-1.1785420092870922,0.20640514914071256,0.8829752053049348,1.4886360693667262,-0.14607893747415987,-1.3934589427850506,3,South,A
1.723790950767676,0.7274166490909457,1.3446988334483703,-1.7104323461160313,-2.2799318230747465,-0.40163063134472005,2.16451244644998,-1.1972400498009654,-0.3023659598076066,-0.5646435226355175,-0.7801024336838316,-0.3675887404350907,1,South,C
-0.5312067005566301,1.6510285089944199,-0.45831227335890923,0.7252932259174913,-1.3441561626911247,-0.23900607131317403,1.4782595775274658,0.5037645887081215,0.15110270554229277,-0.5689840897818473,0.18973988295190938,1.6540789830086366,1,South,C
0.8192326350654401,0.902378021481471,0.49639802413449424,-0.5478189143635733,-0.4303105421200719,1.090839093794028,0.3838266469917265,-0.39561985630928254,-0.9286105469989294,-0.7087703370700642,-0.07221607457123427,0.08825477010494556,1,West,B
1.7826070899155912,0.6447055482560009,0.37539958532122314,-0.9548813606152071,-1.0009829442663827,0.6950432381287088,1.578587329400086,1.8958481953893285,0.13642847570903185,-1.5229959710760652,-1.0631822510052558,-0.4302739750842367,1,West,C
-1.8422811469037716,0.9015671596850704,-1.2136274491368053,1.66955463364654,0.2889409575842511,0.9555333614098356,0.3706227905838907,-1.2890776631042211,-1.1915291897948146,2.8143558756228377,-1.2587163308623417,-1.552902894483374,2,South,B
-0.07069670627744912,1.4498985266043718,0.930915380860228,1.8589511101880631,-0.035323242421725735,0.9333779372505349,1.1912679016498857,-1.3152167416151532,-2.585754301588032,-0.36706908096268387,-0.5507654740402097,1.0088810736833378,0,West,A
-1.281371400815471,-0.4880632376144722,-1.8867542724667279,0.5253249932442421,1.0203155732730724,-0.323682207777656,-0.6277916561358335,2.6492135364056013,-0.9181854369218817,-0.20470533291815865,0.2983375952236127,0.42294132072928026,3,West,A
-0.6261417419544721,-0.9879383279074402,-1.0270621818015486,-1.0257844741473894,0.6425367306497042,-0.794510099594525,-1.3984195671026596,-0.3722255512985571,0.00029196390493108624,0.37199158791125486,0.6452625742296044,-0.44926659279466774,3,West,B
-0.9242724195594038,0.3004558568528998,0.4656339771454285,0.9124045625744762,-0.6505585699653469,-0.23235448275847087,0.7143191926236622,-0.1434317825547766,2.136300101164498,1.1191720914296666,0.9535812470578084,0.15225272781736493,0,South,A
0.9347653026574289,0.23491636307975672,0.2663435247434628,-1.9455588541023967,-0.29868065225516127,1.0033936290998406,-0.1659155401395458,-0.020162253708812354,-0.3474413759099377,-0.27819626834178907,0.39100443980860417,-1.3151643048733808,1,South,A
0.07872008921829152,1.7327714569761041,-0.013684860110528847,-1.587132792978846,-2.094726474953429,-0.8653257938877632,-0.10784536085612367,0.5407395536962779,0.9090238211914285,0.9292790442738068,-0.14209676745586,0.32885844562117417,1,South,B
-0.7700575899256749,0.05613878858882922,-0.20186662913063597,0.901631763101321,0.6020826518029475,-0.005923877413712223,-0.22011225527942427,1.1329647119796196,0.9296209260306786,0.4139388292464463,0.48985370338315076,-0.3028690908559686,2,West,B
0.3320722795098762,-0.26284578360009847,0.2421938077791471,-0.02224821284249928,-0.5566322963068696,-0.8423425861318116,0.21896527829383033,-0.23680984513525055,1.7253024746459527,0.09957159642965246,-0.4197304255397019,0.20285966230450347,0,South,A
2.263670107581831,0.6012050253367637,1.316765123807596,-1.7568486678164457,-1.8704084070181741,-0.2907484575118096,0.8876045435409335,0.822215990317178,0.8972837686100708,-2.0717388182037797,-0.1621031709793844,1.4732826172667428,1,West,C
0.004705904625525011,0.2271700044247911,0.058036014518390855,0.2780225135660791,-0.23255409728690343,0.16661030413247144,-0.632153993892454,0.9207930601051568,0.7115754967551824,0.5437365711056581,-0.4155581953312681,0.6830339107667412,0,North,C
0.018015290364195767,-0.42466573430996357,0.05853671732070924,-0.0962345770253356,1.5350256803747893,0.5387949593424285,-1.3598635904674643,0.7057328626755123,2.1098520980040623,-1.1119661981902897,1.824651936704341,-0.5321372310496207,2,West,B
-1.1025031263045015,1.1398173995793464,-0.22760887780281272,1.087867131802102,1.3895089645172185,0.022277053869478515,-0.8995871593736546,0.9459585934700985,0.5318096521705032,0.19360928852886622,0.927545005464269,-1.097531715144003,2,East,B
-0.3416973684931003,-0.7065862739975003,-0.9055641383659029,-0.5146573625947062,1.6317152404002546,0.4213512241298292,-1.3455501586762213,1.2313736955351693,2.0021907151587772,-0.6937976519530554,1.5388003861325354,-1.3717890172644542,2,South,C
-0.6687409334185356,-0.39128478158243857,-1.1823333458173546,0.275365976954215,0.2651154926590395,1.676043654189567,0.1917266187259015,-0.9073349989440948,-0.09317751922417596,1.624368258036153,-0.7414608136246739,-1.4038439514723644,2,South,A
-0.0964533048189777,-1.0728959518632613,-0.5067422632471167,0.3052009553661507,0.085236997749071,1.0501710660613184,0.5313429767865107,0.5908467338114349,0.1887818356245665,0.7859643751221506,-0.6081086654915981,-0.5121743461922877,2,East,C
-2.5994888080116105,-0.5611103758318973,-3.3520523126001893,0.5671524462759194,2.1860688285755403,-0.9256990550926119,-2.181813295454114,0.05555212978504441,-0.8873031752656594,0.3212499108315679,0.8757294468843098,-0.14726691598063546,3,West,C
0.8638509452324667,1.6326533707590487,-0.9953602541443788,-2.833528741806429,-1.6973651950961468,-0.8699226131726773,-1.4960711315006336,-0.32646043711741046,0.4211390110840486,-0.9130533456936547,-0.1518858607739224,1.505665571995989,0,North,C
0.35718495324383,2.0321649780067683,0.7255007095846507,0.38723123024798384,-1.9320774316770388,-2.057586549452372,1.3087004594554794,0.7722765073653782,0.8879479377936926,0.04712563414309203,-1.3472890460228122,0.7968486800358611,1,East,C
0.4925277297268868,-0.6030435530680032,0.39120101777190225,-0.5092237189707312,-0.7665967386714773,-0.7739320873658992,-0.013369612556111507,2.189358601341825,1.0241895995666275,0.8109417481924369,-0.8902473188897657,-0.09731313047771145,0,East,B
0.6919497435848512,-0.6582926679077589,0.13257517565262755,-0.7081662725653806,-0.6109184792211687,-1.2074604853965238,0.13947298476605402,1.047642365148873,0.6320077886179218,-0.12931581664152306,-0.8346640680611978,0.11035938898706568,0,West,B
0.1802986557391386,-1.4035915142175397,-0.4836026656585658,-0.06049253109872758,-0.07665326432013879,-1.2141959421718793,-0.017376162873660433,-0.6967006915826705,-0.2662922778416659,-0.8037200072284408,-0.3670567139807999,1.537774777374661,0,South,A
0.913722435382848,-0.6490589872072099,0.6282292057484351,-0.3101875316546361,1.6915132898555352,2.355098817573189,-0.5367626140301526,-1.1609864573740536,-1.2428388122575247,-2.4558397393669287,1.8988794927407588,0.2045591980609835,1,West,A
1.1668925789240894,0.9594962937361331,0.5467296112822572,-1.9196853947551336,-1.24380288094705,-0.3002354617415514,0.40732532633821245,-0.01577421096533921,-0.2235702521015634,-1.0543802676213685,0.24022972081707972,0.01819427670357295,1,East,A
0.3850174353438111,-1.7259316808943488,-0.5781994836259294,-0.5165842234800434,0.14039460338592702,0.8886438899518493,0.6496816325716485,-0.01705060732021672,-0.08308306708256082,1.674019520939372,-1.8308155150233039,-2.535493031861041,3,East,A
-1.0876143560530136,0.05931178693004205,-1.032874100663053,1.4984159000691273,0.515166787830691,0.6590999116784952,-0.6766991757695892,0.07974408203514166,-0.35924701922528013,1.4455369773351139,-1.0159051638291507,0.4351657364440708,1,South,C
1.4062296072989853,0.34625059697193805,-0.49667139321279163,-1.075113213403482,-0.6874891531725903,1.0296973142551002,1.870023983026453,-0.19568992654398573,0.20003463378252898,-2.317199434890794,-0.19179902694580386,-0.27520898607634886,1,South,B
-0.6472962943257514,-0.8730860997949793,-0.5803463385889895,-0.2208496858434698,-0.9295636452578437,0.09561666928642124,0.4291560681793214,0.2727359109690038,0.6132659201150314,2.368534501425272,-0.8203957411513061,-0.6698767920238673,3,South,B
0.2404660975597326,-1.1562857288356247,-0.032072485098452355,-0.05962795129940249,0.6855081551417093,-0.3509094213609891,0.6088440630710205,-1.9802422903971355,-1.0813386269964473,0.2017918778160165,-0.8862016955403895,-1.7703456561456001,3,West,A
-1.0365641187212637,1.4314393555768614,-0.4420603550222212,0.9705347316051758,1.5849689991662776,0.3493072858271598,-1.1326038973157095,0.06798179455944053,0.2876550964116482,0.0440990698129327,0.834169440231859,-1.3084559611085624,2,South,A
0.5710789720164766,-1.351612635166052,0.3534306164256883,-1.1100310937587108,-0.31482101295265447,-0.5929050940726591,0.39823296815198306,-1.7197193717873842,0.26058937587414255,-0.3044300252168278,0.3519833777128391,-0.3015652816788552,3,East,C
1.1278395499652853,1.6220224377154988,1.1451259599352266,-1.8220657741016186,-2.2935229833034843,-1.233495389929875,0.8181147087188647,0.921034313283475,-0.15003845627907872,0.3995587424745116,-0.9011799864811879,-0.35074268359513944,1,East,C
-0.4993346010311179,0.32419942946855357,0.19021644959811082,1.0081424901067308,0.5533694560372686,-0.7544340982155483,-0.9685767516209783,-0.381323960127393,-0.5057730013189814,-0.6814077246931358,0.6051192525040653,1.9051160686653006,3,North,A
-0.6369765318148897,-0.666976783240111,-0.8745995399331127,-0.1851819392546573,0.14097726725283719,-0.6411328045449534,-0.3522553384724813,1.2499905695945326,-0.5204822533423382,0.47172533013986023,-0.06147655042662305,0.0955069874650774,3,West,B
-1.2387041283629578,0.4031936305209887,-0.9198756281271646,1.0711606973276555,0.9781525520750217,-0.4668144710001758,-0.5404267686722952,0.9514804159900402,-1.443518016191721,-0.6784683406320946,0.8266369333919299,1.1146221643890353,3,North,B
-0.33979069413739155,0.24171430766267443,-0.9858685358443954,0.07786742935120639,0.7499119952084893,0.7716092046180133,-0.6325339469890991,0.1283780696297775,1.1381721865584957,0.05409053896879803,0.12670744379417398,-0.9219956251938882,2,East,B
1.3235591178756276,1.1369435372761956,0.9412538739296101,-0.32998010959701485,-0.2104290605283763,0.27679442214054234,-0.9451335547986741,1.4219694160816212,0.6207223486749028,0.6260215363980182,-1.9734615575118715,-1.003761242070345,0,North,A
0.07770663238063402,-0.06552517126962949,0.8423089860046158,-0.2099890166612507,0.2298588567381915,0.42791052362940296,1.104085972342403,-1.1549736873089882,-1.4393442923612498,-1.2951425723325358,1.7652986755232931,-0.08921541875154501,1,East,B
1.9159562504874055,0.6690705180775764,1.9249996147700597,-2.248101206965625,-2.0188882892639963,-0.1668157803216187,0.4166725461286171,0.8014804335705937,-0.34985346026340236,-0.9175345060287846,0.31237512537999645,1.0677367428184252,1,North,C
1.0745807573199448,0.5336546676310884,0.42133899859342505,-0.16612926846275264,-0.16446530269713633,0.38075072256407966,-1.10076497684233,-0.8928816552704192,0.45705876479665947,1.1501870103472034,-2.437226592564779,-0.7917566007895838,0,South,C
0.07774001389191836,-0.9223729121364901,0.4904936822453004,0.10808596152197356,0.35568160767051565,-0.7138000839012854,-0.45569023387600976,-1.2197803850149591,0.7980746380998025,-0.43595862055058543,0.6894156878673364,0.6546577308712647,3,North,A
-0.19627476822506656,1.6773386691560306,0.1709017020722969,-0.6020228278322259,-1.5715244117168743,-0.0647244278987126,0.6370378582399868,-0.7247080915697848,-0.5630144136472837,0.8245656562305299,-0.11423196006245946,0.1980446362818714,1,South,C
0.1370760206378181,0.5748470873605435,0.7299506729986354,0.9692407873058049,0.48659589956583094,1.543727778263562,-0.6080308461069869,1.7370964652947587,-0.5585257648049211,0.5225392468127511,-0.35481658557424844,0.2260166880654474,3,South,A
0.8871777227490502,-0.33873118446590816,0.3884569663275286,-1.1740061131676984,0.27720180953122076,1.6808732476510095,0.6240631469087072,1.391703565015849,-1.015469962831633,-1.3404309675065877,1.1109674585765728,-0.7731464240555945,1,West,B
-0.44595622199449103,-0.45924965003126667,0.332486820150926,1.0035275518471594,0.006265868241101267,-0.44134000245826693,0.7865631088202522,-0.7167210708195976,-0.04471528035921569,0.4656266063097848,-0.09104272081842146,0.08281897947152049,3,South,B
-1.4552632538828378,0.27760991722010236,-0.4978501535820701,0.5393501862076839,0.26422778901290417,-0.9714022654844947,-0.660852128103249,2.0535867203919644,-0.32726915861707107,0.33014114762261915,1.3009648147209254,0.9825997885296784,3,South,B
1.0572516974347705,0.8507102043021657,0.4650289167466344,-0.28321707739775603,-0.1525423074489318,0.38112050430837285,-1.5111456615759178,-0.8291847768014656,-0.006849387829093925,0.4344668678877002,-1.7690821587233898,0.2870684972799766,0,North,C
0.772070428763314,-0.8811204986217098,1.2659516771720334,-0.11336830074226857,-0.8617345329713294,-0.8337081945538353,0.953311365326994,-0.9874620660935087,0.7261780517966768,0.29280178915159066,-0.5405650079037247,0.08188111864013545,0,East,A
0.09332274906398588,0.989283851224635,-0.31877643908621006,-0.13417175270243784,-1.2671626435481438,0.1374861358421738,2.0541584084550237,1.1274959185152211,-0.07409231514753771,-1.0133268490399798,0.28147719401375854,0.5566938582057086,1,West,B
0.22170111676635235,1.2752983116184498,1.3209423999819216,1.2251032109163653,-0.5361687829099313,-1.0830188711999387,0.28098058009149846,1.620385971944777,0.4279784184144696,-0.8965531531270448,0.1340326548589977,1.9721116866327433,1,South,A
-0.017849546448057335,-0.37489668448768004,-0.7643417628761104,-0.1357734126194583,1.4690016467700038,1.249376837934882,-1.119282486367976,0.2921423719499193,0.5700324000731466,-0.04447459469016628,0.11530672470543633,-1.5429716994596088,2,West,B
1.1634231925333713,0.15745086431631458,0.33239491857826653,-1.607168774173723,-1.1804799618141237,-0.7359460453657064,-0.48986135162363087,0.11339308651957634,-0.09928003937722622,0.057888062426962116,-1.1277118891230686,0.3952292707114598,0,North,C
0.12543999688784346,-0.5647915710673401,-0.058552761419444696,0.2079633484926778,1.4630032805945243,2.42221789391868,0.38471140235040135,1.1331602406970418,-1.1350049576036656,-2.516047555790769,2.478501915416723,0.5626770396428323,1,South,C
0.9987503534231793,0.34383225233040887,0.3143413474217243,-1.0408084431209959,-0.29261168148007116,0.7111593724941909,0.4799474780320266,0.10462757389999748,-0.22132198655308544,-1.07463508947986,0.1682213869473814,-0.4465469592951624,1,North,A
0.4446984811055276,-2.016171414058877,-0.4621307016085412,-0.4012636696823192,1.1774476783516947,0.3159142578472261,-0.27960256418926643,-0.49262773803795934,-0.06859427701353901,1.2800311101082464,-1.7443971658727744,-3.030347509734027,3,West,C
-2.3498281899479245,0.4289053162796227,-2.0552823781068588,0.7336494439943626,0.42627524335707334,-0.9015408286694236,-0.03309388215895891,-0.24445015551727542,-1.785941739188244,0.5560487329026412,0.8933025337352756,0.46462693369525676,3,North,C
-0.26351092479299076,-1.266736540598695,0.07966171271641156,0.34792315792968004,0.6102092088308453,0.2000908658744165,0.4272873750267243,0.4843338708227821,0.13677604390346362,-0.407074485437543,0.992900308994159,0.004638417015917009,2,West,A
-1.4005574713326383,0.6345264497647342,-0.9462858801149401,0.9540956900979652,0.3929968373719565,-1.2420674634394386,-0.8044307758663277,-1.3597981852280567,-1.2959500891066644,-0.7597482072525157,1.0177962242887049,2.3995889647612776,3,North,B
0.533046766550079,0.16069599815022542,0.6338208239741785,-1.1017619224590327,-1.0736936775024424,0.7693107590792264,1.5205207481622167,-0.8815790845055742,-0.9916453158734093,-0.5210695538370829,0.8571075288833566,-0.1079413714113371,1,West,C
-0.4259283718821831,1.3011726803200718,-1.3680586640051933,-1.2425975837555843,-0.8103611993987323,2.209842994259107,0.3049355705332947,-1.764121031592795,-1.1337588402184176,0.6355440997109533,0.33849392077232565,-0.6215325246583848,1,East,A
0.11523485971822812,-0.6678899334265271,-0.09839191251557093,-0.29767312216915703,1.710423682651708,-0.14550646262187544,-1.3475272775488047,1.7532999949884023,1.8881940777460435,-1.9517802088794203,2.0805689369320004,-0.2121024113595794,2,North,C
-1.1923138186847078,1.0685976555855576,-1.8250963744677573,1.0600270532545444,0.9505028146768604,0.599408855011878,-0.6285169787536405,1.4936347059376842,-0.7713733372979047,1.223306149785527,-1.3717079612544059,-1.3448053034176153,2,North,C
-0.3685540370508922,-0.8350684205278087,-1.1889263934515941,-0.23323741864622277,0.3463340082808832,0.8364669528865971,0.13816419414658485,0.5092663936403983,0.8031351480603895,-0.0037756653048145934,0.39750612567612603,-0.4919347401178694,2,East,C
0.45752386887192303,-0.6015599342064224,1.163157872020354,0.6856739467643684,1.9543274267133555,-0.20238436443657037,-1.0502922426397896,0.28908357554123787,1.0795507143885827,-1.1879803162641254,0.9596749061675257,-0.8919255369907262,2,East,C
-1.4434084029727763,0.7721203944217506,-1.33959373696846,0.7294172268291804,1.0239268419373495,0.29323882940748497,-0.4873647720192317,-0.20693983878587918,0.29181870440537866,0.5746722331038485,0.5858735846312111,-1.182158078839597,2,North,A
1.796877726981173,-0.4791190360409868,1.7054997350286905,-0.7053901435353462,0.15537981727216102,0.7841807384734729,0.9706887813284629,1.5499909962474476,-0.5122575440805994,-2.093937613783326,0.6118663140062195,-0.24743012712631923,1,East,A
-1.5213193239315672,0.23239342280012723,-1.404703789812008,0.9071704192333385,0.47072263938040865,1.042902818827134,0.12555105626199162,1.1189168827421263,-0.3053047785700925,2.2158932977231456,-0.6408323973309423,-1.7407408570103815,2,South,A
-1.9058343926327188,0.14462345590902662,-1.520295113096585,1.9940198819855237,1.1313671303293023,-0.7700587197529974,-1.1158747557450495,-0.7955138521337931,-0.3547519507124109,0.24561092107922067,0.26757614950850916,1.632340931069824,3,West,C
-1.1970468146752444,1.3255936845714757,0.014119324008292036,1.2715282803004608,1.7469401329307241,0.16809318593209374,-1.2729010948800017,-0.5613465401097064,0.7658496141030432,0.5091601920968122,1.0194124823733184,-1.6223313722358486,2,West,C
-0.7399320832299352,-0.2987515586574479,0.3034629744829237,0.3064914238143921,0.3870694505800785,-1.7269762455781867,0.2361749703194395,0.03117028190099479,-0.7798999936855012,-0.1433608146665644,0.8658653658448708,-0.1594374475018739,3,West,C
-1.05151517530595,0.6420393217630189,-0.1371476980196476,1.1628056679000047,-0.5520751657033489,1.0864904637830988,1.7796339284864833,-0.5031032730048033,-0.871984765800199,0.11056111461754659,1.0732515504386941,0.8131177941591955,1,South,A
1.0560623102795788,0.6544796676257767,1.0900700747623284,-0.6723260937832867,-0.25747150096141724,-0.7053670414493677,-0.09731676707724203,0.9492037055062107,0.3713791831175379,-1.3135583871455683,0.2806123859052518,0.23728578980410128,1,East,C
-0.9891295899050754,-0.6516116746629299,0.23832975876664708,1.0935360182362712,1.2155424869987754,-2.0439806472656525,-0.37706263222491476,0.15991225171798587,-0.19730290703404268,0.17370937612268125,0.4904441177340644,-0.5369947355398249,3,East,B
-1.1248362047027414,0.5995196122597867,0.25143782379054386,1.0144214984168274,-0.3485914939206937,-1.2839033889082399,1.2142112429430318,0.4742843169319046,-1.4708217458162545,-0.24674685238339375,0.9923047536896213,1.0149417175591084,3,North,C
1.0090910188672024,-0.9184159094503954,0.6075940790811882,-0.7959952956325922,-0.1481098531612436,-0.7446298096907324,-1.1828852497039204,-0.8172823991547973,0.2236216269362663,-0.27073992692595783,-0.61597502923836,0.9992173645095473,0,East,B
-1.1907217303204038,-1.0975118392725935,-1.8535503221900087,0.41700501529245526,-1.2762678252077464,0.7332585090606376,2.398610235978952,0.8769746455142629,-1.4324276716729731,1.8578986984534862,-1.2437512491763407,-0.12088192338292589,2,North,C
0.7208017356631617,-1.5025167841782254,0.7327817547329243,-0.4027174370594855,-0.5876039274066063,-0.38405948272039014,-0.2103972059942315,1.2744665043865868,0.019377147584688687,1.4739012719191908,-1.5749216446289251,-0.11918732198702482,0,South,A
0.11717189500956351,-1.5149351152200903,-1.6765370429673692,-0.7948860891866932,0.0265764229261688,0.9752767918492473,0.1788133679169206,-1.059227381053023,0.18515866009667326,-0.5475464655494715,-0.10241640315389199,0.4002622493970125,2,West,C
0.4130572098396618,-0.951888108312006,0.5207144441578412,-0.3001597903446267,0.33208835174561235,-1.5773555741108172,-0.7059783176892486,-0.5009230533365633,0.07908170896959221,-1.4026184521307947,0.7232445581021301,1.4422390038359691,3,West,B
0.8804386506373947,-2.314348457964618,1.393854509729814,0.5634828587404525,0.17269479631542958,-0.6143056436743671,-0.021126279959828475,-0.7656074134140411,0.5554927581796377,0.8186954451118591,-1.2905902215964,0.10788803312805247,0,West,B
0.665616188688005,-1.793190470818561,0.6000449504256887,-0.40774090864446744,0.2237306634303923,-0.8052725310222861,-1.3376337648733017,-1.0684165015197185,0.24796180414449068,0.2533986058442452,-0.5475013980808213,0.9593570692783722,0,East,C
0.5429081842019293,0.4465318690121325,-0.7996188370877381,-1.8984095812030148,-0.14721416252044786,2.3679159604855906,-0.4458483104246221,-0.6503686319557793,-0.6734720078520608,-0.3986741481111808,0.6626429162237826,-0.7251411126388926,1,North,B
-0.47448045659718413,-0.6627357684519479,-1.096916112607915,-0.022244500395814482,1.0422023440450319,-0.2781949204092803,0.32912788719161096,-2.249024173872347,-2.042130899029617,-0.20543560112140646,-0.4065847945576174,-1.4338567601668066,3,North,B
0.855342476009372,0.07432139630610526,0.09119654118105537,-0.738811856402084,-0.4461112823342211,-0.5725412360994812,-0.7302862489799039,0.05908941083886166,0.06589930937073973,-0.4270950177985161,-0.8757962759277701,0.8144181515011337,0,South,A
-0.9890428831347882,1.4249182309667783,-1.1528250120087555,0.682843608123586,1.8907553993350863,0.36809177803079385,-2.069688533105519,-3.2636963434708126,1.3685714849433275,0.008174448778432158,0.5729918926521665,-1.4176613642111913,2,East,C
-0.6771014951991249,-0.771011715643752,-1.8322223227932377,-0.6361915873269197,0.3516048826232888,-0.6546410811417785,-0.7921170596799589,-0.11765084020416833,-1.084183897687606,-0.48041327171204806,0.17548499697591433,0.8953672162602461,3,South,C
0.2830638267780585,-1.1183291582615795,-1.5951524896443436,-1.0685770151344827,1.290591424578613,0.8925311707058717,-1.729201575343191,-1.514347857687466,2.308052392823629,-1.0005847638195005,0.6497464632265882,-0.5834309193817047,2,North,C
0.8597359378138525,0.16837316225357937,-0.018607308330921307,-1.0557307908442648,-0.7025997166804581,-0.21934944954953828,-1.076066906935657,-1.3431580347849772,-0.06276893663523223,0.6736546494005125,-1.5896273428730607,0.2274410078791529,0,North,B
0.16031824621736548,-0.7637558820836176,0.5301715395866238,0.11546469501298412,0.7671797278338865,-0.30660151131411617,-0.36359108928439987,0.5562471424004686,-0.2786374875749791,0.3785928901109541,-0.2854644078099258,-1.0814891358798364,3,West,C
-0.5017080047797645,-0.5924586583472927,0.2827946207896122,0.25187887073540194,0.10506834971658233,-1.6815561617798407,-0.17067273057101723,-0.19011698738347307,0.2529351807593941,-0.4009985500962452,0.9595683445487979,0.9924509572610302,3,East,C
-0.3040112019269515,-0.3547742431328239,0.48313755774991535,0.32623312419975786,2.032651208616969,-0.27507518610791104,-1.199179586436947,0.13130011378185397,2.075557274419911,-1.0142340678802513,2.109781496568879,-1.4275927188983304,2,North,A
0.6385931269414997,-0.2513553418898308,1.4828568972880387,0.14720451294488018,-0.7080333653655698,-0.012854970251643486,0.3373126941166395,-1.8500067276858367,0.383987883209039,0.2897857341566149,-0.07904149383760875,0.7509032041861206,0,West,A
0.9153667107964224,0.26852433391771074,0.30186550889243163,-0.8532458770695672,-0.8431433070890658,-0.2750733301773134,-0.17476941322336445,0.25643771107201635,-0.2331608641090226,0.2699651941595499,-1.3148050077441389,0.06708241545825151,0,East,A
0.19802111437405023,0.17262976814667708,0.309512598050239,0.3027307706497637,-0.010557849056102539,0.6444129488971904,-0.5341539167761848,1.6721514549952827,-0.5630342192080215,0.024462240680466162,-0.21099900959161547,1.0279464451809779,3,South,B
-2.552711022268308,0.6429352056732468,-1.6575651719598854,0.627915369625063,0.932480067917661,-1.4923894233954695,-2.2905037382200506,-0.2901562010889339,-0.29080317580334963,0.28939246101042354,2.1752019056707423,1.8934098545806222,3,East,C
0.16317629363149216,1.3217972325350338,0.04155581204773472,0.22216692500935045,-1.2618199384248072,0.6992451328409022,1.654136494722023,0.22755474901239514,-0.8350145224110225,-0.5492101207156632,-0.16027586173962222,0.9534653790532949,1,East,A
-0.12009185612274498,-1.3691164569716983,-0.6057927083138831,0.5959518926393822,-0.2662958262530943,0.4401228503870965,1.109455964943882,-0.23466225052863496,0.0032177132651315696,1.8672052438559161,-2.0802534812473135,-1.2944567031715464,3,North,A
0.7128111132162034,0.8129162263951778,0.6659712143177173,-1.4059574082510848,0.010722553284852223,0.8157219118180966,-0.785261023852307,0.456140943950826,-1.2497182390738273,0.16212584335474348,0.08908167837820465,-1.1870050164107646,1,North,A
-0.6486184996739461,-0.34580310950361165,-0.1837443765396931,0.21257033665174024,0.5356065307194744,-0.6883998022357417,-0.9748326589321793,-0.5845567860995555,0.11492033357110515,0.15866152583037982,0.6904526168655213,0.5144147175052309,3,East,C
1.2140008762728296,-2.526062284968062,-0.8431026553127083,-1.0780585420241438,0.4520793993557088,0.9945141816568018,0.2344418813878553,-1.9010029022792214,0.6974795081150647,-1.687250524936116,-0.02612567500064783,0.34252273681519096,2,North,C
-0.187565493070819,-0.5240378701438108,-0.0943987555724563,0.7141471027902976,0.594504880100163,0.3329028626647388,0.07304616553272976,-0.7579645103324619,0.7167923450637962,0.00028660082112699845,0.09202928295114159,-0.24034766813399502,2,North,C
0.16056853528688064,-1.3756320011944283,-1.287688395680664,-1.1186662499916549,0.6155678103749148,-0.4712708744376082,-0.5405018087752036,0.3328853653252367,2.7277134629488056,-2.014517895538503,1.6824389247011329,0.39081082283601726,2,North,B
0.8022313520499648,-0.7369035593947988,0.7414190329231187,-0.15045999133381055,-0.13847449445318052,-0.12220451693501815,0.8439109240625369,0.9210462222803829,-0.6767878359107155,-0.795471328815508,-0.1983406285252299,0.16780342854430053,3,West,B
2.768362448377294,0.9054909362984366,0.9650896940095429,-2.0635037733988573,-2.7314543806764293,0.023585941635716656,3.093571212234352,-0.5450623057489553,-0.3460209530217602,-2.377388140446557,-1.327079819099584,0.4474069941965896,1,West,A
-0.19678054537580333,2.196409893658721,-1.1345211640021517,0.012622289122613784,-1.8647090142958573,0.3291957110736209,1.4452413000505389,1.4054556471049056,0.14724030673449834,0.7127688800500238,-1.5892992141637887,0.09289322009081942,1,East,C
-1.9452205846859907,-0.2541663690142566,-1.0484657773607462,1.2298649853188957,0.9536904307856575,-1.261902194861932,-0.1057743250802637,-0.07042990405829963,-0.3844290700710745,0.40748323735351744,1.0648072552982122,0.015505575872088636,3,North,A
1.1764115611081514,0.2289767434573667,0.07031027347856399,-0.4729004400113121,0.46794362476511375,2.261921611203208,0.6568158606931065,0.11635955075480556,-1.1320397947048084,-1.8624820854669097,0.225700197171515,-0.3045889715672275,1,West,C
-0.763095976590458,0.046391475862027846,-0.26701843363015887,1.5056763402305087,0.11596117450521747,0.09788840981988725,0.15465646442947253,-0.23015936665270892,-0.3121404742712656,0.4512009336010827,-0.3007381122555573,1.1630018860860387,3,East,C
-0.6769097002783216,0.01364816564730982,0.035014062034215095,-0.013220379963351675,0.040973575962710104,-0.9950015625329298,-0.7661353337979138,-0.7828467226460694,0.0030544516562877907,-0.33613600829797685,1.3707328909798866,1.4109583455431371,3,North,C
1.2013839937560786,-0.1441615906669726,0.8438770603600861,-0.973577545522517,-1.0773411679811926,-0.9472352493765138,0.4128067107768119,-0.4300547828541889,0.4066190888017606,-0.9580053374994476,-0.27557008775381164,0.970672273935214,0,South,B
1.7179732102319853,0.2346590412932886,1.60376746335507,-1.693667063462098,-1.0898336374831823,-0.2702316230494059,1.003069637283748,0.26739030387402335,-0.3934678661144619,-1.5320333829724384,0.4645853425277457,0.010496769475445976,1,North,B
-1.3544243034111427,-0.1612040118884616,-1.0720945653940446,2.1926944699276985,0.9614360457956548,1.1960707050078396,-1.7893357410488526,0.9078609187986608,1.3573294024236495,2.2455970955562137,-1.0761096720823446,0.7142994483967485,3,North,C
0.6877416006889723,0.49060122208839235,0.3579850673532366,-0.43979780019629167,0.3552478778104605,1.3674664984201013,-0.19229075578634494,-0.40104563771146085,-0.6389628547128279,-0.7671689961682775,0.2743594140025792,-0.3796399268008247,1,West,A
0.9268212531718536,-2.1022968293152244,0.4367325731994933,0.01017836954306874,-0.05627009338103186,1.070880298702267,1.5141388863490577,0.05608669989385548,-0.37866323352966,-0.42744706327082094,-0.45552592043288764,-0.10882816045320573,2,East,C
-0.7667518720004673,-1.0188076469942784,-1.6002289680313664,-0.08910862116639252,-1.1803425183275333,2.145211667280035,1.6845696790882443,-2.0046763422018823,-0.8354795321560503,1.5587683360395492,-0.4935920554353698,0.24672280811905278,2,East,C
-0.027960712173917237,-1.4901543653555354,-0.5235124304898948,-0.011167320070776988,0.7492990490823892,0.6685225836295051,-0.16912236995627153,1.2411138842175333,0.2695622446994756,-0.049763392898847604,0.16625475491473138,-0.35023376884263485,2,West,A
0.16727910941908714,-1.1618222767087747,0.7122416643668359,-0.7483890701381216,-1.2821128274352631,-0.8573494705301536,0.3780183665769422,0.7091821113953329,1.1184447010864862,1.2829494752837385,-0.0548392633544478,0.29566279367993065,0,North,C
1.458676629393762,1.5001650087587812,0.6166615687530005,-1.2680412677872281,-1.283383405155094,0.01940734393215521,-0.1627710373621955,-0.009495568627555441,-0.5017788280619508,-0.22111516519783186,-1.509658042592294,0.14517501559520674,0,South,A
1.979154621358279,0.13489814721804416,1.6075995799920024,-0.17594009438324856,-0.18590536391052628,0.6761586709203142,-1.050923782573931,1.7372812054579367,0.018135936699542807,1.1871875790356117,-3.0483703800885658,-0.8985987328557901,0,North,B
-1.8826548789385606,0.07095891532934911,-0.9916448891486465,0.7745728515843312,0.22647259583634288,-0.9333080317862746,0.7108599551188632,0.593610035575913,-1.2890523583181173,1.4108037312363506,0.3192580915411255,-1.0157984839541991,3,North,B
0.23645195707839453,-1.219096814214126,-0.45509093026169833,-0.8958702094716572,0.24175312682699174,-1.2890615188507284,-0.9431842568224308,-0.20606456191086606,-0.1505805361170751,-1.0925332800186742,0.4418541978776307,1.2345065220489868,3,South,A
0.062385292467072195,-0.276247855582482,0.8814328669673348,0.9488755696475671,0.48487850803679733,0.65792701785697,1.7234959817945639,-0.43479216638204565,-1.1722280597762258,0.4362909527611903,-0.4405086985912981,-1.9906676762509714,3,West,B
0.04396271473521126,-0.8904897705173511,-0.5476642330629777,0.3926033208959775,0.09850478259843586,1.8451386113597212,0.643476470836329,-0.5133426619830599,-1.134504025708848,1.4489465014011835,-1.5901862339223043,-1.0829748272848587,2,East,B
-0.41857929210803435,1.0548358219489078,0.27629677084771126,1.1986829147656413,1.6765077494303713,0.4308100497306524,-1.1035328948470828,0.8508988957664899,0.02866156770434532,0.007059518223750218,0.17688398655890997,-1.2631697728259592,2,West,A
-0.004132626398674438,-1.101837764606113,1.0376229756519773,0.07536098150204146,-0.8327405929548286,-0.7337786128464129,0.5116285676573906,1.581421157162988,1.450398524441965,1.2743040098019907,0.07172307474644468,0.1170780681715319,0,West,B
-0.3707027324821567,-0.2750052451333846,-0.14733084489505713,0.4378585580480776,2.1287996952559203,1.10330742466375,-1.537530718472888,-1.0643494352371066,0.277909293658652,0.5654550978635003,0.32142154629875347,-2.277023543416071,2,North,C
0.006050179621904829,0.423272269203932,1.1294285235379742,-0.0872046182164019,-0.8381000735206957,0.6523302183929448,1.583035237840505,-0.796924732671935,-1.7913394229000135,-0.6165810406014852,1.4503321693714588,0.8628106306566301,1,East,C
0.14675719733259712,-1.0978841742678198,-0.599672620233692,-0.9033731160915764,0.30293890052577227,-1.5533860848373238,0.5771890396867985,0.5068859084862295,-2.2969980666296537,-0.4052545316592259,-0.8013496319213866,-1.1659285490603364,3,East,A
0.7600301253939662,0.09815212351070392,1.8748027911283056,0.02575615122564847,-0.637171806491725,0.17951078564931658,-0.3883382101231686,-2.5675643723017636,1.2636948401368566,1.2514554716078097,-0.45517466316823196,-0.1468537704192335,0,West,B
0.16631893743506326,1.2641160727017482,0.9130354477658046,-0.272938498964203,-1.5802143508768787,-0.12822821819926464,1.5798329135405869,0.034326498427461334,-1.3070134334100074,0.22234041768522725,-0.013303876388387651,0.35994694333049077,1,South,C
-1.1260998813782288,-0.6736226970036516,-0.8904324775180604,0.7962806575457323,1.0363225771150764,-0.6381342062087414,-0.5574913657725293,1.0431843248845007,-0.19000698050899983,0.6716954091800755,0.037571967557756665,-0.513827578457358,3,West,C
-1.6767332423052324,-0.8403690363485518,-1.414535897160023,0.2582874173529333,0.5173262226174866,-1.8135088618208035,-0.07632458987249531,-0.37131467721631783,-0.43172842636335407,0.6527241021387746,0.5787812669454199,-0.3499552796882541,3,South,B
-0.3849874904229552,0.002414048300979238,-0.34721293788201973,-0.8952215547838763,-0.1872836238443771,2.5115507589301105,1.1323484185101833,1.3790621931436076,-2.1001035208345904,-0.30848968963740847,1.8939665991337487,-0.3336736659717915,1,East,B
-0.4765094713649786,-1.5467837433692082,-0.5399610243875959,0.7092925294934475,-0.18691933995927187,0.26410959850769933,1.4849231092964557,1.1695789336152058,-0.4166571526930688,1.054169683266205,-0.8124321048698014,-0.47583305116751506,2,West,C
1.3484204951186165,-0.6559549259528494,-0.2885192515180344,-1.7525640123914223,-0.7890343218789805,-0.6254581641490381,-1.244588356254324,-0.8374814578029328,-0.2646358577287663,0.3694568762662688,-2.0915531735629025,0.3571538299789194,0,North,C
-0.7439263034562671,-0.05891785694195122,-0.3444481797296025,1.051446796529219,0.5152598434948951,-0.727079516833567,0.5445719587456351,-1.88315633791552,0.12405764543626939,0.1644870815832191,-0.0804836754415736,-0.5535370145738528,2,West,A
-1.0589795276875877,0.29404897813616715,-0.5410762821871635,0.17997632260583799,0.7165896621860206,-1.1551866219538953,0.042255315218151686,0.6472851022227214,-1.9036114146347947,-1.291297198968493,1.674062855836903,0.6579215863298633,3,East,A
-0.810483489328312,0.5242599251950397,-0.6755853099805038,1.2395450972560575,0.5877810098620171,0.7372738951070839,-0.7844928693383327,-3.6462685290945696,-0.8159377970240594,0.298831018966305,-0.1701868055477214,1.1255095095131027,3,North,C
-0.07040303891781763,-1.0212224295873624,-0.47438127865523433,-1.7637990918069946,-0.06825447025405951,-2.024323157676151,-0.6047510407513899,-0.9869904598220398,-0.9215195644511184,-0.6287924667874778,0.8021572226862326,0.10686060226114126,3,North,A
0.5941619433808064,1.1761284289130336,1.3983745029550387,0.2043502707249024,-1.1187777443574114,0.3401454293692508,0.6738793205652213,-0.5606342814637404,1.9170457168202957,1.4305202523629963,-0.9177470869561265,-1.1514427486266943,0,South,C
-0.4064973342552549,2.4331823210284114,0.7296977585293757,0.0650974044304108,-3.1100614370367627,-1.8948311358742342,1.793646372834339,-1.0009941074603919,0.2701034262820348,1.4148175087737116,-0.8554510236279627,1.2330561716024793,1,North,C
0.32060137206688183,-0.874827662045691,-0.8215084494127431,-0.2780681627711131,0.8596550763486626,0.5597035211098531,-0.7914830205993085,0.119991804854376,1.165959372321713,-0.9662936873379959,0.2416518246902881,0.06931578500025466,2,North,A
-0.5600845638860075,-0.3908505139286868,0.24489910513514876,-0.36626676407053677,0.5172866919544128,-1.4645718549962725,-1.5656019912135588,0.9577067110863257,0.7417939857479373,-0.6604241311993242,1.9637998344456182,1.2962254115762721,3,West,A
1.2835641460887484,0.6781831372816116,2.4948504615699707,1.2177961382539364,0.1762245152694986,0.9550222599593493,-0.028828290829447187,-0.7050486679555611,1.1686316067356393,1.0861192553873182,-1.55910871536705,-1.3117848838469615,0,East,B
-0.18961640493870752,0.7242210346702743,-0.8529716723973911,-1.2340433131606579,-1.1415597014199101,-0.7124210418099077,-0.5571533675206527,0.7870106991927563,0.6202503042954614,0.3218693385471621,0.013988568528933586,0.7208339370865084,0,South,B
-1.745809834954076,0.6624338945913804,-2.0026936075167425,0.24639812455013557,0.3272080404115591,0.6120503917737519,-0.8346296140395473,3.0889585168269504,-1.6104140239917684,1.1899671398214071,0.18020761033829955,0.19122027092786026,3,West,B
1.8504585697336933,1.6800164804183326,0.9655388979956889,-1.3367533548664292,-2.453579517525178,-1.4288884574038985,0.8080219579187343,0.9108565818499149,1.213518878030934,-1.522700813911417,-1.0186805603614209,1.850805814354407,1,North,C
0.6640918236734341,-0.5360852892706564,-0.13499084867375435,0.1893547685281794,0.2576006988447611,-0.1829556097282966,-0.798788718359531,0.6990968037150888,-0.36424748113333494,-0.4267961878899983,-1.269598979929693,1.041095625506708,0,North,A
0.9411473931631933,0.761544098859838,0.1653572532598361,-2.2425748191626766,-1.790827987817943,0.8869398467121311,1.0157458824017926,-0.7367052458580818,-0.4817916082554907,-0.3711525321372535,0.4149069219530729,-0.113567216631915,1,South,C
0.9265845230418611,0.07225398570438325,-1.3620735933301709,-2.939878384794426,-1.4784586106520974,-1.0489932623291611,-2.003230162854608,-0.4424451231170384,-0.33753926586501604,0.08553400768098349,-1.3635777564065703,1.4336755875886733,0,East,A
-0.2640235488911763,-1.9522510761309102,-1.0661912983625828,-0.5617474170638999,-0.29421474929031893,0.6466037498936779,1.3383595124588608,0.21197492965517778,0.22669124534687893,0.04826077697348788,0.4711259532808004,-0.25195674404219454,2,South,C
-0.3954419215232511,-0.5503057475346355,-1.3870103263415845,-0.016138768838698837,0.3455086424053972,0.8367544817016254,0.29677901432409975,-0.6137499701746202,0.25323109678372174,-0.06485160278044752,-0.0325315108885469,-0.4492809182813592,2,West,B
-0.42174966455805357,0.2932194960592901,0.17599160314394413,-0.21102286332808162,0.0661747601101371,1.4510325397804813,0.32557291785592996,-0.23348334372614465,-1.2011734605589166,-0.01934038618057822,1.4588606324213935,-0.04399656135849228,1,South,B
1.4328043333722285,0.5181501233473961,-0.057112391295215184,-1.223894942969078,-0.9273031519948207,0.6339937964084502,1.5253722721301959,2.296147682504603,0.2960127103828723,-2.0321406736549514,-0.08739326008236935,-0.01727727883977949,1,North,B
-0.6216385716595565,0.18427419786588775,-1.6745337926573731,-0.3150945471957768,1.1898357514992257,1.827967908192011,-1.1992805273398703,1.206157952375703,0.7519121452926346,0.5198474278209227,0.2799458976333286,-1.6517686915988254,2,West,C
0.5297900849221012,-2.3625667897763925,-1.7282141284498616,-1.7506013996466336,0.0037505928055448683,1.2313731789174713,0.09337481022499508,1.0955285241454817,1.5377193610336992,-1.2059755680868816,0.864477736901176,0.32748862726540945,2,North,A
-2.273293336168473,-0.3524421220293146,-1.167824086122386,0.8174393324564997,0.12700713565698074,-3.3683796346511357,0.060752441563509355,-0.9645662236893882,-0.4696298747048919,-0.2585205840747044,1.7082906695821156,1.6986891530533794,3,East,A
-1.5921588256882282,-0.3034749980533963,-0.6016586253741232,-0.23035892967800453,0.33346026798477224,-1.7583334180290313,-1.0842392634370686,-0.09266262901130612,0.14818609695004764,1.0216680525636923,1.3720377882513664,-0.09127186845051981,3,North,B
1.3807545335368472,1.0105874757791988,0.10339570849078171,-0.2790860702566641,0.5363071519187208,-0.08571891577715368,-1.789918289876451,-0.1631393338088523,0.7823705880887317,-0.13926790434897424,-2.3475965122662177,-0.8120549426688773,0,North,B
-0.13918888169003374,-0.830673060118314,-0.6660124715094924,0.7654244545815722,0.9254617125266554,1.8419208558870432,0.006793483303111221,-0.16175829186915336,-1.5960931956372724,1.6870497351466052,-1.937443166568826,-1.7898427235311742,2,South,B
0.6303978344352471,-0.9712845971177408,-0.6922420854747088,-0.5722774281362211,-0.09672741131161733,-1.7771654165909112,0.30620087646805133,-1.4687696111601192,1.083961577355796,-0.062220264153217276,-1.7928890214423312,-1.2008733872992092,0,North,B
-0.0640581854343503,-0.6799290532316171,0.486749318096538,-0.21789509481261288,-0.8432339966044732,-0.6798566452932191,0.0015912828899844363,0.07766401949716288,1.321097623095709,0.6981349044670037,0.33492679912985757,0.8579391494523586,0,West,A
0.46108159912555846,-0.8225190422954544,1.5644425429617372,0.4664693268998541,-0.8003060905746794,-0.6816254435769292,1.489471633842783,-0.30223461586454664,1.7261125606775407,0.4218506187338637,0.0558768028907781,-0.22018116194185386,0,West,C
1.1334265861879727,-1.8661378577744907,0.47570584487881806,-0.8243139071707914,-0.49012074814091194,-1.583832334326202,0.3553313639540533,0.11443342711269809,0.3962889634447344,-0.6319188562327184,-0.8661293727173038,0.5227047161460744,0,East,C
0.2735278152144138,-0.3693679617955641,1.1617331843602943,-0.5342887364103691,-1.0202842728319481,-0.3236140389833863,-0.21628744918471837,-2.389491487661012,1.0007401735965975,1.5211894540245332,-0.13568612457830181,0.03727079243372026,0,West,C
0.20934279797919444,-0.368374374368638,1.2642462540405481,0.6828145953070938,-0.3903437552956105,-0.26510276778597597,0.38020316068775,-0.39942510358518996,1.509476339631273,1.3070995064631594,-0.5822442367316736,-0.5466103850106157,0,South,C
1.44573178274354,-0.3890039648809464,0.26627643527116035,-0.28222763544946095,0.4398103461046017,-0.31518858578161374,-1.4597716966798737,0.5235836101008303,-0.10278100464560272,-0.4001557440976916,-2.1266036760985365,0.2867830546696733,0,East,B
-0.5866185993071852,1.195785410970545,0.3404323730940115,0.3679208934575254,-0.4303637385641524,0.3499205571372135,0.05780684584878089,-0.3533405227541822,-0.7691101269140617,-0.07433171262973279,1.0925563563065777,1.223451518675374,1,West,B
-0.5036033806089409,-0.748044186526282,-0.8148098549097009,0.8342087504242924,0.5529909574685025,0.6631979006510639,0.6084967658634044,-2.1532077089367654,-0.6703885547215642,1.2322351106557006,-1.3010316376154336,-1.4362543525543439,2,South,B
0.08943016499747773,0.35640599648108,0.5223162584396894,0.7545724172000678,-0.22515688731767142,0.8607644848128265,2.4306538436965064,0.7591930772546129,-1.4924954326885658,-1.351349960835623,0.7634514191513986,0.15992930797837954,1,West,C
1.9142797609470856,0.6752868714355562,1.5200471186501587,-0.7206719609371914,-0.535017691321347,-0.15689469960038813,-0.20932587383896487,-0.8277161137475868,0.564673149405758,-0.23181094130077912,-1.6886697119708967,-0.7505895227554386,0,West,B
-1.0130916445583358,0.2835557086191183,-0.45786840956600056,0.7332465412712528,1.3159254549025081,-0.5985697586459408,-0.430475799546875,-2.354767995382271,1.3796709189930638,-0.3003412005609597,1.2868201105555999,-1.1853634105017579,2,North,B
0.17604929539273884,1.9491451933961241,0.46923052555224093,-0.3972790815234972,-2.082351803910473,-0.28000177641667634,1.1678700596551004,0.4756249380952837,-0.610304794249878,0.41209929286599656,-0.5281025352162586,0.9141186694651355,1,West,A
-0.5799114819694782,-0.3003247733687059,-0.7954074561445513,0.4689627092326948,0.24407226518524433,2.8458508982283406,1.5584153979384576,-0.6136668108359479,-0.7823426001809368,-0.8122933215103384,1.6755813885061495,0.3065225249924486,1,West,A
-0.20903191735196794,1.1892646305419503,-0.08880680863026523,0.5663857622710246,-1.0488864643280418,0.8927647781138197,1.4331393218431487,0.3446055587083552,-0.5721397090675044,-0.36317547829962415,0.2061591098547986,1.2148326109482461,1,South,B
0.22426587821861188,-0.5638496245501109,0.517175669594254,0.04958149160918354,1.185890686064379,0.11623178402816477,-0.9688192528795568,-0.0838297842181938,2.0356214980665186,-1.3820409381718908,1.8142935548265329,0.12517956289760288,2,South,A
0.2825805804606865,-1.2661634354629183,0.0518747893343744,-0.49171239028683267,-0.31451457020858825,-0.4466251562027836,0.18035088179438183,0.46734857581900513,0.46616890820733453,0.10653499884285383,-0.08816463482136075,0.23578290181121114,3,North,A
-0.562821143044716,0.7051753987313499,-0.01587178519611828,-0.07571579764826185,-0.23972408263512052,1.1862692911760095,0.08859059573725468,-1.4625921277614995,-0.9278926961907117,-0.4632141275495284,1.7541200639774048,1.23608986309237,1,West,B
-0.3214514658826752,-0.19290602447712318,-0.9794291889007424,0.07975236330034739,1.2673859591675645,0.19797673698172621,-1.0948434570902001,-0.8929713472323786,0.8995521818474067,-0.6006172137782597,0.4749860492434367,-0.5352565163668165,2,North,B
-0.22753178158728932,0.7280140334594242,-0.12759203717585466,-0.376849704471634,0.4894800789494905,2.5900976707305134,-0.7434030339908634,0.6887525486658713,-1.881194938411026,-0.20255990247940764,1.331141935818734,0.3568443738724798,1,West,B
-1.667961745749135,2.2904580097812883,-0.06412779847798936,1.6492886968673426,1.8567900464262521,-0.1029395897888421,-1.2145616460869795,-0.8431915230561882,0.9730450406230429,0.9082269700628545,1.0133379971518952,-2.4072685208463547,2,East,B
-1.7213924018077564,1.7591075611034674,-1.0284319502825474,2.0302059765222205,2.0136256986572074,1.1297586396580654,-1.2496721292914028,-0.5995353903292064,-1.1474237459579342,2.9086681717281215,-1.7431284742719033,-3.5699157076631076,2,East,C
1.338646831996716,1.119460776452814,0.6511895708567413,-1.0852135124217483,-1.9008125643878642,-0.3373917114818673,1.494429493123555,-0.8760498691134553,0.3896931976590267,-0.9828697787777965,-0.657913972733825,0.5639080213616331,1,North,C
0.4184204938520114,-0.26055448047405244,-0.843536899953461,-1.2676391408485517,-0.007411009168146226,2.1451402725389075,0.822946560228486,-1.6076231296471122,-0.179903926025873,-1.0339042475962117,1.0093815850715238,-0.8068862625960657,1,North,B
1.1372839746593708,-1.1444484715682108,3.0369615833994774,1.6481500851346251,0.44477149587715387,0.305508121229883,0.35529488347009763,-1.0466289636391672,0.7143552407222896,0.8033674180372645,-0.8665048332180489,-0.32100767427232024,0,North,A
1.4680152692862904,0.707977006908008,0.24715758690329695,-1.845827200147893,-0.8260368208579033,-0.5198925988021245,-1.4302877201379398,-0.16913492264877056,-0.2565184366005668,-0.00715779573017491,-1.5993203604851518,0.1310126381529829,0,South,B
3.5508760585053274,0.12769654070209763,2.170607039655015,-2.2828175893114246,-1.8247331308537063,-1.3002457399352219,1.6072562029847492,-0.17984771466408633,1.4126267063384175,-2.342618104029586,-1.5683918342066927,-0.5213345480393032,1,South,B
-0.2978538106022458,1.001622352285602,-0.315648939496225,-1.1551293947057972,-1.2922350694265468,0.6677392202557846,0.7642028249470582,-0.12602738332758356,-0.4201746042356635,1.3002010253984928,0.0421847348255586,-1.1013671214399707,1,South,A
0.4159812065071501,0.9886045030814103,0.3780209244995071,-1.024698114349531,-1.4899586137347836,-0.3978773685706065,0.46992677149604783,-0.3181118986341751,0.5679896902514076,-0.012258978700496902,0.13864682476732154,0.479551735424629,0,North,C
-0.9877634947668611,0.34118107642157686,0.26066732519390085,0.48179550791461095,-0.06637007411218163,-0.9971930662296468,-0.07944382921042419,-1.5545415534186522,-0.5198252954659461,0.4672043127998115,0.9306419520281893,0.5427230005608609,3,West,B
0.42175175455914254,-0.5678835376817217,0.356039375865445,1.0224024522296127,0.6316957565856768,0.9098571584080989,-0.4660179845517921,-0.15914592722353813,0.18975236104183862,0.32144242436331644,-1.0678325886658775,0.2245913362852516,3,East,B
0.9287514064733761,-1.6258416933848847,2.1905234875814736,-0.1487165677559136,-0.613951200407544,-1.1101316968998922,0.7246421735363346,0.3509818775462215,1.5209045304205464,0.14469877241554452,0.40160688155603647,0.19584303761429317,0,North,C
-0.3062739399128676,1.9659971871661974,0.8998717053946729,0.13068545282269511,-1.9576458167778603,-1.1083360784163365,0.7793941777499854,1.731713023574443,-0.44823249590801073,0.9508163594249615,-0.27895079962715813,1.1824545655786398,1,South,C
1.7944937114874524,0.28793160251760647,1.6138449414109333,-1.9356913253809374,-0.6703316188601401,-0.3337263464572145,0.37948174855352756,-1.2753143068901962,-0.5278328791512656,-1.0123866994375543,-0.0001779683284254419,-1.044938455150037,1,South,A
-0.5049836197015604,1.515921553553848,-0.028596977539860756,-0.15118359479194948,-1.9947414270634285,0.051401167794277405,1.6839762549719308,-0.1577839274980729,-0.6165544032080695,0.6293022680349084,0.16736470484721186,0.8485625141575577,1,North,C
1.2905238931299001,0.9264876885017751,1.721877314463564,-0.4935607266229103,-1.009943436451932,-0.07037399560838503,0.09016067255885472,-0.6408617901229722,1.1035806566709583,0.6030287227136247,-1.0187977748512638,-0.644053645698255,0,North,C
-0.001179225620955933,-1.0487819494608235,-0.5665179599241809,-0.23288303070958277,1.2459871747447095,0.5789269433592904,-0.6588166280644779,1.4959450272028068,1.3501989957352782,-0.7269310667783299,0.9538734444177647,-0.8343356886277975,2,South,C
-1.5012063173391097,1.9249189330031131,-0.38916699845183994,2.248617484970997,0.2044280134050539,-0.11970450102287629,-0.6875029693867228,0.528755154391943,-2.0119960437677555,-0.04317161292564409,0.21399719157447078,2.9303049110788457,3,West,A
-0.3953123946265878,-1.181551938194167,0.2760469899883472,0.6516279993704432,0.33156651001410586,0.12693412145589966,0.9200591888868824,0.382857504850977,0.5612674655272704,0.39075661985414706,0.5472616138554626,-0.6422857009970168,2,South,C
-1.7697706952430814,0.2652247169868896,-1.426643674926076,1.0439759892511533,1.1254773988786715,-0.7688448300413435,-1.4113487042612176,1.1079378558211923,-0.9910042001506624,0.45186135170208147,0.4867047667467674,0.7472584001836652,3,South,C
-0.3514494620240895,-0.7841415537080207,-0.8033987887220133,0.09022884594205115,-0.7207817917559981,1.1354776962712136,1.182166360924826,1.3188703355516105,0.63124838434749,0.7465129935235222,-0.10642563964847765,0.11236371114649239,2,North,A
-0.7077595634500631,-0.07716806071149633,-0.15817307451363535,0.3128695228110727,0.9664148669077677,-1.7735404485789303,-0.6819915712708239,0.5145332542184191,-0.9568137833101955,-1.8472742091350378,1.7776437107560337,1.4820958682705725,3,West,C
0.7872270502402211,-1.0147723426283397,-0.520646873042514,-0.635674776326266,0.24045142713973905,-1.5490423676512848,-0.5097712701753815,1.6324015855995553,0.4535214563635327,-0.6082647970260276,-1.4136259760374774,-0.2435832166714598,0,South,C
-1.2858047945191478,0.48129980586507604,-0.5790545260180376,1.8224465510564634,1.972758968451949,2.233291024617724,-0.4466759995549836,0.1692947012674846,-1.4501620692431292,-0.4207544032978558,1.464471567879383,0.012424646012761222,1,South,A
0.21886775143759532,-0.36108306332342177,0.3846831961679302,0.7681955306094966,0.4658358211096152,2.057053593630193,1.3807130223071225,0.2767921665919674,-0.8199927077405649,-1.7107849390530572,1.4557188140313864,0.8671505317462005,1,East,B
0.890721234494837,-1.9970293013425666,0.6907102767921145,-0.17858108915334844,0.10943223109304288,-1.1466210597824924,-0.31394282360160763,-0.012833334949381379,0.12094448668279047,-0.12721981752539438,-0.9433590791369368,0.5811985928166981,0,North,A
0.11487414036085952,-0.5358365598308172,0.6018581633830732,0.06510090706838327,-0.32488127359623536,-0.5974238075567475,-0.17381237686544596,1.9744195661830057,0.7708426384876802,0.6600881403259666,-0.22458030348825714,0.24878560956954926,0,East,C
0.7935518202106107,0.40914563338808574,-0.1994205467005544,-1.5416278410881832,-1.0847995157689956,-0.3050010743133966,-1.1107438444708224,-0.8006442021197437,-0.2562873606307854,0.35423167396632876,-1.0778948972092952,0.8294475053734692,0,East,C
-1.7919799576613664,-0.7690036285951213,-2.116742391813189,-0.20187187312350288,0.6319767655546821,-1.8518141784848423,-1.2172991766203043,0.5209673538699001,-0.35555576483655643,0.22510360489908013,0.9080205421417731,0.7192666840020632,3,South,C
-0.25776992823499134,-2.6258449466973754,-1.0638706639000877,-0.2410861290965938,-0.7997309382907248,2.0852867095258563,1.9657182751611513,-0.7286847809190156,-0.9397738985013011,1.9501251779633442,-1.0239382329078428,-0.7577797391789632,2,North,A
-0.9852989036353549,-0.30768068072254406,-0.16010560090169254,0.42792213838853654,1.0682523631262415,2.317886380397507,0.1596378767484142,-0.21690263655363698,-1.367427397979887,-0.4339587736155766,2.5394998138547615,0.10362491930626604,1,West,C
1.0276063378095868,-0.3990404153751818,1.5495515496673096,0.2687256166923453,-0.025858720526723937,-0.6555661622120205,0.3490059841866127,0.49992090484696355,1.2631188865887018,-0.03484010726929324,-0.6930960917794764,-0.7076730990151665,0,South,C
0.13059184983582628,-0.2597558614139196,-0.440492961698926,0.2557404470332348,1.6503287450853308,0.2364528003369194,-1.2342971491437134,-1.5679881807128824,0.6211312852977472,-0.9088611651020428,0.17709517482348236,-0.7689396316397891,2,West,A
-0.020120528756159307,-1.050602344437739,0.6669884655130108,1.3649860486323808,0.5953884040945234,-0.015264068162515248,0.2873838238991052,0.15830513192057885,0.9308308937978308,0.8094255064635297,-0.7227158350444439,-0.5552840589628865,3,West,B
-1.2132334877594197,-0.025641386063230912,-2.103692135497622,0.4613387346415345,-0.10764987935052284,0.630246251859928,0.5428115849886987,0.28109583891569406,-0.3164934608683905,1.2301423043883009,-0.8646438064376556,-0.5589092387475835,2,North,B
1.6172787114241896,0.36242464919932327,1.6549077328897257,-0.44438805661914343,-1.3456788068458327,-0.4780513606034732,2.276166131586224,-2.216092377516545,-0.49372234886382527,-2.417794472940614,0.35242373899561547,1.3058372548701735,1,East,C
2.077567575521637,-0.9022509840878465,1.1289320482441463,0.8814877099925401,1.4419201248446545,-0.44730662919707,-0.7397977805222566,-2.3328055967846852,0.09658812285885834,-1.516467889290823,-2.4859028538434886,-0.2879857058792877,0,North,A
0.7877152047568952,0.3024401954710977,2.1009866064990015,0.992846597713949,-0.9631802828287424,0.8276844888777719,1.2908445980868162,0.7169502394464736,-0.34319647818199944,1.4629565716674695,-1.4239058819682404,-0.33528659392731003,3,West,C
-2.3838538861803977,-0.1533458814210506,-1.7813248381173994,0.6687638799079147,1.4344384087165654,-2.4167805146724572,-1.4745951064499907,-0.1404292716716609,-0.8966633459861879,0.1091799036026296,1.4068289723097482,0.3804280518097217,3,South,A
-1.1464844361776243,0.5597304207866636,-0.1251948681227073,0.8820740276562629,0.48300773055794516,-0.20816966649133875,0.5722497650145786,0.16272412030087077,-1.5541538642494905,0.25967755543166476,0.73984289667109,-0.4370282416739403,3,West,A
0.2009393167395635,-0.23634925934310394,0.16474538454542942,0.3134906606352262,1.9075648683647488,-0.32000884953605957,-1.4169873160200601,1.1823729589846879,1.5558346372618013,-1.3896487833945979,0.9776546299751039,-0.8124067272067126,2,South,B
-0.20592493440171325,-1.0293047577782792,-0.8665179069832549,-0.16437639075807922,0.07261052990732986,1.4228503821737988,-0.48045623670576926,-0.5669436480941119,0.49470882922890413,2.208001966274357,-1.3620678118157052,-1.3502549737517076,3,South,B
-0.3644066720208494,1.6145147558104989,0.38355444507373254,1.2528706326988333,2.5713359334968517,-0.06533304215445199,-2.2608735949382415,-0.49607054665490374,1.1944513203203235,-0.8798035046012432,0.8875211189191095,-1.4456035391887296,2,North,A
-0.4750578103277738,0.6591964620481093,0.15452973453805258,1.2891943184843708,2.3509072475984545,1.0107830703403256,-1.6375688642909791,-1.760774568919993,-0.1037952234737653,0.8401363672538162,-0.35427548165743955,-2.4751531709211485,2,West,C
0.5983590133770709,-0.39973033413233555,2.5932510687732373,0.4507551165467953,-1.278712225113471,-0.2354107411822393,1.6597802106083044,-0.8109403524671076,1.9948553696515203,1.281763068945458,0.21037476967109747,-0.6030684668240591,0,East,B
-0.844689006708909,0.013352942999020706,-0.6814564464848272,0.20928550062006024,-0.1146535900254239,-0.5743684538998806,-0.6425451521593343,2.157432466268008,-0.3800860013962186,0.05105776749071194,0.5858499326142544,1.5983406402121405,3,West,C
-1.5905200486155948,1.728334874846342,0.08037743728425087,2.4695920145520662,1.497769283990517,0.7600888591543835,-0.19140456593964564,0.15546395923645806,-0.9483156932054679,2.8694566826519035,-1.3640546944407361,-3.316649697967134,2,West,B
0.42215031019295307,-2.1343047601507728,0.17003996847739766,0.031592392939843894,-0.05170767036215924,0.5814260890523744,1.0127326483104881,-0.24416295581921302,0.08639379937464708,-0.14994894413128326,-0.007040751453155187,0.2995050332515198,2,East,B
0.22459217930731815,-1.3480161038887997,-0.5722446621760117,-1.0286248680304955,-0.627176369927356,-1.2710709937561606,-0.5575090348359095,-0.9492970627767209,-0.1392701195574778,-0.5263491225515948,0.005505565793075773,1.9168830518397595,0,North,C
1.4799574834183615,-0.19581799342173603,1.5050795323921071,-0.2783371911834945,-0.08643817357699303,1.043140728574763,1.3576843085848602,0.09206867351021944,-1.0018895431430979,-2.695817121672554,1.2024590671626485,1.104186516114286,1,West,B
0.34061123998667175,0.0986342480219309,0.2592247470258426,-0.2272022340395329,-0.585951938161159,-0.06969114403247564,-0.5591714561239316,1.1845961941788623,1.1774160672311673,1.1375984524997398,-1.0013858600494412,-0.1276997418525455,0,West,B
1.3984141949136757,-1.1311196694980084,-1.0861198519266684,-1.3713744957921246,0.10282329456353011,-1.4863682668885199,-0.9275914037313993,0.7375746856066994,-0.9280857323902499,-1.3706843941669062,-2.1960337835748915,0.5819050235708064,0,South,C
0.5907878565503621,0.07246516690627883,1.4863683248140915,-1.1178368268660983,-1.4340640130950582,1.1016601091216374,1.9574635324724767,0.43532027902182197,-2.2098064029542943,-0.43464341887431257,1.393285932596447,0.46346024516167567,1,West,B
0.16539848641869842,-0.7837194773291328,1.3405267552354716,-0.26419118254355056,-1.0525360522409632,-0.8092192979387821,0.43323161438146685,-0.5434777639994877,1.5661272983668928,0.8869158897909617,0.5754934974710247,0.4442532892177279,0,East,B
-0.4564630779478802,-0.047578722312514636,-0.14269530147823997,0.2809315366725098,1.6491271076134861,0.73472208127018,-1.1921630716341571,0.8204924926580738,1.2750818557699666,-0.05998277343471898,1.1963742836304687,-1.5112413545160666,2,South,B
-0.19847113986293502,1.607541676877171,0.09994199795718882,0.301927276705904,-0.7923088249384266,0.32487542609212816,0.9968645892959486,0.6857263250403447,-1.2155699753127465,0.235042890566885,-0.3810126838139555,-0.009026917492933896,1,North,C
-1.5613086347122358,0.21793889746300912,-1.110620708063395,0.8232290214225362,-0.06615893402931727,-0.37565811354288575,-0.1985049703443556,-1.7455145452330192,-0.5147561865323659,1.0079548652631476,0.298166915337097,0.8733735897508434,3,South,A
0.4816672723713755,-1.710873026471544,-1.1464162684555883,-1.083468672319013,-0.11141326743280344,1.8839527662344333,-0.03293922567614656,0.1472912297926293,1.650051150527157,-0.032335453480301424,0.16971578321326186,-0.09994136234306648,2,East,C
-0.23097986914958127,-0.7625483886662916,-0.14634524764226126,0.6236221565972528,0.10701443533688856,-0.12086001018551919,0.6832029740247406,0.4710485288161883,0.5932563855806667,0.0047412339437158954,0.016324489186604885,0.05646706871864033,2,East,A
0.7187571765998985,0.7324492863954247,0.5152926149076973,-0.3692746959134152,-0.8672516640737599,0.8050222589834206,1.3135196598542964,1.4174462790203066,-0.8520054865613422,-0.8716269268062427,0.05433056860522294,0.36058365873577597,1,South,B
-0.34121373353093815,0.5594979648598143,-0.3605718568059332,0.448730595618084,0.23489364038559943,1.1870948565023822,0.5524306891423013,-0.755401773440075,-0.36496026832063394,-0.6405483868676545,0.8122370925760704,0.2086052421446563,1,North,A
1.211621978953514,1.4755323503025723,-0.40187487955928536,-2.277619785139289,-1.34577243417476,-0.6170058867483985,-0.8964748827079885,0.4631986138097429,-0.1342569305499274,0.6333712925107716,-2.1107663040009745,-1.0308758881376743,0,South,C
0.01183259810182558,0.5566349127109099,0.380792700454371,-0.7065033990338322,-0.3960534990267647,0.8016896173745143,0.7523770592462282,-0.2573755214209536,-1.2633984113108074,-0.12921819711283467,0.9239789551234089,-0.5307394147010722,1,North,C
1.9254361858209321,1.3229089049544547,0.3485817549256277,-1.1503437099975031,-0.1469616252470106,-0.16749899457250514,-1.5886337407252757,-2.9689541376515147,0.5038030693634139,-0.06705538290605881,-2.7460259422227344,-1.078893436391014,0,South,B
0.034899129892722626,0.5489880920985778,0.40625124846875954,-0.6331287406390849,-1.571228580265668,-0.7932777663755309,1.1942988161545445,-0.9080975788741488,0.9837052383348721,0.15581981627111366,0.4658781275260558,0.34243748518469086,0,East,A
-1.451936832811037,-0.09031455325423299,-1.2165616836926763,0.9940716546847801,0.9374819897725629,-0.9835993317104297,-0.5099406049011406,-0.5778685324648807,-1.3322643228435709,0.5158939005474792,-0.11594637312081266,-0.0024424744466295567,3,West,B
0.5159458415508416,-0.1551103657545645,0.29849732013463603,-1.0569181686549551,-1.6683281009784716,-0.4744076987811209,0.6620392928907612,0.6814654042885689,0.22327115632331573,0.66037665923081,-0.6090132840695194,0.535379747284513,0,West,B
-0.3836122561695242,0.753207623888164,-0.5147860232110499,0.04176818837708563,-0.18095162601812756,2.2800899015148235,0.9422373593396215,1.1449392136406533,-1.72125476718742,0.010060766946008444,0.5936847225708825,-0.11714683928396817,1,North,C
-0.4164292420937583,-0.5820171197912484,-1.1471779020463906,-0.03202456363826205,0.06289430567383604,0.5571698592693525,0.2753240037145454,0.04144180726635379,0.7197854860597253,-0.023062895002281245,0.2297249149675031,0.010990794114862474,2,North,A
-1.285340816963026,-0.4198594158453984,-0.30140367602143087,0.5856385159618253,0.03754456256220026,-1.040083867566116,1.0923429280895276,-0.10178232036300462,-0.5057352116245334,0.8115188655392739,0.6481606241580062,-0.7833729299952276,3,North,A
1.541510713736755,0.32436779665031046,-0.3644106925116954,-1.350133013311653,-0.15550434261350732,-0.2985833580891622,-1.8069046078120357,1.559607039729893,-0.7555179004898361,-0.4236926942295655,-2.3167896601243765,0.4424860795324192,0,East,A
-0.2506161719105644,-1.289445026760966,-0.48620754345675976,-0.28163674819874135,0.21574700354300327,-0.8147359759351347,-0.9197311697273161,-1.1308236239037313,1.001074402823673,0.23079338806165628,0.21714801560702465,0.6177595052770453,3,South,A
-0.22893678150244956,-1.2562057090054732,0.4525989897771427,0.5045044773175086,1.1234662582975379,-0.9152411079826892,-1.3953406617238437,-1.6445268377727242,1.6870840688187796,0.38277268665543757,0.44519564184826643,-0.19347402218092552,3,East,B
-0.2460403679195644,-0.7028599706836784,0.5746513482054189,1.4665060164209711,-1.0876169009553471,0.8333868588391823,1.9899764713438415,-0.7763530916377218,0.9304154219054304,2.461676709636839,-1.6355707678641842,-0.6896241175886024,3,West,B
-0.6013975590224204,0.01965192728036071,-1.3208868112984324,-0.04646019527066101,1.2873576766452333,1.4852287387492007,-1.296857149000746,-0.5929345638726606,0.794740256747737,0.6313760059107245,0.18645533856653548,-1.5439826070489553,2,North,C
-0.33162127408231584,-1.329106460797226,0.5220355363394319,0.45868994511594996,0.5447329475676651,-0.9759969709502361,0.7477051561922093,-2.4016453995254676,1.0639127262124994,-0.7594007096609345,1.5129572409013845,-0.06430590358682783,2,South,B
-2.0114580449298187,0.5296316543117963,-1.3198018710416268,1.3245097134488188,1.056963222957802,-1.831847407414253,-1.9047193000380849,-0.5102370526851425,-0.5500092651266755,-0.8159083152379175,1.6445373466525128,2.8938480129180246,3,West,B
-0.22477823944568176,-0.6234969167188031,0.11057871802299199,0.9938391154966101,0.23157819457294151,-0.2665252933222531,0.9313705565864941,0.2713946263372429,-0.2191245130048706,-0.4455927130591647,0.09263639662034395,0.4699517127390351,3,West,C
-2.746838708733007,1.3577906717122106,-1.069995331222667,3.0314680386392108,1.7203917691879433,-0.7351662984754807,-0.6424377527980591,0.27355001101467785,-1.5254075307237691,0.322678722737225,1.0507806510148183,0.8857143942620198,3,West,C
-0.40977486666476515,0.30764301841512487,-0.8476367581539039,0.2074174147669665,1.5720510889045831,1.1140002947243337,-1.3875707221830942,-3.342394653353979,0.8473140153656173,-0.14922647594242905,0.5559702327424925,-1.2359659644624426,2,East,C
1.6023621268055925,0.16479071420839442,1.7157169005433976,-1.4676845900382705,-0.9544580267919559,0.7534165984348659,0.8291677457090089,-1.7683008820585153,-1.1455819129887008,-1.9682886077793524,1.2899716610064058,1.1942910926631138,1,North,B
0.09353206947392927,-1.2478038858071974,-0.5086847505580497,0.2229828006086599,-0.5319490764660252,-0.1540057635467899,0.9864471149623821,2.0000056529923893,0.8465395757603488,-0.03147983939719903,-0.5222995613717131,0.6710308848692579,2,West,B
-0.25249573035115286,-0.8967418904576143,-0.8897615558447858,-0.13571144183374154,-0.07114892565801745,-0.018951307642994707,-0.06986782880041095,0.27703507082827594,-0.4162650185743394,0.8837839647287057,-0.95686703767974,-0.19315413306549598,3,North,C
-0.8399312981237144,0.2734935834382094,0.27979884570857144,1.6550345100799155,0.33444005450891745,0.47160282878575666,0.7579487932503828,-0.31872888314011505,-0.9415135893450345,1.3649033474014978,-0.602298152222611,-0.7350597625235634,2,East,C
1.833805304470615,0.8733470438615487,1.4893496061539138,-0.7742318791562504,-0.6117394260038986,0.29276107438307253,-0.8477963606131823,-0.371938081483791,0.6194394109675226,0.7625502926728872,-2.1903302823647186,-0.9874645165426612,0,West,C
-0.2891165512519373,-0.11522573943682886,0.6525793205438172,0.19776804146921637,0.18281004678574372,-1.1892571056867536,0.4129457631307151,-0.8744124812317662,-0.9047306956461508,-0.41123173324279344,0.7609940420295035,0.03489118712294253,3,East,B
-1.999487866295061,0.9477836606623627,-1.4586482408620596,1.2106606153993034,0.7375076407666505,0.3103245098725815,-1.4436405813438675,0.5150995291136679,-0.7488514573293886,0.7064171172089146,0.9519355797949431,1.4087206367098037,3,East,B
-0.28109955933506126,-1.143429304317487,-0.4004953949895393,0.044289375293312803,0.874602149442478,-1.6163754911485861,-0.9761252084776524,-0.17348156887654698,0.1348133412654406,-0.9183001076844505,0.5677794309109667,0.870404003708129,3,North,A
-1.7832493871130282,0.993402205454899,-1.004857072669179,1.6542552940691637,0.2397050867263434,-0.6290058326438083,0.04106093939774104,1.6265536625652353,-1.6464440496654247,-0.0516938712999299,0.6417792335042897,1.8624330866264975,3,West,B
-0.8066529300669726,0.9702583714117706,-0.015320917978280342,-0.11653356811814673,-0.023378199253958395,-0.7150742726577037,-1.0201901136684086,-0.5174730540898826,-1.2440047967463397,-0.5924333476757236,1.5826252443479576,1.8436812859526963,3,East,B
-1.637235147030874,-1.3282205431354914,-1.7769079449138905,-0.3244553851748201,0.578767686611967,-2.0362165322529324,-0.3831359794699302,-0.7946513123870707,0.08183302900126303,0.22175986802497719,1.092495706328448,-0.15019371366900847,3,West,B
1.2769729045920346,-1.3804768248199546,1.4051467340109491,-0.18373390743652762,0.44039123614342973,0.5189708118840971,-0.08735627902423398,0.3225976854842296,0.7897186668219952,0.5549867186582161,-0.9654490523051126,-1.5081710948675278,3,North,C
0.8352862168500281,0.7770205965599436,0.750003482107531,-0.7518562724924317,-1.2594744853733908,0.7933405549212883,1.1310410488341,-0.027686195139429475,-0.8094747592431739,-0.5866493712055517,0.11500059482829149,0.601223558938997,1,East,B
-1.0818076151821472,0.27928327834200123,0.04996259580588633,0.1877318446254283,0.02808016313298816,-1.9337458984605762,-0.042865394511641924,-0.23199120708711363,-1.1936041519709117,-0.031213102388816086,1.0664442412854214,0.5607926080394418,3,North,C
-0.8721626205970217,-0.08266992119733411,-0.45312017913461416,0.0428967472952632,0.430302029923313,-1.2295835139442006,-0.5466580534712425,-1.0228478179970284,-0.9289311343581892,-0.15346556466166753,0.7787723162641128,0.44464065770360334,3,West,A
2.249060748754517,-1.2059986356566492,2.218190427549057,0.06415169672672483,-1.1001380127220768,1.0094556697665114,0.9410401304851331,1.1414379488052853,1.2301058732571089,-0.007571747596043851,-1.575508970585952,0.8105265012397938,3,West,A
1.1839407448102248,0.6185869341795075,0.5260480743501564,-1.1306604115591175,-0.5349000146348948,-0.42936783499016,-1.1720639364550602,-0.7159977170799752,0.15740971589715433,-0.5451258497134173,-0.7073430059440493,0.7644084651970213,0,North,C
0.11258177356038974,0.7806055827756777,0.13150621005570803,0.08422404326552632,-0.32030995593286476,0.6500873532350149,-1.3556259502595482,0.5277138272245265,0.7856695788292163,1.5323367838184128,-1.1291371462121056,0.10014210032562802,0,South,C
0.026906420641690063,0.3498970250659855,1.30519044972484,-0.11739372444312152,-0.684361529175801,-0.35714293892144944,-0.49860842517272963,0.77174454077071,1.507519085833228,0.26288506061522177,1.2635662023701841,1.1375430525725767,0,East,C
-0.36496692115914753,-1.7058555277236482,0.473614497196109,0.623142674069405,0.39642785889705845,-0.4115822689280761,0.9692927911782662,-0.5790192388837292,0.12073225033288881,-0.35680954664179,1.1413619325687996,0.2856367031096288,2,West,B
-0.12473491639726218,0.046756445965461385,-0.40603027282755577,0.3469707335286616,1.2599764781031906,2.1331108668940053,-0.15421097535853645,-0.9048662349844139,-0.7833727814459502,-1.1901714225474194,1.2649528967485733,-0.11868934686202884,1,West,A
2.05839729329909,-1.1889390067474284,2.5785221432722936,0.36384683364389137,-0.08558433585252659,-0.11346693549465559,1.6769406085367586,2.622011604369427,-0.2879205351883371,-0.9404907500221832,-1.1110231132990052,-0.6527229063310979,3,East,C
-0.807909754031936,0.5532681128578294,-1.491463561547314,0.6530481868058581,0.6940464502944453,1.1494329740744493,-0.4921710622312176,1.515651155607186,-0.31037156260596294,1.1647686058215356,-1.0508834547149557,-1.1834090348646533,2,North,B
0.37862694409844344,0.47260710708057224,-0.4518178064118657,-2.0907201420118398,-1.4655701724904286,-1.6800234503346256,-0.16717931983152856,0.2518253102047884,0.7030576720906645,-0.9771287392360335,0.7141172727736264,1.1128502437442547,0,North,A
0.9387089856447776,-1.0834298982255801,0.5593125018717058,-1.0526232912146676,-0.606418181278849,-0.9978557636628523,-0.6577818609766867,-0.5514606734224464,0.10076627697280462,-0.49937339480584153,-0.2301233147770746,1.4437382557399383,0,North,B
-0.5554133627890114,0.8586422441147146,0.5135472549777224,0.2970735075261583,-0.3711455556666903,0.911301838695771,-0.05389882512719089,-0.4937605730928785,-0.9751239547238567,0.1813766037887619,1.2741595792242169,1.250731274202119,1,South,A
0.4474592402837735,1.9161995540367622,0.810025398546075,-0.020764173090465236,-1.441636971813399,-0.5770737159157668,0.36830168171516076,-1.3134115732849214,-0.07227005204808779,0.7181311607958887,-1.2839512791500354,0.26350076633268954,1,South,B
-0.2508749821003797,1.4593237679753683,1.24332051279682,2.2048872094520933,0.05493845687388041,1.3363511537945292,-0.9679237439205131,1.2709205316196168,0.09397263303209197,0.4502192655529595,0.0016780929221059558,2.529226252897855,3,West,A
-0.1957967319242712,-1.484336582048496,-1.1031836229655219,-0.5368021414393902,0.12722627347283885,-0.25746667522909716,0.6259462738973097,-0.5524056805999872,1.6088968628546068,-0.817762143395302,0.9103343447620698,-0.12311761158563678,2,North,A
-0.5045825494475952,1.2128525283525684,-0.2824887080289095,1.0348465579273867,-0.5860598284489837,0.9280702469917508,1.2413923733375138,0.5582232829084555,-0.4729325471680844,-0.09582950320861698,0.04637822369340728,0.7895906420730056,1,East,B
-0.229668177622799,1.1484692390313953,-0.31848921895535565,-1.0166531482373495,-1.9169258955381532,1.0704246860765165,1.4269079798757212,-0.734337341670604,-0.8148260184307434,0.9273369014232588,0.1627452884177535,0.041169601476821444,1,West,C
0.14146387459242185,-1.384806632057732,-0.4237683225456249,-0.18620958156709133,0.2647403716151289,0.23257514830240864,0.4360482997365362,-0.16609478055671537,0.02560442314332585,0.25689331778969876,-0.4784866929421925,-0.7953705662561605,3,East,A
-1.3835034263066692,1.2212427079240302,-1.5366519784564936,1.1043218408479274,1.4756241464889488,-0.25330542744522316,-0.7411395747837073,0.9631560155128707,-0.5221086181235738,0.436930548370774,-0.3740272008517906,-1.5803008910912786,2,West,C
1.019449460810653,1.4877118595259262,0.8890286526757184,-0.6966246334727116,-1.653512261867873,-0.5590114046165153,1.205698430748571,1.1562775322554006,-0.320294804693232,-0.4860527334243526,-0.8074257685297269,0.3285651840299091,1,South,B
-1.4670457759638835,-1.7942953234829964,-2.3499744457812253,-0.3591697370243474,1.8044483801869777,-0.7963117508870343,-2.1279363176010286,-1.2927617109691112,0.7527448125885117,1.276011868715296,0.05304947729813431,-1.625616612036797,3,West,C
0.9823611580150694,-1.974265042792291,0.9773578351197206,-0.018424143853499882,-0.012271245020546512,-0.9310905978889218,-0.15537203913121297,-1.3164972117331197,0.13482461653869363,-0.11960833650280142,-0.896934388321691,0.8131756590618233,0,South,C
0.5999882809344239,-0.040318229599123886,0.20295072595682517,0.096424226524004,1.3136097865062282,2.137846409943853,-0.0678221486694927,-1.423741472618042,-1.1604150302928709,-1.157125601887755,0.47467925793845556,-0.9033450539398654,1,West,C
-0.21826578517463285,-0.18336027348036635,-0.054050685531864075,0.36320763022334807,0.764094025176206,1.3780021206708912,-0.4782099680060303,-0.8367133808500737,0.8299464935927138,0.4822375645438599,0.44289954788005825,-0.8308543702559489,2,North,C
-1.0712086944615653,-0.06886613466943206,-1.5481655276496173,0.7655711856675648,-0.1790583840355518,1.4866820798757068,0.822890607135205,-0.8692316852464579,-1.171656452736742,2.1450848516396177,-1.4931912776398986,-1.0919530828480768,2,East,C
1.4011318508593618,0.9472589196404122,-0.9660375496309882,-1.793581365154937,-0.295508542319237,-0.29641254909559295,-2.318417998386308,0.17663836981590586,-0.7988386669507813,-1.1274948975074295,-1.7448677567942852,1.3371924279174885,0,North,A
0.11355826971171683,-0.7449874262398977,0.6142205885061544,-0.16608533052272767,0.2036850708105516,-1.0098392422704665,1.3138157442443439,-2.4337042003986804,-1.0575204910396583,-0.878677598930687,0.686300543987345,-0.7441190063284167,3,West,A
0.20906663897917402,-0.6542171141309339,0.9271595060525583,0.1969889276997945,-0.5641694172631648,-0.8010259054532479,0.7493953673933075,-0.2575681086707998,1.3636000678236704,0.6922897286505674,-0.20798102969824822,-0.3820366974419191,0,West,A
0.4122444899513916,0.03480191534943185,0.3040180772528607,1.0399447445005205,0.8264734445053429,-0.0011450835848140044,-0.6393933862853518,-1.3378266954616473,-1.2191372779431677,-1.3516655774657007,-0.4095769108316294,1.6564945113625753,3,West,B
-1.6565089144728296,-0.7447427532041395,-3.162306996349889,-0.7371571038626648,1.3889094982554653,-0.38630202803383107,-3.340706601743193,0.12700516259095057,-0.19761663439808838,0.6620789885634438,0.3410560647786464,0.7029195289596588,3,South,C
0.39283848047696884,-0.012049814497803141,2.038431963999048,1.0747239541923357,-0.3119634392446108,0.04074760982591084,0.8455696689582346,1.281922190481504,1.0034402044863622,0.1585634915619435,0.4328112718952019,0.36173424914741703,0,East,A
-1.2837730469089745,-0.03210138709971321,-0.34235724868263817,0.8258678387675484,0.7609755736461085,-1.1842525155902037,-1.0839038821659779,-0.2563198472835726,0.20787239891765044,-0.1610074133844206,1.4055220867079075,1.235619828962489,3,East,B
0.8080218489916616,-0.048138141298527046,0.45392728321200687,-0.4684193533124052,-0.47854237658865134,0.1268831327745193,-1.069639987271344,2.1047494231536485,0.044142748495010924,0.3724699620143851,-1.013095487971842,0.9813486090821306,0,West,A
-0.5427468697814052,-0.6145320787240819,-1.6195966710478553,0.08503855497561949,0.7879125092873915,0.3877283414899346,-0.41422936662062365,1.2185152652011955,0.3597991484023145,0.2827030390569254,-0.4653104955797897,-0.8366181915821457,2,West,A
-0.5460624065057345,0.11951768954092964,0.14814945646205746,2.186101631614877,0.3651028929404525,2.058913705554111,-0.7450861247495766,0.1601229839768996,1.479917919271411,1.6645982191042885,-0.7290615576327787,0.9817992150530978,3,South,C
-0.3844499924672483,-1.3822895321355004,-0.1347859074536382,-0.5042324251290541,0.7386638862355333,-1.68147630226103,-0.1348224507717888,0.24071210440927393,-0.2331019648328837,0.24419171499417383,0.3249688205801887,-1.4546360411321373,3,North,B
-0.6911922354783516,0.15784748548861482,-1.6781385250047292,-0.09832056935998001,0.971159811468367,0.8341166092994653,-1.1546802819816413,-0.6902853837067284,0.9492851721050892,0.06767352529789734,0.3096301960439268,-0.7032492496433685,2,North,C
0.7763374962211029,0.8398858936260832,-0.7316897342101745,-0.36265682917641817,-0.8817423228452076,1.4598859358097636,1.6282827394718886,0.7360475538936998,0.09559489430997267,-0.7910414199230674,-0.940401371265409,-0.365294270420398,1,East,C
-1.2803449492685022,0.054932970377395744,-0.6097161341117466,1.0078330575679204,0.23681817166322705,0.8083846460782783,0.693921741082447,0.7648080181327572,-0.4918448568197047,1.5360250876196846,0.04492899020857025,-1.020936932581898,2,South,A
0.06209835757338348,1.088584664009165,-0.029773841158323402,-0.46223424925110335,-0.5219801872481101,0.4427646380349309,0.24719216683056935,-0.9622491687568365,-0.5330009296452447,0.004743024608371826,0.06672982346924766,-0.1945056990964942,1,West,C
-1.3575532541796493,1.795623152900433,1.1769105117653686,2.3922480961307473,1.3971229452531617,-0.7751898239920166,-0.4549213659443503,-0.7755081870484509,0.030966508176339815,0.6577895259833009,0.8495775227191767,-0.9816071721195273,2,East,B
0.4648052231775823,-0.3187087843431727,1.3508507894710404,0.7002471899603531,-0.14548102192191117,-0.20705383472492847,0.5620862479449855,0.14490835707286345,0.6735269948446667,0.24887173694671658,-0.2862164015862128,-0.05951332960436594,0,South,C
0.6854675610936966,-0.4428706697590217,0.7179356078478659,0.13036502030603297,0.08691531891299599,-0.3393513928453671,-0.7962589317369936,-0.06784757364805595,0.8762123216681653,0.3631627693229993,-0.9357601702701279,0.15553027579494327,0,North,C
0.6728851968351738,-0.8284165498597585,0.31850219898428433,-0.14034596705771063,-0.08898694710566908,-0.6414635167620646,-0.37847853472747073,-0.8385657083669341,0.027987105689203918,0.2923732898337074,-1.2812610464146834,0.1419999821986618,3,South,C
-0.5754137475804497,-1.72140449191108,-1.2130170809649,-0.5543415348340909,0.7670799085077887,-2.0135105949528342,-1.2320889075088322,0.005116174605076186,0.49113423503119463,-0.7911726594558235,0.7599070170075645,0.9340398593798562,3,North,A
0.8231935238948707,-1.219114089427841,-0.20540230137108703,-0.2997865974062418,1.0335758540560211,0.4894824540677183,-0.784931193492973,-1.3603850861515134,1.483258301990173,-1.4798242071242185,0.3828839785327101,0.12869173541810303,2,South,B
-0.7038103132184373,0.16089838468902187,-0.012694118007426114,0.9731810018579307,1.0064200008994701,0.6839551882131383,-0.08209513855624494,1.3444365647970793,0.06593930597930964,0.6607731514031495,0.31217018174409844,-1.2853528267027672,2,East,A
-0.7141827492359257,1.7555441277476656,-0.40609196933336794,-0.6232844615008307,-1.3614676050331282,0.7136147270317348,-0.46412110823336544,-0.2786592618377382,-0.06946161696039851,2.444652306658191,-0.5738301096605428,-0.4898681946401729,1,North,A
-1.9430719659443856,1.2062641026460477,-0.8873031332831934,1.69629965072822,0.49737833878247756,1.1260879667828476,0.3151628696105357,1.2580581873317702,-1.2703166794056926,2.7588064319808927,-0.7154638169287667,-1.8774253550219668,2,East,A
0.5305032883681084,-0.5836611863971204,0.4332106577522465,-0.9230795380190927,-1.1578229861616662,-0.8024372641701243,-0.059731104741463745,-0.2388617852125722,1.2188731158749442,0.6970883477616876,-0.4616064947677067,0.4067941828335157,0,East,A
0.6172084045194312,-0.590176759962076,-0.3948378312880462,0.2601434873780082,0.7965008252964153,-0.37816959205940354,-1.4812930828684892,-0.34898714669464587,-0.3974295046963616,-0.710890680858378,-1.2908321144343038,1.1150544118394117,0,North,A
1.0613447299348493,0.6920020127795237,0.6390929535724034,-1.3101071706167648,-1.6859411276901075,-0.11639247517416622,1.68981226114921,1.1560704601278589,-0.24820946908115393,-1.1050847896309695,0.18357172721139098,0.4036727453953005,1,North,B
0.06823644237569064,0.5718916089485072,0.29919377699764227,0.12730254338672795,0.6002382120829228,1.4098005841945833,0.18211221255108961,1.4089520949924874,-1.4702571248700682,-0.963699740561921,1.0117996377946383,-0.006615009302708461,1,West,C
-0.32067641214472853,0.10449027263498532,-1.185607613812688,-0.20287733849922404,0.8367917831674027,0.34937847018539775,-1.2304350695853437,-0.7633113848232937,2.200145208904529,-0.8328371059975433,1.003231091454594,0.06014460123897543,2,West,A
2.035713092972051,1.3432120777253849,-0.9058669685660623,-2.6696377262821906,-0.7232696655405767,-0.43522436437566714,-2.327195469784698,0.8681983679599578,-0.3587691478656378,-0.4572766610840939,-2.9174216338138805,-0.20485903933572652,0,West,A
-0.17792568649251725,-0.6111609037443343,0.46604336314957795,0.9581540244135149,1.4397260111668253,-0.11863296388808385,-0.2368678003072155,-1.0775169373471922,0.2233583416824746,0.13931466146574378,0.022076421972516296,-1.4606095649585693,2,East,B
-0.03375441582197057,-0.003192469446078024,0.058540237449999255,1.1654995480585284,0.5585374367537917,0.8073429741673774,-0.7900770390247417,-0.29399118838961424,-0.06385792354202072,-0.004063660491767793,-0.4256793358755308,1.2301145997928091,3,East,B
-0.49632074712253244,1.0473141332231763,-1.0168528226146991,-0.3196347559759087,-0.16246894559904476,1.3745391002472367,0.6789711579503269,0.45166654218213037,-0.8844860456947943,0.5717397666789892,-0.11156998459626168,-1.4135689394340525,1,West,C
-0.4491650903310559,-1.6072637339749656,0.026213364584689904,-0.556441344880207,-1.0689144672892599,-1.1974215816092926,0.4879895406001817,0.863647117685837,0.8128550383239241,0.4244648062532789,1.0040607613299726,1.479762044722713,0,East,B
0.9532893951175243,0.7762878847179085,0.9584725251925041,-0.6379643446177897,-0.5251244846336767,-0.1207344117227778,0.7755612469388361,-0.2652264913708019,-0.7361353415685088,-0.7966811213874645,-0.18687621206967583,-0.45561027776404806,1,East,C
2.260659092098366,1.6367128842881549,2.440014497208623,-0.2048081872923063,-0.38200790587796307,1.1902177905960494,-1.007042018093141,0.6582801833482622,0.7240332898150317,1.278080048583801,-2.7776231042621364,-1.7437522703204864,0,North,A
-0.23313900846829616,-1.1365646445339508,-1.2091577404387734,-0.16909851757469677,0.7075025525646638,-0.41948944914905384,0.5919614839665828,-1.3604694352946123,-1.6870384647533716,0.02936629051223245,-0.9988405776541264,-1.4352611332733924,3,North,A
0.6292381778673118,-1.1704346281265836,-0.006548021279756394,-0.5383537900192329,0.4898710066496771,0.060232512864008464,-0.7961934733047015,-0.1283123504068602,-0.16050433888622995,0.3044278576049531,-0.9177587175907181,-0.6116359937612514,3,East,C
-0.23437619220195557,-1.0823703271178722,-0.42538975801412693,0.34792680044473334,-0.5649903801211148,1.620554527723654,1.426674765074299,0.5241992410654273,0.16594153102502704,1.3389936950584909,-0.5667864523035361,-0.5550667371610393,2,West,B
0.614886879316401,0.07452852217225094,0.9508456856302075,-0.7248521945589883,-1.3679912179849811,-0.2748314980615294,0.1715023532927443,-1.0159984763407777,0.727148084356523,1.1116997229290624,-0.6607411104034975,0.1230775308352516,0,South,C
0.880617652838428,-1.5559886990968268,0.5381258377562176,-1.1690795517495074,-0.7746674820526529,-2.167862395292748,0.790638558569798,1.1683780211780046,1.064009440634979,-0.3019283655053701,-0.47956580942098487,-0.4427809433762586,0,West,B
-0.4966842162785329,0.19601350493749248,-0.9368389330530652,0.0029057489101093383,0.1002137100977758,0.6200456362134507,0.1737325182826366,-0.5309908618930348,-1.8989271706389097,0.056317938944154336,-0.16441862477935978,0.15890522711225497,3,South,A
-1.355316980080748,-1.025844514840829,-1.802345949487813,-0.3951653079929095,1.1035277765679066,-0.8903932659319879,-1.7511240067685818,0.8550116574935093,0.1266368648516559,0.9548734415952175,0.37310863022595786,-0.6440463603212591,3,West,B
-0.7448957609038035,0.2959437110350162,-0.305863574624813,1.5211480365947854,1.0880373787935762,0.23082459134850344,0.25008737728839064,0.9222708321980995,-0.9876780955267768,1.0182943327985277,-1.0793045567344073,-1.6584701257056265,2,North,C
-0.11723406313657643,-1.6669712258692955,0.04366675812882397,0.1473887708704048,1.0019559954490025,-0.520177593138044,-0.7885914158620241,0.7571623007911212,1.4715685044070272,0.37172704493729913,0.2521261958662262,-0.752775391188363,3,East,C
0.5698240760791317,-1.7994852720893888,0.41627001881226666,-0.2733556289835569,1.207144535860574,0.22249743466478245,-0.12021320695606162,-0.2400045932153515,1.2714121566577368,-1.5001302133132346,1.4114197604219303,-0.4179298620583549,2,East,A
-0.9161635049352371,-1.5456494582175275,-1.2337695966049407,0.48404656720841016,0.18538541556318175,-0.7651061476656366,0.5346164988319779,0.6138701651383549,0.23076911096818836,1.5494488777832922,-1.092955308992506,-1.088402779464357,3,North,B
-0.04538334904690137,1.3186273956704473,0.07469866459829179,-1.1472671408054962,-1.9225211548806616,0.11959349147829809,1.3673844161764988,-1.1084476089867323,-0.8001678659306644,0.935348421719018,-0.1390510168408703,-0.42707186003641573,1,South,B
0.0686103074006934,-0.31987328850725777,-0.8423503357580975,-0.19593694867246592,0.9334981808621218,1.3540263163288058,-1.0046253054193182,-0.44849659821835464,0.8312937971281152,-0.0844626770998486,0.05021531483702234,-0.6861414850747313,2,South,B
1.0275164381856936,-0.7504349789523949,-0.4152933720501581,-1.750467210826165,-1.1288222240374661,-0.9738162256812557,-0.6129907453276419,0.8848425973733588,-0.6418482184607396,-0.5901881327058391,-0.9416470162187413,1.6659799002273297,0,South,A
1.7528816893642014,0.5575405231792593,1.1339849874912877,-0.24864120022882996,-0.12195172785726272,0.6484790810326017,-1.4250254666833375,1.788455285104925,-0.03380092634560132,0.2739259041545738,-2.2694616251275876,0.21443551701316635,0,North,B
1.321581085792524,0.7824253648638596,1.1234638424465595,-1.042731990436906,-1.3469549615282046,-0.18372133925394238,1.0514071233245665,1.4503068605639124,-0.32353150078628046,-1.4008626347906197,0.14944510947136536,0.9013563415703366,1,South,C
-0.5047012864493521,-0.24345708341703073,-0.5161905642244398,0.703127926716478,1.448064531142582,0.14451632411064372,-0.5813282962746522,0.1771247840628632,0.18706535048695572,0.2926770068688611,-0.1641844758351448,-1.5640832911021423,2,North,B
1.7044867533961783,0.42503905936329794,1.4453675946460334,-0.9891588470136314,-1.0253840896118527,0.37980181875413815,1.0914350951889016,-0.30987408350417656,-0.4311638397944009,-1.1197845657319498,-0.35582540176925365,0.06907103831361219,1,West,A
0.22200642232993004,-0.31953275200845715,0.0880944222515904,-0.07906763174131166,0.6312923276585786,-0.45274211200131187,-0.1254311382254038,-0.7785270561496764,-1.8238834340854795,-0.03689037907570505,-0.806697288731752,-0.8812759632611645,3,West,B
1.1457061051995012,1.4915371428153958,0.8628046578549206,-1.3247366053426555,-1.4178539841763957,-0.2355545701316927,-0.0441739418205015,-0.7470000458188304,0.8123420745110567,-0.03255274938032451,-0.5748367317091732,-0.09482448946737987,0,North,B
0.14744709667059722,-1.0809796461122239,0.03905195112307524,0.010953759220919007,1.1042438043771654,-0.4374824483223636,-0.46291514727156924,-0.28102474638657665,1.641664647548617,-1.6384788188071648,1.518893387503154,0.22110957710907495,2,East,C
2.1017984195410637,2.829899587802909,0.2503239576218971,-2.5475771343344693,-1.452416939478054,0.5442546631384273,-2.0366613325971716,1.3756456813396292,-0.5293187297204149,0.11485805770432715,-2.4140614672324565,-0.1220605681658882,0,West,B
1.6578575101285624,-0.8584913489213853,0.8590492522431846,-0.8891312035968808,-0.7772871779970144,-0.02663338688420261,0.9164497704663317,-0.3122588129601343,-1.266512538197771,-1.1192220439047293,-1.0180084112678118,0.7230094757520168,3,South,C
1.4251053446152284,2.3428622740159137,1.1968065637558511,-1.7602129172217953,-1.9850349539780943,0.9114014900013406,-0.942677176655027,-1.3094558549315312,0.043659497654950204,1.23420676039306,-1.376302335531311,0.048975335714294875,0,North,C
0.8690247669358157,-0.39417975273039696,1.5477690037897747,-1.0493764335231517,-0.26380834407861103,0.7187741468078569,0.9201298849497999,-0.8917611796230004,-1.3864865165922213,-0.7712782246246627,1.244807283509888,-0.46422784696197017,1,South,A
-0.9163154591676117,0.36257657130153514,-0.18913319310639046,1.0964819732944906,0.04970448731770425,-0.9264954964737764,-0.12215108181716879,-0.17530940317950766,-0.8684431322100141,-0.1696814312263384,0.38371199947022033,1.7062640420222512,3,South,C
-0.7239226883474755,-1.5169922546411556,0.6605997877417905,0.501090123420771,-0.8861230602036563,-0.23983319875835615,0.45884677085570985,0.288961711729296,0.7152885974659909,1.2296874564728502,1.0100918190889865,1.7512403490219088,0,East,C
-0.5087133439192341,0.2712239849546165,-0.9112609320200933,0.5767084746549667,0.8885041241895137,0.9839265367220102,-0.6059247502320565,1.1232281049056523,0.08749472627738068,0.6286989141857019,-0.4938629300262765,-1.0060947621666818,2,South,A
0.35486838113306957,0.43359173732472633,0.8647166471023622,-0.4465131767412764,-0.3384045190405019,1.1394702216553727,0.7102509908521235,-0.6779478293454915,-1.4434679044879668,-0.6155739939438242,1.0487128834897677,0.25155955117905443,1,East,C
-0.5534163749773373,-0.28836798289957155,-2.262193801513217,-0.15285805203715302,-0.05761882346924081,0.48160428602684985,-0.007364391867342697,0.9516541342808684,0.8980502168694632,0.1036759385968021,-0.6268997820960682,0.06780802412064975,2,West,A
2.7938544271401398,1.4610383864125875,-0.4653598651232879,-2.9787134524830177,-0.7130040892691974,-0.5607636141597456,-2.2605670350044065,0.11043092116206576,-1.3409283449929763,-0.8261067348283044,-3.7567856931632733,-0.5456201156521179,0,North,B
0.4503942501894768,-1.2685650731910025,0.012627907556538986,-0.30811220442769405,1.0651895464665937,-0.35638437847077264,0.483305293857224,-0.666967518401599,-1.4197018324024027,-0.08579640724111662,-0.8924532771815296,-2.351837069135173,3,South,A
0.16973682437367538,-1.4522472200595882,1.1946333513396572,0.39166702193401526,-0.2105376298050815,-1.4483646945971749,0.6448432765252735,1.1135532579625598,2.03250472319972,0.11986283242066507,0.5096052992729093,0.11371780188265584,0,North,C
-0.5647931775585407,0.856317575687976,-0.7621324502295169,0.6899364089163521,1.8120089613817776,0.8838599002498735,-1.5614178818748012,-0.32093392279748223,0.6212691489225437,0.4167151401452727,-0.15186511529053176,-1.9158152929780328,2,South,A
2.0405912507660484,0.6163842330269377,1.833737243944555,-0.5632980211632957,-0.3696683287467991,-0.5990991266549399,0.5010453955438449,-0.14248422725429633,-0.00038300395162579653,-2.1835015208859825,-0.3775873716767594,0.43393531255587264,1,North,C
1.4970190342099041,0.1371128973269999,1.0254376242732197,-0.13547200119881578,-0.7378867373459914,0.8129842974730621,1.8037621433275715,0.48416285572616335,-0.2921877789296184,-2.537221850482154,0.4495786845261292,1.4482050524204588,1,South,B
0.6516266186139876,0.4309420044989316,0.16452349740073796,-0.310165377868363,-0.44049143183252815,-0.5630628616476118,-0.012526702894280218,-0.37369057507442804,0.38132189205794625,0.002417546974059973,-1.134800668095164,-0.25769547418354444,0,South,A
1.9467746307938119,0.9328205081618024,2.0966379684007075,-0.5672632096690605,-0.89465617092763,0.573256265939009,-0.37784699022868484,0.31419019414956934,0.6206150651487844,1.2263189616580212,-2.3059444105671103,-1.24435529536013,0,South,B
-1.4984819340378008,0.3658799602463658,-2.096927134812751,1.5060724979738613,-0.00797814028511987,0.025852067548667666,1.0811129761683496,0.6278490976430385,-2.776047025729058,0.6544584159610748,-1.4385073164052768,0.6608871741161662,3,South,C
-0.3348782324337931,-0.02144747685475684,0.17230033900335961,0.4214519890045503,0.16866607808061984,-0.6374592412812917,0.10385085400462893,0.5865553812212753,-1.0654728188344846,0.10409446137711531,-0.05194515619707008,0.169582189531392,3,South,C
-1.3082531949486003,-0.4208521438308207,-0.5480763176700867,1.6009929059905372,0.5647184237614243,0.06388597931149076,-0.19654736812786644,2.6520227005221937,0.9422831429644535,1.1193853055677154,0.212383798810398,0.30741763596816973,3,South,B
-0.004000036045747174,0.164091667871285,0.12310362466877892,0.41080177073801427,0.1993905690863027,-0.35314142905601176,-0.26382665131139527,0.8821675106330216,-1.2880412993853785,-0.6664671470786058,-0.03358480061761903,1.1950638170342442,3,South,A
-0.6371693182943762,-0.25877734092075094,1.2721431890180925,1.9110137258567153,0.9567605517647119,0.023844961362149725,0.7733249855825469,1.061912865507621,-0.9076124159382705,1.121508309923132,-0.12914699047089348,-1.333799097310927,2,South,A
1.7032072132188008,0.2916638466728317,1.0717283229240664,-0.43420919820328113,-0.7416105270254782,0.8239346714648765,1.7117283613251404,0.8328844876421984,-0.5844385636722037,-1.9970277518683717,-0.2543996266456343,0.47672586786167626,1,South,C
0.19401931924773616,-0.68246035462761,-2.0872167905626795,-1.346632358009084,-0.33359395519244506,-1.0119117135365319,-1.6459344409593617,-0.11720130047837765,-0.2826166509891829,0.03818250564211419,-1.6684320883046975,1.1587500586752468,0,North,B
-1.2327416826479192,0.8658951869999357,-0.8553930478530614,2.4372854933195156,0.33075569717284753,1.8143377693885825,-0.10404169679265167,-0.9937121556197916,-0.69165727093142,1.5702818148955595,-1.1551974716050823,0.922213502549459,3,East,B
1.0464214968540986,-0.8769022391950979,2.32404712710655,0.5968989079359218,-0.45901583006861507,-0.010372626094114497,0.6751150447215793,-0.6162000524180349,0.8545806739928292,0.9006711654386286,-0.7860662556512777,-0.28860267266920203,0,South,A
1.199334516298868,0.3616323840008228,1.4107336848838645,-0.8170932597380375,-0.5541652889651294,0.17542211200734495,0.39095749352944276,0.7652004589309679,-0.49002194618757616,-1.6519741438877662,0.9184490989997818,1.025891010364548,1,East,A
-0.8167469719067607,-0.034343385192278225,-0.5121440451629669,-0.012108208402669013,1.2856364158544697,-2.296330991183687,-1.150570794925248,0.047164512953934846,-2.153470834793301,-1.2537164196332595,0.9206030946249828,0.49093871398341177,3,South,A
-0.636023987094967,0.4447342649635265,-0.03211619781852661,1.2960366175887763,0.9573612230004506,0.7326828893729627,-0.5105610956536407,1.0648508202562226,-1.1230426381861216,0.8123785743707027,-0.4793139911653235,-0.4506840685053791,3,South,B
0.24635115713987452,-0.6683417365037624,1.2632849733026772,-0.1433837661392668,-1.1117183144330247,-1.0479830988440053,1.5677649047390614,1.4745657687537401,0.8621760070862761,-0.3448803307349478,0.9923547164140882,0.6890248653686022,0,North,A
-1.2393290440999465,0.6820976348080546,0.5911822181591703,2.2420527122022036,1.0396001072995806,0.4567038240196001,0.5178205705127583,-1.3092831263135791,-1.4790979020897934,1.7569163429985948,-0.4893553687176484,-1.6348580360422722,2,West,A
-0.6408573343377019,0.7767180707035274,0.4420522487419774,0.6688715537269905,0.22171840676373478,0.7801879855585435,-0.6380468199327959,0.45676016807622377,-0.3375217906395478,0.20672599999266764,1.1781027282822658,0.9885159734655341,1,West,C
0.014197160472135793,-1.8604964800844672,0.5758840130315459,-0.07546737792824103,-0.7277835517483071,-0.9368158490295935,0.675063404274705,0.3131005391021197,0.7132510784003188,0.6128249272023891,0.16523829423309652,0.8202761903101748,0,North,A
-1.4705311417141025,0.36665421819701927,-0.5007291824001747,1.5193494248187003,1.0646896921050704,-0.1901560107701266,-0.8456445218004571,0.09243179362469983,-0.5350586626396214,0.9429725811482067,0.2653273871413437,0.010475545075741938,3,East,A
1.3805494118244261,1.7059697717611624,1.6669454002062876,-1.0705261393875902,-2.479514097475889,-1.4089667164068365,0.6181443572338134,0.6786013527601328,0.25910108367178764,-0.6622037833633225,-0.5177120047008501,2.0058289087265737,1,West,B
0.4465197421506975,-0.015938702337953182,0.1441262330931944,-0.7465634858232353,0.6651857998726634,1.6902249705726176,-0.44209654423156125,-0.0011468622227828156,-0.5761448875153887,-1.4566175580391552,1.6342455901491006,0.23523719518912842,1,North,B
1.3487017321528876,-0.03656116718099652,2.476126496107054,0.529640327903029,-0.46346563504840255,0.36086704273536935,0.5469563837222706,-1.0314561083093465,0.6848799994164073,0.8088741203557605,-1.1550771694060562,-0.6781738624159577,0,North,C
0.1102430157547435,-0.48834667973183726,0.2810035855603441,0.39492165142730773,1.582617448829523,0.5193227190175826,-1.0124515562328997,0.295440331577923,0.970575697109188,-0.4481947939719253,0.6328995173065307,-1.0473761522821932,2,West,A
0.3357476519372088,0.045017812411919995,1.2812539307956308,0.14644951863646036,-0.46964248489052035,0.5055457861769527,-1.0169447000210878,1.253362710591954,1.1333703465644585,1.7918025704794893,-0.5955113992534743,0.11500045398944848,0,East,C
0.08268471446118668,-0.4207321303899088,-0.19276714899846814,-0.06651096009031784,1.3776027625464817,0.4096280058059932,-1.0957507315635215,0.021275046432960527,1.5606711050987854,-0.9455525272284588,1.0987505954063654,-0.6563728126782946,2,North,B
-0.4324638446661268,-0.7418597405106349,-0.5306375286820104,0.039268735668620144,-0.2662936600781597,-1.0093818552868175,0.8574924977727317,-1.6370206885762328,2.5175131425988577,-0.9292360080597953,1.3756626049558762,0.5477797201232014,2,South,C
-1.8351298536862162,1.382061749306794,-0.09907802991981048,1.9335236947562664,0.8547407615511857,-0.5279605180919851,-0.09455823293763926,0.8577685678193189,0.3321517820553636,1.5691788450953514,0.36065731052817773,-1.3581364423055493,2,East,B
-0.6142233800502134,-1.7624448469708047,-0.7034291340831185,-0.327665794643598,0.9201989570110768,-1.7329048775361844,-1.7792188916223393,0.2528139728140445,1.4461686019778497,0.6284455110432592,0.2645916348352182,-0.1434940030353952,3,East,C
0.7720993405569883,0.9390719617159052,0.9042948056023045,-0.7723364434383685,-1.7670730157466585,-0.7279046286059156,1.775519299104599,1.0048127126376232,-0.13892078692375515,-0.2167764243889475,-0.42659612429754806,-0.07716767585079971,1,West,C
-0.9812055105872398,0.628090148457268,0.2019165340698032,2.132547532638327,-0.119623110049465,-0.8207154010103003,-0.27132627426404693,-0.7552969595732901,-0.29411043717362023,0.40439104489974387,-0.26204303618659386,2.506135479194489,3,West,A
-1.385003532801488,-0.01720330458355856,-1.6793273753286577,1.0076205205471374,0.6358305609893632,0.8250481344385528,-1.6482719584608108,-2.246226902006729,0.44211797729846386,1.0318099576705448,0.0021987313613583853,1.344996956541321,3,South,C
1.5336585079023228,0.30905261455740823,1.2421150144278585,-1.9874988277164038,-0.7435319021129422,0.12760430697810388,-0.22303620182664685,0.1532123654904053,-0.18437410362692544,-1.4523182169096975,0.8907396031387229,0.435328476944124,1,North,A
1.9133669459741325,2.0871277178478223,-0.2555036803790456,-1.6704365582915452,0.0428038963611298,0.4041895030806425,-2.883648859239644,-1.3690723206251387,-1.4313531619790858,-0.6854062886957706,-2.6206793157031654,0.24801907225020356,0,West,A
-0.49491934395086024,-1.0692703180962457,-0.6301709888829343,0.45326816396140684,-0.06715306383143231,1.2042337583734282,1.22933329314956,-1.2422724684996993,-0.06025492526232717,1.5773131833642318,-0.7556036042367148,-1.4497260679689454,2,West,A
-1.391605258872475,-0.08789704838135377,-0.7734086891636555,1.407451853564751,0.12047939691761266,-0.693195007263468,1.3154974823890335,-0.36017387498928854,-1.1499021322822938,0.3781174925746562,0.0802428337253249,0.15721342567489777,3,East,A
-0.5821984971175851,-0.07788757316161052,-5.469880539885348e-05,-0.024311190861014548,0.7196345029995392,-1.1316088878537314,-0.1754250773082284,-0.5149788820683491,-1.3661443016743664,-0.6596023736582975,1.0359950739910515,-0.1430486908283741,3,West,C
-0.8035452473221335,-0.3155108513685982,-0.9639681811728007,0.4789000096513896,0.13831977642364962,0.9261565074067047,0.4048282079382956,0.1905191481107616,0.27753102664289725,1.073849753787309,-0.16394433521003338,-0.7388754088163301,2,West,B
1.693128335151037,0.28887282040328827,0.6920389613499555,-0.9227389450748534,-0.3444804790863471,0.5893719219509005,1.2511559699120678,-1.6296225064567214,-0.2406206131164379,-1.6491093889267867,-0.551941310016597,-0.8857371401421115,1,West,B
-0.4752464267789621,0.5746085585966194,-0.14276918819687776,0.8276320157375909,1.0757998070938388,1.139490324232556,-0.9974945280878751,-0.15531769073486693,0.5906049083970994,0.7224135901505487,0.047309401987065576,-0.9775753886192172,2,West,B
0.3180259267115201,-0.3796575825504098,0.015058709339336054,0.3287542414507107,1.0862298577918303,-0.48492434511369975,-0.28291313080237573,1.0287488708506396,-1.7764659009769057,-1.1988571800201202,-0.3653550112670665,0.04384598873905873,3,East,C
0.7257482026199352,-1.3491116888867325,1.8593665159958948,0.7141999454511864,-0.16144666614655456,-0.9320463696697322,1.1208351881027478,-1.356924937826671,1.1917547783813849,-0.26556715641314693,0.09717242955416061,0.15915834710845855,0,South,A
-1.1333186317367379,1.4840619550033909,1.1163742111232549,2.087603368785732,0.4547069835070225,-1.2159993314492485,0.9666340361322104,0.35903546600071395,-2.1412359009920188,-1.046342142768096,1.4439191983622996,1.3404681280667134,3,South,B
-1.0085648108929595,0.36812362815454763,-0.7225051777296273,0.7221976190313332,0.5386355664715455,0.16035782555604827,0.051120565663322286,0.5776341232019809,0.357011531922644,0.48590854839374753,0.4124529910383179,-0.7067053966159139,2,North,C
-1.4401760935140768,-0.011078468891840478,-1.4983349709118767,1.5140853323538344,1.0268396980694874,-0.010064896896393208,-0.8514833780254611,-1.0072104127550203,-0.47636872141228725,0.008648431575334046,0.20787477618343167,1.3004223935523225,3,West,A
0.16975577374036677,-1.142185831812979,0.22115914768144956,-0.12398024245574409,1.4243699460407584,0.3742257099532733,-0.6513280598256574,-2.416606580525427,1.2671755712162998,-0.8609012215247676,1.3215340977636945,-0.9531013483274545,2,East,B
-2.35062257560702,-0.705319037105665,-1.9833513893832064,0.6885367903600779,0.9849121521915387,-1.4263008286916459,-1.0360927963290874,2.2105564994264078,0.2189199989435119,1.3042025611577432,0.7999717973703993,-0.23737787844132566,3,North,A
0.8188687830238752,0.3719457440451341,0.6264276104711081,-0.2988244297663269,0.04220377416692801,1.1016416026966651,-0.20315837087518243,0.31719849549217566,0.030964561551483926,-0.817656988098656,0.28140916802036803,0.32391824960966353,1,North,B
0.010030072438583474,1.6522576494050905,0.13039196019567792,-0.6150367292153841,-1.6869661286691486,0.361374187404082,1.3138597497435291,-1.407513564233952,-1.0006001594012828,0.610908091530035,-0.3325832927792999,-0.07559546813313912,1,South,B
0.6353750261738447,-1.31942731133087,-1.1059172865044042,-0.6829266869978513,0.05778293948135714,-1.0681864832181138,-1.04781341417322,-0.831037883270315,-0.3578291692417854,-0.8272176274866159,-1.328812966581209,1.5118522390574483,0,East,B
-0.12426321424082863,0.5434223202347208,1.1410824196059213,1.5816864531255947,-0.09889153801731884,-0.5884584817373028,1.3125134539142218,1.790753228219076,-1.5662909334523982,-0.5847175046999801,-0.06230786243145546,1.0152786897522545,3,East,A
-0.7499486719766085,1.2413729866331051,-0.5121563823886393,0.32858127677626997,-0.35354928363904303,1.2686150300391006,0.3595363938675276,-0.35336695533817275,-0.9916421639164754,0.5196493134229613,0.3834541721057561,0.21875782034317373,1,East,C
0.9685274551725208,-1.3080115363701126,1.6471979340381075,0.5139934943694685,0.12888103729638445,-0.5672951990435559,0.1195162363380747,-0.04833570776678577,0.4607748954370239,0.12931628385180224,-0.7690767579891897,0.12844310510222848,0,South,A
-0.25458721490515673,1.381044094844625,-0.01347741669163054,0.6533787129652372,0.09893678842984224,0.9856973287515388,-0.07692719238384947,0.8428142333023749,-2.5019071457530133,-0.8780961387797843,0.39318519288630477,1.6237164164127684,3,South,B
1.4533767854232236,0.02547528722595217,1.2508978806828386,-0.49617607995896046,-0.06748315169739477,1.124129960604033,0.9061138160162194,-0.37909190403627135,-0.7837661665708552,-2.0884194894394383,0.7037794745481855,0.5109043374928679,1,South,A
0.8737602772774464,0.1955022696252133,0.5182704870314954,-0.04571660498083751,-0.7161560423290512,1.1103438910070997,2.333286072355037,-0.8963928090632427,-0.8980588177046367,-1.607981858275202,0.2807780589817792,0.3023491298730016,1,South,C
-1.3627651449243288,-1.3711998887534074,-1.3864737221136139,0.6024043726901137,1.7108203651066138,-0.905092061349216,-1.3297619213424954,-0.36082624155046805,0.37047164925729614,1.6045933846729106,-0.4853372098842862,-1.9272458168550437,3,South,A
1.2478290888613501,-0.6905258763774744,1.5661551641074363,1.4381289690144787,1.2323339787487968,-0.35277874948171806,-0.11252665503083739,-1.1964243424249978,0.7964105801979243,-0.5852227976093709,-1.4906469518250927,-0.7586262900096554,0,West,C
0.23936118178773752,-0.7894330780011272,0.009363583018640207,-0.1019021273142429,0.099696348109342,-0.34230027649784195,-0.5057421247217502,1.1965057746261714,0.2846884687777003,-0.8385799346166496,0.4336706335294687,1.4561180880400564,3,West,C
0.8898550826946652,-0.2171645640696669,0.33377279744666993,-0.5222736469411041,0.9472090438046756,2.175383758232835,0.20219284275111007,-0.7421986006900093,-1.242326223531674,-1.8834899622456989,1.1545147753628124,-0.307992347679033,1,East,A
-1.2165689128014885,-2.809939312169764,2.3692385863543746,1.8743029836756797,-0.45250858730174126,-1.5927993072541389,2.477985508043013,-0.8724423782475929,3.4830676955618394,1.6017220446980065,2.449411034440927,-0.1870603683066326,0,North,B
0.8437251851133732,0.4964015814285121,0.8222643334822042,-0.8031664315267935,-0.573360842309587,1.0010314157943925,1.2154638745992479,1.0987537677839774,-1.5045959652928003,-1.0476074421185417,0.5611511685856608,-0.1199489564285555,1,East,C
-1.652892683209328,-0.3681941620319249,-0.744256034961066,0.3026416951207411,-0.1614752128688398,-1.7432060509030096,0.2052489633927103,0.22895463321078663,-0.21194625136919287,1.1350538348063774,0.7333629852004431,-0.017861810152797555,3,North,A
0.3774334656844942,-1.0217666166323682,-1.106018782940399,-0.4793448591958804,0.8349813293896399,1.6158772643329358,-0.8427999808832324,1.1431012772630718,0.6300441241681805,-0.4871492044135792,-0.0826742354237813,-0.19081483105940628,2,South,C
0.8164117234483439,0.7389175885787245,1.3386635393127653,0.6558884168638116,0.22834238896093983,-0.1081867840108886,0.29561727269197424,-1.0707030338962924,-0.4922226152831498,-1.763208420297622,0.3884585966404279,1.0874508854287623,1,North,B
0.6743937904198989,0.5119028235276957,0.1510536454546412,-0.9551602398480933,-0.31335610888791415,1.262297620251402,0.31001731478905,-0.5204120949133819,-0.7077737424939589,-1.407823237363252,0.9970440753941053,0.5889918014539569,1,East,A
-0.3160530153899213,-0.5183134699747352,1.2662771382051616,1.6257836647920096,0.2319220896622603,0.7829273964553988,1.2390494030468262,2.1318303940774457,-1.1328657320715982,1.1565182757275658,-0.2939473045741396,-0.5107394483963837,2,East,A
0.23606603124387981,-2.3125099927633337,0.6463980036322774,0.21481603827984688,0.5393727384929583,0.9494409267387746,0.8755032497832174,-0.06315194143096872,-0.23431897558727335,0.32120965218349695,0.3761457493947379,-0.7049724485174621,2,North,A
1.0554795821341254,0.7494074305762948,1.2617256277627624,-0.7780636560767412,-2.0262845557986924,-0.41229305461143256,1.8742331874491185,0.22106463945425506,-0.0787474532223494,-0.7852793599793754,0.03192966474981468,1.0345177141762925,1,West,B
-0.9738693329279436,-0.24688817079790684,0.021880061827942183,0.4168963311695465,1.3444056011406542,-2.015871466838795,-1.8784154037583756,-1.4559350329860814,0.1735900495082337,-0.9902325000775658,1.894687021756823,1.2577615897653387,3,South,C
-0.4120611207842553,-0.008506784546751495,-0.061576425450947755,0.6699337903753919,1.5939203984835022,0.2515040334429435,-0.8170400052668138,0.8171062206632212,0.8453219002592848,-0.6243921127917484,1.0738192328543388,-0.8569593748754418,2,South,A
-0.5673524166602526,0.06211267094440322,-0.8626195109983724,0.04468104944128556,0.20683236006839092,-0.09672766991484157,0.1874738099178256,-0.6959232341712577,-2.3067191824955917,0.6897681771115132,-0.8922538625345311,-0.7019875728839282,3,East,C
-0.024666957159257055,-0.03739827657448957,1.108513386050147,0.8099707588902624,2.23188544947823,0.3768929299378995,-1.5020072587223294,-1.4079603880158416,1.506971369568595,-0.5350906174706506,1.4536517632458255,-1.56282486292934,2,West,C
1.6807752496680355,0.08438028136404889,-0.3259344228348889,-2.464626118477499,-1.1896604708264031,-0.7664438681615826,-1.4364360211234302,-0.3615795079382681,-0.43633313225087006,0.05553975694146462,-2.183346154688161,0.37008896288794696,0,North,B
0.199547049734167,0.06019532585473007,-0.03172451395068502,-1.0579543258508095,-1.647055400416002,-0.9448247222815402,1.1369401798408167,0.013662146591621743,0.30495581949163686,0.509882525648364,-0.39580225223067317,-0.009711011683000589,0,South,A
-0.20351667771833204,-0.05055988428838694,-0.02312167712594555,0.021979083482926657,-0.21235267795152277,-0.05556055044618416,0.4931371418229416,-0.32216913174566697,-1.0093054161535742,-0.0943902423236292,0.2114345758869276,0.3503648109174301,3,West,C
-0.2956165429669754,-0.2553553840072121,-0.020025201894760036,-0.10999885325723156,1.6166315152962227,0.5759901265575179,-1.3055122066280456,-0.35631398262446623,2.0882609659631175,-0.6844074450625514,1.9928577109219574,-1.175664119134529,2,South,A
-0.5941932139959336,0.23802183802127566,-1.100614524049624,0.31328476112153864,1.134037164007739,0.7952484134628831,-0.8628323200935559,0.4778714250384358,0.10811356028566053,0.034528013202983356,0.1585525785599381,-0.8126031804899213,2,West,A
-1.0073203408217954,-1.391422770201473,-1.6467118524141906,-0.5680569322966843,-0.5848397424200491,0.3401656886229946,0.8275684014156557,0.6584061369583021,0.19445732748232605,2.699431366357772,-1.0986111119024153,-2.0421098871228622,3,West,B
-0.32030477270352414,0.077598722540434,0.09502184143722087,-0.5763646583358144,-1.4121121116368882,-0.820929576112276,0.8175553362908076,-2.114691816055021,1.3876095753776954,1.4350720088928601,-0.10836954160511986,-0.5382053860667102,0,East,A
-1.602748045536737,0.6305653918462759,-0.6973951661227674,1.5029807220155325,0.625859238173952,-0.45613465874541925,0.018249674887143567,-0.9601275275392893,-1.182518533373275,0.10546616738188,0.7676446212561423,0.8122674271618061,3,South,A
0.6242714170348274,-0.11864698488174841,-0.08965147278702522,-1.9795055017588032,-0.3318752384069072,2.1787788040725924,-0.42225123562100964,1.6668284146543704,-0.5004011865540752,-0.3668753090959221,1.3000242762040097,-0.18085896776500915,1,North,C
0.6467546541034973,0.8177895090869589,0.5904709548893924,-0.6559782613511735,-1.5847509951989243,-0.08443784321044252,1.3148891066133703,1.4094085647585073,0.1257841063746991,-0.7073110782784099,0.2211205420265461,0.988394837172256,1,East,B
-0.8219516296264094,0.24350558487863078,0.5036877188209041,1.9781038211333188,0.6328760712122535,0.7028417731504557,0.5681537695485194,-2.090671898896908,-1.404607123430761,1.8110997738175179,-1.0618951622859434,-1.1259343719093244,2,East,A
-1.677001809132194,-0.40885202153136607,-1.529421851172654,0.5490754316148014,0.682395397390188,-1.1911249369114298,-1.0819554677566363,0.06087371920881706,-0.029316583682119583,0.2053694577553748,0.9508340580077128,1.1054415950498548,3,North,C
0.35230387892319137,-0.1992869368714724,1.9453962047386875,1.340195000778189,-0.3055137210616747,-0.13827594640898927,1.4284726584760783,0.4661187480206761,1.7391292237056541,0.8406286953960416,-0.29878214951173887,-0.9200739996886416,0,East,B
1.6636220495516534,1.3926435937715338,-0.022864834242174,-0.712047061184682,0.27787974586340186,0.5482875460398793,-2.438519311118166,0.5326374327076978,-0.10878441654252258,-0.0887066357580265,-2.714211286314192,-0.08791816465179597,0,West,B
1.4299175658222165,-1.5860802637231406,0.6182964131447526,-0.27536297180438524,-0.3733943218489281,2.071266438145789,0.5512219624351345,0.1679422757404203,0.6117659384257599,2.2892164132892847,-2.888946011859653,-2.27351831576521,3,West,C
0.3720096429888302,-0.5591294562262926,0.09527062319391563,-0.5882164785997137,0.9365667408765962,2.543620960061328,0.7200515668141282,0.2119090866445741,-1.7734206553736571,-1.9857538336358582,2.182513084997032,-0.14530997222989395,1,South,C
1.7209190587932983,0.5258575650511704,1.0541177367033627,-1.2409149325996416,-2.1225619334182153,0.3824483310563003,2.573781149015562,0.10789418677239827,-0.7469050728238622,-1.603982751835297,-0.27910140750101253,0.8540231913282326,1,South,C
0.14139268008753014,1.1923034846597675,-0.16682687693453432,0.31470002026978133,-0.0758001975190843,0.8380592048840251,0.6225322572665889,1.333201989272179,-0.8088818049630243,-0.4141768855669991,-0.4187958896476036,-0.28588071846894325,1,North,C
0.729084232910879,-2.5268166923016815,-0.06906072218549454,-0.6463559600432671,0.07216599129499542,1.6512428560626473,0.5768968856511768,0.4473094569391853,0.7498222943456035,-0.028130388914976354,0.20283400999066548,-0.16286852088512152,2,South,C
-1.069024006881858,0.3358976530094625,-0.7070412628391886,1.2996909732724164,0.16172377599088014,0.4714586844455338,0.5827026164762636,1.3802870467645825,-1.322181569407515,1.1119938710165562,-0.6817086962756199,-0.1561197287237848,3,West,A
-1.1425323351329293,-1.4341752248593636,-2.9884045949285998,-1.7235972880346573,1.227475735684134,-1.3451113652445286,-2.176745255310773,-1.818308484129206,-0.7768387373869692,-0.8147129597291248,1.069834014626444,0.30595126270427264,3,North,A
-0.6444430054839875,0.041107675658435525,-0.3704189435071638,-0.8119295392881448,0.6747061875297105,-1.56157121128369,-0.7904209989840273,0.9997937584963213,-1.9153835937241563,-0.9701155661515557,1.405380830922824,0.16504266538692616,3,North,B
1.209079144160842,0.7124541605553559,0.08881225488373659,-0.10152056888687505,-0.44760229666698664,1.859783046708673,1.7574200862984344,0.22732418818963443,-1.218246353322328,-1.92754398211048,-0.340791233013562,0.3851503918543109,1,South,A
0.667819444037831,1.2841136301222267,0.7682647519745301,-0.05125206908840468,-0.6380205647314595,1.2788525584007076,-1.2397022984700077,0.9174975096651781,-0.29703316242061795,1.4157459283110445,-1.4934100422898322,0.39765302465499036,0,West,A
1.262588578310632,-0.03538570868964611,0.8011153127817086,-0.655942046319655,-0.31303045351210274,-0.864895033088477,-0.29738765413315627,2.0065371449041067,0.7166346822551011,-0.35638227689334556,-1.1293552846055297,-0.31131193302621935,0,North,A
-1.1003705309711327,0.9054655108896852,-0.12824234375140356,0.8987528785648378,0.5350260657688058,0.6630314468136614,-0.09969964019095866,0.7003896677634768,-0.8915869681624955,0.13519339771537442,1.2056583358067228,0.2350152887516396,1,West,C
-0.29306525420493645,-1.470225677303232,-0.9491460073248656,0.15769077247360885,0.7715507671764876,-1.2812305037313194,0.12208501782891926,1.6429525559828526,-0.4882878225220084,-0.872736296702956,-0.0768469218067136,0.19348101124190104,3,West,B
-0.45366718394178873,0.0785109876284332,0.5064883250585765,1.1914567316101237,0.35277944541281153,-0.34212878945058434,-0.2243309537980831,-0.11557664844326875,-0.3391045860898148,0.6976815439925016,-0.3260038992474564,0.27174187599220306,3,West,B
0.06819917586239331,0.9146427732266862,-0.8904745897350822,-0.8102436261873316,-0.578046071673436,2.1664182614512217,0.35809598853141633,-0.35283341575676785,-0.5907348257194561,0.5004826652192915,-0.2583774233128833,-0.7194771138240469,1,South,B
-0.10090663305949836,1.8200166643166003,-0.81556093284759,-0.63665940027036,-1.6348326532155653,0.613592940911012,0.8698574493041961,0.40586788937815765,-0.12629911601856647,0.7577234125061091,-0.8664707890960517,-0.10359795045801219,1,East,B
-0.9272253165613322,-0.9377918043263588,-1.3906564751814963,0.2928023445761386,-0.07193450130870936,0.3630544541082659,1.0053746021221432,-0.4698019083012915,0.4839513932249569,1.0703388487501426,-0.28064777164777666,-0.9560770003125763,2,East,A
-0.5401845252597871,-0.9886816177614203,-0.4287518080302264,-0.0556554485804402,0.13400254438133682,-0.7632674317838587,0.8752478734072459,1.4314604149757155,-0.7865421927301903,1.1108644643441346,-0.6087616455804948,-1.7521690399275447,3,North,A
-0.9994104244444619,-0.14357275138564377,0.7058627619847075,0.879094815694161,1.593735488362519,0.038884452036817646,-0.41505947693763345,-1.1808636385675932,1.5087729582145704,0.1379199452111872,2.2492517472830214,-1.6401188363289836,2,West,C
0.3366789785612496,-2.2646118727881692,1.1819360168767452,0.3467208808875105,-0.23145276559015215,-1.1422774616096314,0.4611627998201667,-0.34990194708964534,1.4110240028904484,0.6848656049765796,-0.1548541769604252,0.2995944625252898,0,South,B
0.06964564433877042,-0.6368660768945246,0.8663762012172147,0.5270584188803287,1.6848938805947205,0.19878737503992025,-0.6778662667774239,-0.5061013454593787,0.944049421103894,-0.6571393441768533,1.2407298192754377,-1.1799826019253914,2,West,A
-0.5520851068276242,-0.13335284630224287,-0.4007619696008791,0.6900376987403882,0.7639102700280744,0.6429077227067024,0.4549329953546751,-0.5593609999181878,-0.04364766488091997,0.499053068484557,-0.028222805104992657,-1.4714064709223624,2,West,A
0.2524519632960484,0.6670611045957932,0.3579916660208912,-2.1328393732921453,-2.204692545657558,0.27549350323046584,1.1729586295500527,0.9782605529632454,-0.519002960764879,0.5886589874242424,0.856118621087865,-0.008115167202400703,1,South,C
-2.6722003814169284,1.0162171481365034,-1.660510683903224,1.177069718957191,0.7146558907186531,-2.0865078932041516,-0.6430681730269465,1.1508594246456434,-2.1464891062731186,0.0036168182988756776,1.4551994257292056,1.3689068224814676,3,East,C
-1.6596270461866989,0.6408246624922798,0.03645367224327018,2.025899245061547,0.7659757449875642,-0.9007051678992837,0.6176223829351286,-0.24197437855263912,-1.1434309146356945,0.22921580114702933,0.8794968441042228,0.1947185280822511,3,West,C
-1.3810812965694963,0.8212846252816856,-0.6216301346439759,1.6271194498263095,0.18379079062089984,-0.34088432218835174,-1.0944008292657077,-1.0352101590955831,-0.397027534123819,0.3232935558431099,0.37472622347928497,2.5930468493160066,3,West,A
-0.36263500006403027,0.18557200619168468,0.8734966388400496,1.3051886904023744,1.99914196203964,0.5527693724985138,-0.938576583673933,0.7875631800504279,-0.030047080910466966,0.48599929625443816,0.3143568636949115,-1.9678752675999542,2,East,A
1.1031633316250926,1.78747520119578,0.4381900159962706,-1.4509099794796405,-1.1897444381230458,-0.19543936364108988,-0.7052246469909454,-0.4289569156460484,0.9975529374251559,1.0291576848357349,-1.7127974224660656,-1.3590741308953203,0,South,C
0.5690237917449751,-1.6860829512597142,-1.072118422203242,-0.5387752782953521,0.028991458305231286,2.330495428244738,0.12608441818985977,1.1804586698101038,0.14571875748273116,0.6412735925943113,-1.1068970947278916,-0.42298254689102993,2,North,B
-0.019703691222808486,-1.4103467613162877,-0.7420831721673201,-1.7801962915870109,0.1250710206427783,-1.767383403331687,-0.7387811164807491,0.7531865267353297,-0.36963746295682787,-0.8039176963281082,0.892643778256039,0.1643738837673706,3,East,C
-0.47092216974701745,0.6366306563318921,0.5217312771641676,1.1774340851566132,-0.22448043256379763,-0.3181080667980731,0.16781872239557008,0.6798642451156738,-1.1148824535538058,0.6078772616852809,-0.43917430243134314,0.9487665438892104,3,North,C
0.7296386341502614,-1.5672422998024709,1.0730544999226652,-1.008612172789824,-1.2234293947159893,-1.4745176229097714,0.8482816147848768,0.8076249922630566,0.5758927897165562,-0.1536617444820393,0.2957129800975342,0.8712060484602582,0,North,C
-0.4073594415334707,-1.2683803556498363,-1.4396180694422738,-0.009791537381813226,-0.4135379652021941,0.4443890188072393,0.6777004692041405,0.2430258614067817,0.6995738408899917,0.628672400103753,-0.5926061991920843,0.1983674964674046,2,East,C
0.9818334907354646,-0.4483810564905977,0.37123422245792204,-0.8371234452945476,-0.6089917286508054,-1.1617271567683911,0.22871590632749453,-1.0799295509223625,0.3871326684402445,-0.6744244835233386,-0.6912949781573422,0.2524562803066645,0,West,A
0.30932546008663375,-0.37925696632666517,1.111265862083487,-0.636211859222104,-1.3761029168738987,-0.6069091814106855,0.45917264973418676,0.6997028477649054,1.286796987167684,1.3970968379169488,-0.147618736565667,-0.1363941903898529,0,North,B
0.788233429738479,0.08723246486707001,1.1968941248689229,-0.7235052397818544,-1.3133634058268724,-0.45707362798235246,0.49337732718097604,-0.11332867159129571,0.44596419361880324,0.05747599036147109,-0.0028931944173764585,0.7440071457302819,0,North,C
-0.22842911147228182,0.10268785021405023,0.8986185145612912,1.111610771501656,-0.744317778837486,-0.5100651043322623,1.507660026249723,0.6262996783045404,-0.7672484792262558,0.885609924161889,-0.7241896195584622,0.152181595485267,3,South,B
-1.9368317216898152,1.5313316806475759,-0.3296489724528658,2.0277808409303932,0.40587739963737635,-0.7246874206474544,0.6371923093406042,0.4997192233425606,-2.2365237356027157,-0.32710325614778046,1.2674113980372572,1.4267351987286996,3,West,B
-0.1381899275860849,-0.04990418982718762,-0.6529986772066246,-1.2619251104697238,-1.5928243362579209,-1.452245952052531,1.0035023744076048,1.4790426836791293,1.2008069195239635,0.30546281819537474,0.032526512117288874,-0.03474542647200821,0,North,B
0.6016668791841334,0.12331185040865458,0.49256896340327727,-1.0515089755612277,-0.46778338814015474,0.8980762753142837,1.3014684925247497,-0.7907762107991886,-1.2640107070897826,-1.8551471835324223,1.7003248028357842,0.4887467904691999,1,South,C
0.03813522162213656,1.1898578162005542,-0.34485693784584237,-0.6160478228699059,-0.9905485535628196,1.0052896265221818,1.4299094654955762,0.6393314534447564,-1.4212423843961697,-0.3500498274747213,0.20175625584734114,-0.14865369202995762,1,West,A
1.0901812589572029,-0.05601756070601184,2.5687653233324963,-0.05303397484785068,0.05272564359154284,-0.3107624453370834,0.6197984426715164,-0.18028574104028375,-1.4561294179449895,-2.225464779427819,1.8337045517373491,1.4651682539852593,1,East,C
0.0013867526378709746,-1.6290198589743243,-2.0838298236251243,-1.2849932743556494,-0.13568243753884326,1.0219627972854168,0.2106932603132339,-0.5178445555966409,0.8310492847733804,-0.8907207678741612,0.5927852061344993,0.5565503564635543,2,East,B
0.1371053477931214,-0.025443734908877684,0.738428276626681,-0.4685230632552056,-1.1037335006523097,-0.7021548569164383,0.4809430476047605,0.6568208732948271,0.3629196432591675,-0.003310330972740784,0.6309405162364145,1.0515249510727716,0,South,B
1.4397689300271306,0.040067558534631176,2.0071987550630013,0.12387810955420667,0.5463906821314167,-0.44315533302937654,0.6984489358620144,-0.8420916822049317,-1.7609925608400565,-2.762852415823025,0.7423520721528044,0.80503044768695,3,East,A
0.6888784883360952,0.22174031630563526,0.673968872595956,-1.2676403638291462,-1.2624706505269812,-0.8212108617683015,-0.13324607330103372,0.7806936985031024,0.6126855502058491,0.5863852081391413,-0.4621756248920824,0.021509239326565656,0,North,C
0.4310666462156528,1.240333757715756,0.5415940503491788,-1.1790564551578595,-2.0596433545145887,-0.0573448245088237,1.1362136584354938,2.346003944449744,-0.36837681159768393,0.07093915434447293,0.1900859882569404,0.7582276605180439,1,West,B
-0.7006392458751726,0.8051255626797088,-0.7059955610316251,0.8361892527949025,0.6607660985691773,0.19330892342656844,-0.4569214790660258,0.5299413664849522,0.4554784353936728,0.16193280554238187,-0.020763408811764555,-0.3474577081202362,2,North,A
0.4947041225333715,1.063228237787124,-0.10087298217366258,-1.4949600761404742,-1.654058612592804,0.17183898153206265,0.45885660478789386,-0.36962925386717577,0.5293490113345963,0.18155012696272163,-0.08992429698287534,0.11624878703450817,1,North,B
0.730218145879015,0.5536453214665052,1.3087209543909277,0.3476364289788435,-0.7802522780548033,-0.39238862464461227,2.258981515689304,-0.3434551190511894,-0.8091136471576459,-1.4394978468847905,0.26212379498990285,0.33876755298694394,1,East,A
-1.7808911825909086,0.4518088285187731,-0.9366676250895268,1.2992103057751905,-0.3700420493523492,0.5424740957915171,0.951570289196727,1.1472327098232262,0.14051768282199967,2.4944943770650108,-0.3522457557318547,-0.9823829597264911,2,North,A
-1.0522606900821503,0.12449910911508345,-0.10035933383661913,1.4125945172394205,0.37951328938515283,-1.4075915188185273,1.0824684985841122,-1.1599270492028555,-1.596188070760114,-0.6049997008233459,0.49395474332883677,0.6633794985444542,3,East,C
0.7195342848973358,1.2595403454483005,-0.2463572400190921,-0.5934354905278268,0.07501496192801119,-0.8207191097098542,-0.9338911497487429,-0.4513334404786708,0.6599053468966031,-1.1961362593976042,-0.5669225285803153,0.09410332283895333,0,West,B
-0.5126257114569366,0.09113512227491948,-1.663676790506928,0.2526116253160239,0.35733890450092937,1.90766021894721,-0.23365357883780638,-0.12852805433607709,-0.542864191373199,1.5416300858844894,-1.5109254599851132,-1.3212771047657963,2,West,C
-1.8781615347429905,0.3591672479154651,-1.438955537099085,1.0040634121910668,0.9144998732815457,-1.4528704024563306,-0.5675601281273794,0.6087084422154975,-1.6743386426262798,-0.2796306223377864,0.8920623176138367,0.9645014340241006,3,North,B
-0.6771382820996282,0.46414297709023916,-1.7951339791824188,-0.3039493624285221,0.48833238718691546,0.804564455698386,-1.0204411885258002,1.3424348673430146,1.839843491358345,-0.14566532676681934,0.6473795338062059,-0.2217697539798742,2,South,C
-0.2484808465233336,-1.0833790948772424,0.8393680370500117,0.24982849727146553,-0.6950143121669129,-1.046523069777268,0.6941100742941849,2.216338158745607,1.9323213866601974,0.7641973334404086,0.6477032432486917,0.3157217033171695,0,East,B
-0.9150150185728047,1.3080689149692382,0.10530494760593634,1.1769387347518454,1.2922726900391874,-0.6943716313706696,-0.43271235650310996,1.0027150704166305,-2.882746355988549,-1.2509483597119697,1.011473539839678,0.6618062994388221,3,East,C
-1.2149935717684126,1.2298459658686611,-1.2303511196172032,0.6986563924737814,1.8054686966427156,0.6834503489257181,-1.5915594555097987,0.2844769793112842,0.37402895542572784,0.42880994843538256,0.4998092313629959,-1.7321158178327187,2,North,A
0.5613903864868659,1.1888993164563253,0.44809203934372516,-1.4718801125559258,-1.525844886815493,0.0037638980561857703,-0.6034487264171519,0.047918782134943265,0.22509074878300633,1.3762936212439687,-0.8507094972662059,-0.24332799787140308,0,East,B
0.07559317772474204,1.349096506464579,0.20435443440277867,-1.3082022155428359,-1.6362419248182605,-0.28508304963759845,-0.502365020385916,0.23525505147378353,1.0040691423218884,1.0890121634593355,0.04965590026079051,0.3208896449092977,0,East,B
-0.5894227999838526,-0.4307744053292657,-0.30679110800696663,-0.49964806539121936,-1.12933432323951,-0.5592945682957149,-0.21906751349732048,-0.4611727605377842,0.8410195242260481,1.3321199752603372,0.21366508275578866,0.9425473606432851,3,South,A
0.4125143854386078,-0.044647376976160155,-0.524398111880933,0.031062112847043733,0.6505669975710471,1.7262287193952848,0.8069546514891565,1.814032423975257,-0.2579856398242175,-2.075851930878625,1.0078767603666183,0.18809659266763873,1,South,C
0.41826594113963494,-1.4615112691314254,-1.1706990396808126,-0.8607112717365202,1.0642648784384636,0.8347111955707385,-0.9953410253453047,-0.4315226598317899,1.1955092462153334,-1.143600602424259,0.5264023722769945,-0.2060646275948881,2,North,B
1.2672471820231634,0.11757192064021983,-0.19318027609915475,-1.5472422586580945,-0.7461013198664935,-1.0824625579033524,-0.3724177757937742,0.6331330295423642,-0.10516925789582632,-0.7117728498459643,-1.3847987175035175,0.0897372106134703,0,South,B
-0.04871627208715392,0.7846569421789001,-0.16766500561281872,-0.11043952139521536,-0.4695115493930199,-0.5961701769700646,-0.18364005290138893,1.0993791832993371,1.2260291153923797,0.09143108180066267,-0.1484533712608883,0.12220879014295835,0,North,C
0.555326724344576,-0.31643291844173155,-0.43901220985076655,-1.9144409857338411,-1.7122870402566415,-1.1142853528468937,-0.04531280252739391,0.006820898523154871,0.5492465823318525,0.20435280424036031,-0.46705834578244126,0.8828421910855748,0,West,A
-0.7652136918684477,0.5499275970320893,-1.5048366385118184,0.06919937558564608,0.7958624357493772,0.9514156165918704,-1.1193149355399612,0.14875794813293516,1.2019437054968547,0.36192466214601093,0.27884475882709375,-0.7395264374412908,2,North,C
0.5664268618370144,-0.08651755730997625,-0.7166197500656976,-1.9196975026479137,-1.1807951652230666,-0.5826723739083999,-1.3943060468035369,-2.0002604131636743,-0.13981170151517636,0.35487116675967695,-0.8065173288734325,1.2941880202898812,0,West,C
-1.359587479355837,0.08448416641807051,-1.5708643949439869,-0.17683890189054344,0.7951102190311135,-1.4345704672478212,-1.4271751583560763,0.7823437082126808,-1.3864038596295232,-0.8973203824391455,1.3286979056623747,1.4879856691127595,3,North,C
0.6135616886829117,-1.2593632706258582,-0.0688770991701487,-0.18459441458762582,0.7079792842720987,0.5217040899135006,-0.1875364700326239,-0.24596498027723507,-0.21843569490034742,-0.0023845802525345795,-0.807925170556985,-0.9147197685750548,3,East,B
1.1323483767353775,0.348968196150134,0.213529468507689,-1.1424132288244262,-0.6580125773505779,-0.8221205928642952,-0.4410888047088201,-0.8899071565476044,-0.10424802926961645,-1.118651315518736,-0.5980793682048772,0.9187207569358824,0,South,A
0.5279490988524549,-0.883608012888605,-0.14513526655576922,-0.9279039308518616,-0.857226723593857,-0.3931834227465587,-0.701420571039514,-0.6588721442127021,-0.512618352338595,0.4130149419801621,-0.892027468608302,1.4574666309206685,0,West,A
0.3591643756255853,-1.6523981287043439,-0.4399191010281771,0.35541586809954995,-0.13929180374608519,0.6471739160641732,0.9660660255770889,0.7900987674650841,-0.4467132282051507,0.29550472630865116,-1.284480386281171,0.1785234928788131,2,North,C
0.2605392735281672,0.008627491194899655,0.20195663099734537,-0.9961448838707061,-1.2019918770105176,-0.5265934215244057,-0.07399140250001301,0.17385798397608135,0.7783707450168545,1.185569126540678,-0.6011956188098507,-0.1840077250741572,0,South,B
0.3355121963117218,0.788266098924257,-0.5283800844372234,-1.3016966538981458,-1.3433306653943042,-0.6392893806153789,-0.0004794322779416319,-0.9502154059961999,0.20535099045882346,0.28860424409109064,-0.7547303827270813,0.2063723774582361,0,North,C
-0.3941228821482393,-0.2730769265132898,-0.5379733137395107,-0.45601530998227213,-0.9985390140101095,-0.49166798823072183,-0.37451837170909974,1.0975384719594679,0.4597692806009438,0.35581073371259286,0.3362824761161683,1.858168330339083,0,South,B
-0.8709369235729009,1.534684047445968,0.38754983912981644,1.0325657516058782,-0.80228062955034,-0.47226222737631524,0.9175514428783268,-0.6814484095657672,-0.753530827665075,0.08499676145124584,0.6481515305965246,1.2773480284742231,1,South,B
-1.6141414177775093,1.8704319722774445,-1.234210317859233,0.7037098522097359,1.2395007015142,0.25710696129860405,-1.1751731382694712,-0.001977695708399803,1.5267663941244538,0.4030669495202199,1.2878400837675716,-1.4884662046980845,2,North,B
-0.916293287257587,0.24172486239497176,-0.36054118810923685,1.0710174903124254,0.8540888380542927,0.9497311499886995,-0.041849727469011735,0.2082761414251627,-0.2548393625738215,1.180222664349705,-0.09952607476981351,-1.3190543631858012,2,West,B
0.2515073842482712,-1.2521976932595587,-0.5216913738669451,-0.07367183520725565,-0.3813782054188088,0.4802379793618272,0.9230394120265316,-1.1209067903462362,-0.47251755539014806,1.4810708645380006,-1.993966955631573,-1.2821097435085382,3,West,A
1.2317768322146958,-0.9598634622709084,1.485331202112617,0.2868127374573817,0.02055337672389047,-0.034991123805494004,-0.28770506721781475,0.17216513349933185,1.017291513701077,-0.9979313851977455,0.00018402249982852782,1.494529590882771,3,East,B
-0.365988950410921,1.3609881902402472,-0.9621923448369634,-1.3092583190593758,-1.6165682419120357,0.9516521319391941,1.5149340727873548,2.3645207824262733,-1.1560921483323743,0.1552901788147522,0.5330251569528786,-0.2064314561997604,1,South,B
-0.9082295216766426,1.2577376721064069,-0.24150263875405456,0.7821863933233952,2.10270847895385,0.09984873484625557,-1.7757281741530693,-2.834242900450002,1.0656511624005922,-0.2730259627734657,1.30446640290134,-1.6479140710018607,2,East,C
-1.0125791071728054,0.38332726244838083,-1.3684962720973501,-0.2870951731877862,0.05128700508812284,0.05812668149952455,-0.6060311424917468,1.543916487301132,-1.9003408053364375,0.6165241862782155,-0.014310357676963793,0.30239856758631556,3,East,C
-1.138415803545807,-0.1878506795853423,-0.4140433276909233,1.2847918165383032,-0.3346767880077606,-0.5044233185551934,1.6589049839131695,-0.1538604431612149,0.21032903973868458,1.1012641482773695,-0.24508704524547814,-0.5500623459948546,2,North,A
1.2823871732211174,0.5259497392448013,1.2478818347914291,-0.7917100667746633,0.1646259798004893,0.32023876898550224,0.28816291450160864,1.948757726907579,-1.4085095403253531,-1.562643583069179,0.2940827943870325,-0.4046493860905389,1,North,C
0.4645723529156524,0.45950836923501553,-2.053922509376093,-1.9028913511750882,-0.8821478479907294,-1.223687378015752,-0.920112174599522,0.8645551264509089,-0.35270000677303737,-0.513615763568197,-1.6059260543575817,0.5650585307422845,0,North,B
-0.7184246851519104,-0.9585026560911679,-1.0339530001161998,-0.494488728478749,-0.17333882103449266,-0.1821111304247168,0.769929094995648,-0.25198881849037313,1.6288891934739242,-0.48281976810147087,1.6615039405675456,0.02986143362895079,2,South,C
0.5511816673803914,-0.2976867188015483,0.5419796330811417,0.6132274067968816,0.7044575216990235,0.24168573606533209,-1.6394413265362446,0.9660896982845059,0.6269799513536035,0.8983921200130435,-1.4983340269281629,-0.07861108029697417,0,North,A
2.550252120856179,2.9134472791945734,0.9873764113096176,-0.9906044871999751,0.08371541562146613,0.5880495075592936,-1.8122435505775958,-0.43239356490333536,-0.3049555124274932,-0.5027909048254416,-3.2907259685390824,-1.62812191643941,0,North,C
0.7432639640558335,0.19588000011749804,0.5022589618906764,-0.9399256768516308,-0.19256216900515427,1.066678130891758,1.121696898597195,-0.15897198737908588,-1.39037180389638,-0.9480157268878068,0.5607829894654073,-0.8668778188134009,1,South,C
-2.684659336458494,0.7253718037220355,-1.2578906791920894,1.7612198926178029,0.5090874639031552,-2.230491263836475,0.4749329305122235,-2.095330096653651,-1.7545629146261355,0.2999187381841781,1.186609427532068,0.849394619735539,3,South,A
-1.0249569904589133,0.01989257943187993,-2.174225365330852,-0.010014315571957868,0.40538377971549405,0.13951740355006842,-0.7419659114751452,1.1716745889475193,1.3042716292318486,0.441222259277613,-0.06762803982368643,-0.31360835827032935,2,West,A
-1.2036790400034625,-0.8801440883886512,-1.1422477391303383,0.5065417917551885,1.255786597699312,-0.9586315493300887,-0.43638141619069687,0.37841907557128684,-0.3482945045618984,-0.02032171968793768,0.6369784050901188,-0.5332738183108234,3,North,B
-0.42710015108385335,1.5712840269909891,-1.0448672910090042,-0.26700392474063744,-1.144501005567505,1.4122725257748707,1.0438543222950667,-1.2414297000938377,-0.6905586047985477,0.22457921793303753,-0.02806064484266974,0.28191936442419335,1,North,C
0.1818606748747936,0.24778677791438922,2.046546218935703,0.7565796222914376,-0.8929761432942711,0.17555348617808708,0.9693291286298386,-0.6160852107555349,1.74560338619116,1.5524526041977342,0.06983093433239736,-0.6281869642968387,0,North,B
-0.7707244425692046,0.2736126075881939,0.8103569937736659,1.456195878329438,0.24883077160546882,-0.6272398925078838,-1.0248107915218043,-0.3498473850264709,1.2830059491139272,-0.1560183709603367,1.421602275319388,2.415642795839487,3,West,C
-1.7722404801422544,0.1026174680442731,-1.043134213279829,0.9274527788359277,1.9979519498694385,-1.739263067967136,-2.034705962611436,1.5129508074770806,-0.6878168842539956,-0.7645417811410173,1.7317592745982746,0.7591138104041856,3,North,C
-2.126902797693611,1.091445779583225,-2.2684437847196377,0.0970560788848664,0.6176093507889978,-1.5582515630782943,-0.06529477596580797,-0.33590428141090944,-3.9680254986034855,-1.2456012635004026,1.448460230065162,1.2080034476235695,3,West,B
-0.40473831157738066,0.588625360582798,0.6408800257865626,0.5835134703582981,2.7118126200915564,-0.7403493432840574,-2.171393776808621,-0.032581721800078366,2.5256096380840414,-1.7783194359372123,2.7124577626976447,-1.276401610088843,2,East,C
0.904120871427937,-0.1211196624629687,-0.3253386276123213,-1.072835598840353,0.530945923679876,2.1151506658650794,0.5833788575063676,-0.3754523626150507,-0.5769942203562406,-1.4462084728531006,0.6080159336388031,-1.2573663152433123,1,West,C
1.2286627068243274,-1.1348138678785813,0.11585465715071974,-1.472603276836068,-1.1393382811373098,-0.737986785056807,-0.4648419059097772,0.4153416632306079,-0.4088592198168677,0.3067192105259647,-1.628258362963787,0.9551538330532727,0,East,C
-0.4822992343574235,0.37275801748693554,0.3967781138515412,1.122470371928477,1.3134328973267984,-0.10699724609297338,-0.6058889740295546,-0.2580830026920327,0.3039196380569027,-0.3576378755738556,0.759806047687514,-0.4529013081228881,2,North,A
-0.12332265676308667,1.1951880736262335,0.3336086268477403,0.7218290421909183,-0.23710804123610205,-0.4623468124557031,0.9041712528263933,-0.21087552494699127,-0.46876936478005793,-1.0679118555159473,0.420947379846652,0.7421776527316682,1,East,B
2.3747707947475534,1.473157740710554,1.4614075785597547,-0.4659167899813011,0.3702559636808749,0.6667462310856661,-1.783214937885365,-2.0002702542829773,-0.517924431604947,-0.24158159973315355,-2.8628406577147354,-0.880605845629537,0,West,A
1.6087755655161096,1.1113908178009981,0.9276095786835552,-1.2577833822084274,-1.4389962790284974,0.5764888470866371,1.5933999949426958,1.7200447857186763,-1.3991966374256972,-1.1559841925854413,-0.6960646928147596,-0.07356777498313008,1,South,B
0.5502573455584038,-0.30517167865951883,0.5770587643081996,-0.4714958104777569,-0.8379993959219673,-0.8980410518187093,0.5497452673252469,0.15704417708706953,0.5396069682340549,-0.13021068528741161,-0.2642797819860186,0.3541135182609634,0,East,B
1.2493452514055958,0.44982790977861487,2.335500720499438,0.16864626941527253,-0.22240545478978896,-0.3866579131527947,0.16175726286559924,0.6691161245064541,2.4147136778337814,0.37187743404467105,-0.4388542325196582,-1.4117701094382975,0,East,C
-0.38802880065929835,-0.9607925221354136,-0.2748737818361914,-0.36842370419701426,-0.6512194631001134,-1.263335653171453,0.06530493886966417,-0.5527268446621043,1.4896838168638937,0.27751838367094556,0.574385805323738,0.8253083973508609,0,North,B
0.3782889330821067,-1.222073268147795,-0.5253161444330626,-0.43610582410380794,0.753421834224157,1.032305604495436,-0.5848454453095865,0.5189171926994709,1.3903527624620569,-0.26453446781264145,0.20854500718026778,-0.6467601290833482,2,West,A
-0.6090491621509129,0.06779579168216095,0.29974600931789636,0.7038316313371277,0.8683673593534612,-1.4336778626215536,-0.6898811741829015,0.8791560607280551,-0.7639115333341767,-1.0203126038021568,1.15420253631432,1.1021443626733802,3,East,A
1.5314460152722535,1.1800410673193045,1.005529386960657,-1.4192216468144676,-2.083843391312897,-1.115664105715453,1.4139590962151039,-1.1031382906581253,0.4295277789973443,-1.2677037237321283,-0.49723387293047344,0.7128911569116302,1,East,A
-1.0185531018541842,0.7016484855471006,0.2587757706031078,0.9908682350151566,1.239757026425727,-1.762221515720819,-0.7370977795375714,-1.9162786858481253,-1.5642876045611798,-1.546760959564632,1.7623876121811173,1.2222827451805824,3,East,B
-1.3485647836140375,2.521435258076704,0.41566770118171936,0.762326892773674,-2.192213756523442,-0.9126786939762851,0.38456778731277597,-1.1432226628842799,-0.27812543518279315,2.7436710954975165,-0.6387888950470884,1.0609346114545002,1,East,A
0.7317407828780965,-1.2043270919257463,-0.8376020060108862,-0.4537120928167737,1.5611989501879753,2.1746813287974223,-1.3794134775423126,-0.37190678088628376,0.4129802948953999,0.08364104554999768,-0.8567061977299194,-1.62362910533883,2,South,B
-1.869948278772943,1.6771724958542236,-0.41308573112513386,0.1349954929910251,-1.1924609435400995,0.8575616911983451,0.48987505870635434,-0.42646379587760186,-1.8072652541946403,2.8028847622884996,0.5187164835084822,-0.41956611969314433,1,West,A
-0.20989325905838352,-1.3601741833218381,0.44980330507656197,0.13547028706330402,-0.5348388101819694,-1.0589403625759986,0.4819553213548644,1.441674461083793,1.3681282693570824,0.7315415431305592,0.23429345060553747,0.37474822353850784,0,North,A
-1.2502761031262726,0.9928995350943602,0.5216551915523462,2.997822914466088,0.2101551043761556,-0.012801616556904092,0.7715150533951383,0.41732195662191257,-0.6897311323197548,0.7907198347035634,-0.31086593740989904,1.2559687093547514,3,North,B
-0.4500585773221411,0.13174712550079298,-0.6079087229586548,-0.28266456357691944,1.8870706341080399,0.02509525676281342,-1.6117220795006366,-1.0103277334261642,2.206528495531686,-1.2983555424487572,2.1437532951846077,-1.225071589099023,2,South,A
1.8010798607644105,-0.023277055562511483,1.0732556281226076,-1.5772615327145105,-0.10152905595810814,0.41285723395074786,-0.061854480522497486,1.4339162390119702,0.10992031125875164,-1.3651955896755674,-0.01611354024961636,-0.774555408382919,1,West,C
-0.08568594313255416,-0.4416946179617328,0.8349084250282933,1.035085162607031,0.828754601100061,0.556790146834358,0.08838657550187985,-0.8935848714157008,0.32999655006319367,0.518919882842266,0.07404435398074918,-0.8960904059519705,2,East,B
-0.9653965637294545,0.5096799581325263,-0.48381270065551424,1.8379968691276993,0.3093406550174696,0.8438881139200993,-0.4371539353764564,-0.10946140154908866,-0.18051892411106132,0.8122860842204919,-0.40275163236967965,1.3636022933347984,3,South,B
-0.05287953099833874,-0.22590454003783003,-0.8053260178193303,-1.417964572683374,-1.182863797960712,-1.5024558077487364,-0.058883516453273,0.26725138262074033,0.5177759391955494,-0.8342187456164187,0.7479938381128879,1.6873952014465388,0,West,B
-1.0067369714809584,1.2068569730812044,-0.6880118614855352,0.954740309313883,1.457989586097726,1.0791535610428271,-0.8855715345976385,-0.9272343137068495,0.44799850725840334,1.1640244486868627,-0.0862453549036884,-2.3996700816882677,2,East,C
-0.39718005791793515,-1.7380085710359074,-0.5779736653351516,-0.32229353433865865,-0.8608367419557408,-1.7075083958689796,0.9941338107959223,0.19553265728223146,0.9489092405180996,0.3688671872287765,-0.0189791995358675,0.5714346722611253,0,South,B
-0.022247353338480425,1.356279590372987,-0.26695163676240824,0.31191350287458064,-0.9300017678566163,1.0305515707311175,1.0741895063303795,-0.21231760347199774,-0.4551276556741812,-0.4544745606203397,-0.009319735302753955,0.9934310573965289,1,West,A
1.2721055889904114,0.794919111228694,-0.8873036530323593,-1.6352796943367285,-0.38240535353598687,-0.07351313652662218,-2.202762094605153,1.7859135186845234,-0.873397106834238,-0.15234052341945195,-2.2864004293879683,0.6933525402102906,0,North,A
-1.5220215466837639,-0.5003308930963362,-3.017689470206169,-0.5071369206648065,-0.7677797438020624,0.5364291412388387,1.0889125983864547,-0.46643031230864795,0.6199686693792531,0.7217473262638913,0.3010108438401154,-0.07607878795476172,2,North,A
-0.08360636657525353,-0.21955557407701046,-0.45067123398283676,0.46142000676361355,1.669868570087436,0.639571179508474,-1.5507801774926198,-0.17901924131978916,0.9983676505561762,0.16152367305853657,-0.24298448896774924,-1.306900674410873,2,West,B
-0.36060348057391733,-0.3252687583325335,0.2300040225683896,-0.48981438059445337,-1.337624535081999,-0.1944974169327245,0.02773139532882552,-0.11018483281930098,0.5828341227495871,1.1941923492062527,0.45400002198634637,1.2382621689834041,0,North,A
-1.293089587682015,0.11591653486525624,-1.7491132824884421,0.22089677571071537,-0.00988730188688658,0.378060574856561,0.3379325985285003,0.9848577771954627,0.9470317984095549,0.8077315794809266,0.35135240482792596,-0.6223859664781063,2,West,B
-1.2232227883274949,1.0958222538221791,-0.5130743747416616,1.253876513277355,0.16433823075942694,-0.5185145451432454,-0.32785679720819405,0.81881643208545,-1.7634028333918272,-0.47162770232694295,0.6848516390172593,2.205109063235507,3,East,A
0.0741982595085277,-0.6553049503593865,0.15468055071241232,0.02058247237459357,0.15140187062070815,-0.7492577020501455,0.652958415182402,1.8680364188199263,-1.121550915377672,-0.3159917318867756,-0.20336476739933912,-0.28104922165414303,3,West,C
0.5880507126487868,0.1529704359344748,1.6564875116105124,0.3309379362768275,-0.8840035808627782,-0.2209433582015505,0.852106107375235,-0.4980748595737133,2.0230253647972996,1.5145908133087245,-0.8598456896068882,-1.3038057927376479,0,East,C
-1.7777646770671063,-0.04640835412146514,-1.9413194943042458,1.6943129320656922,1.4718378739658244,0.06291158457971877,-2.649543083474887,-1.2882464413932355,0.41020794680002287,0.996915306514268,-0.22940816395617455,1.6133088009849723,3,South,C
-0.3401766424452124,0.05046889210297825,-0.7496741730816926,0.0871553707582066,2.1571573593021234,0.8518949593223343,-1.6637128628158113,2.054492604783049,1.0844614510030883,-0.23237216251650367,0.6557956634006702,-2.166356926149026,2,West,C
0.0917806711325524,-1.0020376266118778,-0.9987610904732589,-0.5581478513057971,0.5384458190686087,-0.5119646842038862,-0.46893368363078225,-0.044261958587469855,2.3980207593184377,-1.859368474566379,1.38722118760968,0.7842348785662195,2,South,B
-0.7300023497214969,0.905149702899536,1.1578013366630187,1.4285113336212503,-0.08993410091658352,-0.33008104032320507,0.06910897268284683,-0.431216658408854,-0.2773262777320063,0.449203676370456,0.78572624024401,1.1077145569712474,3,North,A
1.3582575698729307,-0.07619827600154928,1.6584502370267695,-0.0293626419208081,0.3122543512214069,-0.7072179849193242,0.8295915473405904,0.7031783013743281,-2.167775092876571,-2.483721672754478,0.2700771004153231,0.782146409726171,3,East,C
-0.44910941037806207,-1.487347757962754,-1.694544375965748,-1.0075212678587724,1.0386358248148155,-0.6410501773159056,-0.8425716668608081,1.8241544882077243,-0.8681531510476147,-0.015843983308516735,-0.13047163050509608,-1.1550885968016402,3,West,B
-2.158308483244833,-0.2679155594119595,-1.916631354052755,0.9374815297034284,0.47384498322481877,-1.066386718992068,-0.2231778764639327,0.1456184948154597,-0.7189235267425498,1.2124784792327266,0.2023089038340476,0.12729800683002312,3,South,C
-0.2482166789996601,-1.0729840410976197,1.9960295230098404,0.8996785096527752,-0.992831465896722,-0.39583919610312607,1.815059626865063,0.4053877016841015,2.367015295626844,2.095594016907165,0.4065320478314771,-1.06646804333322,0,East,C
1.3261256794337977,-0.11519560111412014,1.6822724495390418,1.1316236206556054,0.5513996047971829,0.06527222388698353,0.019680819809809676,0.14940815461263068,1.029788431890356,-0.1173228791147584,-1.578539554002842,-0.677267006398761,0,East,B
-0.15569306984022607,0.9563763998799207,1.2030657785953216,0.18074136967495408,-1.0295025806815243,-0.45700019077464915,0.5104238283208479,-1.9761712128145856,-0.3682936111289088,0.30105441683628525,0.6788902253570179,1.0250403987909869,1,North,B
0.4688544520053909,-1.2155665316521826,0.22543066735826536,0.6805341613017667,1.2072240770473819,1.371157314989935,-0.21142114120624553,0.1805126068489928,-0.9862033391342229,0.22649578660298547,-0.9396111238475018,-0.8433616348203773,2,North,A
1.1502992322477048,0.34114219343119034,0.9097088199398158,-0.47417667154762994,-0.27495938928672603,0.22619399012546196,0.4701325292348125,-0.2941483365754408,0.024559739344764558,-1.7056079933523738,0.4264316081907227,0.64928907612936,1,East,A
0.1631068002038644,-0.7399215586683997,0.007510904867820831,0.1462174223406507,0.43239331896208605,-0.1946843441685818,-0.3923746959424807,0.8752042042314573,-0.1789862310200298,-0.2863122352698357,-0.1610731311699285,0.39125820827058755,3,East,C
0.18693002860886573,-1.8144507973082464,-2.140798976663427,-1.4946702862105228,-1.0089403000912702,1.3112115521940348,0.6202990511088965,0.4171842248324301,2.0429763119584385,-0.5039760837113888,0.4011740118004582,1.0622335915538115,2,West,C
0.09203339362413575,-0.43476135852463205,-0.9277400888693598,-0.4694194167234493,1.1540673640516077,0.16250026069814263,-1.3654029114628745,-0.38035512265576404,2.3762573270707232,-1.4014668412127997,1.172510785909715,-0.06450788842071219,2,East,A
-0.45564044096721423,1.2101341053772658,-1.4863229017517328,-0.9341978488922554,-0.46440568454776243,0.014388734503471235,-1.9785619447399871,1.1364718069348687,-0.2128105711278141,0.686421412915577,-0.5323739598293411,1.0409034979419431,0,West,A
-0.34783897267411884,-0.46271477441157544,-1.07560467378493,0.0376996664436156,0.7953972131862304,0.6012963250910277,-0.5137570742502474,0.5912187766758807,1.1006843945393152,-0.024660735681424243,0.19842634597876138,-0.7053888398717776,2,East,B
1.0840128054626728,0.3643502587892875,1.7738197815776557,-0.007998680523786252,-0.5542799883685636,0.4571476604688991,-0.3309045319745386,2.6869071626755403,0.37413518214309593,0.44046395859530396,-0.6092649616179592,0.36262732089834215,0,North,A
-1.546243844754503,-0.5099322095963684,-0.9414805838949104,0.33648539669152877,1.7612647915406217,-1.9269857183483117,-1.1201606075638413,-0.8740423646780892,-0.6708154748702895,-0.5617470019362656,1.6355930218787806,-0.493303176999218,3,West,A
0.8285541186671261,0.8394995768921448,-0.05087640520036134,-1.9637114115123107,-1.6130012261883382,-0.37714573869303086,-0.7654616565720762,-0.9641618418732382,-0.19328135347648,0.2733793355813279,-0.7005838056572262,0.8761454557731274,0,South,C
0.6218835390575357,-0.1450836912213142,1.0520596526335282,-0.6065273166264707,-0.9890670297399164,-1.193898750220612,1.0775283741976205,-0.8036005132479728,0.9556573434732915,-0.81006751880457,0.6722318980021423,0.4143834493803637,0,North,A
0.8004869663286069,0.7831320882194698,0.02281714687725362,-0.96484738714088,-0.4384175102745212,1.4142999028215029,0.5709285395772105,-0.9617780704413085,-1.1281016692250532,-1.1541855463311295,0.3088373364767488,0.09959616104056858,1,West,C
1.2708158745720846,-0.057988784410066364,-0.23515505964877428,-1.4688892285176804,-0.5018304572871708,-0.35605150288258564,-1.6408813133772147,-1.0373067601152965,0.00033234459155507537,1.0702635407589414,-2.6497790402750896,-0.5929160828717436,0,West,A
0.6214657131670668,0.1958644308091195,0.35364634162732067,-1.5584519586374745,0.04950785796365969,1.6044635190198357,-0.38656980427273113,0.8437481790213549,-1.0811493267686414,-0.9430338707853542,1.496117083187629,-0.09495883528405602,1,South,B
0.5787021022882509,-0.9619563984634404,0.43025046018431073,-0.613388848372156,-0.9660028045636383,-1.0136303167354532,0.4939373285772889,-1.0566949482754207,0.3928686787915513,-1.1090362722133056,0.5581457903775414,2.047783897064921,3,West,A
0.6348987337200476,0.8365159099704822,0.12451285011683362,-1.3308803334529737,-1.2636663606449985,-0.4240979247326295,-0.3271672592271072,-1.3542204963920237,0.4389411749357828,0.7778298658592996,-0.9904019552877948,-0.3100488988200599,0,East,A
0.23945586643700126,-2.654848472900394,-1.0068845787168823,-0.8862133990257725,-0.5178605429354032,0.7788615503873367,0.9369687657926148,0.95778045853879,0.977085749813771,-0.4510741603262501,0.5671582812440067,0.936631652611361,2,South,A
-0.3026180962064303,-0.6649327723939408,-0.5495152848590995,-0.18779487757521388,0.5261697941774841,-1.7068139238506723,0.6385097883284067,2.774588125712669,-2.4985269315398337,-0.2912363438280508,-0.6792788317754777,-1.0636204780863574,3,North,C
-0.5736856717255047,0.9177513418537614,-0.3446470348714174,0.547398578299042,0.7380068726265856,1.1704167802637426,-0.7545324277038038,0.8033257597350788,-0.6024018744529717,-0.10632161287776057,0.6924151958376814,0.18545643053902477,1,North,B
1.109394575508924,0.1881473652359611,0.49000579137164196,-0.9923702405918277,-0.5571111233360577,-0.2718812478146706,-0.9875197755978528,1.7386584582873241,-0.41666059112682396,-0.4205202280162133,-0.7962228890106058,1.068046803225842,0,East,A
-0.6870478235680193,0.7876686847150352,-0.08369639227494917,0.8138879829332144,1.4878580647759017,0.535892943648844,-1.0804597800573208,-0.5059210142378051,0.6670440088338232,-0.30728163668881997,1.1763454037333747,-0.746601722920707,2,North,C
-1.3190052529129486,-0.610061785240756,-1.0014393156042019,-0.8252164688077769,-0.15783504548914584,-1.3793705727596448,-0.6235717432761303,-0.08891050885640575,-0.18193210166000331,1.436660641129749,0.6422426771448928,-0.5672397609574712,3,West,B
-1.7737765062102953,0.9443783772748937,-0.8761300954200762,1.174988400217977,0.7228367866848104,0.806494307984564,-0.0655182796580581,-1.5323564356924981,0.3785338600981873,2.224899075694329,0.10069440878323109,-2.2091306850020973,2,West,C
-1.0750863147588432,1.095148201555363,1.0756838169955314,1.6285003693651017,2.374134826524148,-0.11509499034487605,-0.9880838664917885,0.5403824055998087,0.3264491896876186,0.09669164105751482,1.6900164448141817,-2.251604859505943,2,East,C
0.7742825799257967,-0.6378040372118701,0.8639737566175294,-1.208079413064682,-0.99451493557082,-0.8700786620698286,-0.5028478112729459,-0.194682187315264,0.37389358534063766,0.31728564189379893,-0.1601264587082439,0.8164024374598842,0,North,B
2.2630450543557705,-0.08305869531327316,0.25421815319160007,-1.8505813630999841,0.23601083628543162,1.2995693387750158,0.4663647940570571,-0.7125243185839741,0.032955929534398645,-2.5455833520011693,-0.21655974122968583,-1.2057865535788863,1,North,A
-2.453380099658093,1.3266015431544462,-0.2611215468246889,3.4997649877643013,1.7817168312427465,-0.3187532934232473,-1.4184363331454475,0.06519734300061923,-0.3117972943987956,1.0459138192867727,0.7275878676312245,1.119114840309275,3,East,C
0.10524912002306969,-1.1853439273018698,0.20745095522806584,0.22678131850505873,0.5295489774696801,0.4904566976595934,0.16565848656985696,-1.6694362001244964,0.7288578845721156,-0.09221567933454276,0.42775036999417637,-0.32725944196304896,2,South,C
2.139201086540925,-0.20514698283005464,0.8474124149375526,-0.9905791263490374,-0.15444586804256497,-0.15179877358512153,-1.1897620583408504,-0.5267415237081848,-0.5148266345414881,-0.3098225390964852,-2.554756239188827,0.004259652050676283,0,North,A
-0.7958588035523458,0.2999546206717092,-0.16878066004751294,-0.4406154786226683,0.9834054162030378,1.6624956548676566,-1.15636066479172,-0.02000336625545187,-1.2043393136576668,0.5159100379270807,1.7189136634425042,-0.8111348569698232,1,South,A
0.4520638148176698,1.2149947009567337,-1.6062465418024097,-1.798695075360284,-0.8019925562619183,-0.7061655494589598,-1.6317761942365605,1.8578327188845787,0.6167180796534509,-0.23204727782781337,-1.1530963933956269,0.5338456074902264,0,North,B
-1.668795528092438,-0.32347272223272955,-1.3625106450028632,1.005556314572489,0.6447187813817717,-0.6012065045183598,-0.2090737454991943,0.5740592993993595,-0.6184817217188474,1.3040774838522688,-0.17790764358097802,-0.42226088812552853,3,North,B
0.01987520380527036,-0.5447997565184737,0.10704134260049626,0.206420727112387,-0.18620398434012927,-0.7320441255424359,-0.06839820047627869,-0.32508219791563703,1.2352947097793838,0.700629392344824,-0.6274762132231044,-0.18864211354070626,0,North,B
0.9690160623915436,-0.324871730204921,-1.1773751828928691,-0.8098480006949405,0.6628647235756904,-1.3782183171078148,-1.5292445525454068,-1.0099831836100528,-0.446917394154497,-2.088506586607832,-1.1963515127474649,1.2028132691988829,0,North,A
-0.3861407319557566,-0.12714525920371014,0.6961454317766138,0.4376580520069567,0.8349968691808749,-1.073093652747722,-0.1315152583174946,-0.2557107886428132,-0.8974100094073117,-0.27876147357898035,0.7544511259430186,-0.49650893085151837,3,West,C
-1.1140074385283019,-0.28141863822892516,-0.30815811058397713,0.9546327067162591,-0.048221967701511805,-0.47912662296583997,0.12285701879392527,0.0028478735847031794,0.2651704476171184,1.4874446515083681,-0.15624525189890798,-0.03906369366465085,3,South,C
2.062377172869472,0.5690731169106903,0.764611301185477,-1.2423971349692042,-0.17557995444327718,-0.21072849111236497,-1.6108204172901748,-2.020803963894589,0.11209688785391729,-0.891421274248582,-1.7790967672929252,0.3588683115034778,0,South,B
-0.9658559147214294,-0.6799037435876447,-0.5202770791686715,0.7862764854555084,-0.0653552607034839,0.9204127413153255,0.9421195074416492,0.2153631398543742,0.0694236690898057,2.1072138319537306,-0.5462032824299664,-1.382931039263346,2,North,A
-1.328540670929221,2.153879222338938,0.19790234715149957,1.6206683258768722,-1.5038801030196491,-0.799667641702888,1.2882911613366168,0.2748301814998005,-0.35576357181858725,0.5254900143521618,0.41114049620857746,2.167664367904136,1,North,C
1.8538515845805446,-0.22967284219068373,2.4014114667490594,-0.3336401292526805,-0.36649323621797447,-1.0927537394896052,0.8788248038531947,-0.598975228876114,0.7528523044716028,-1.1106311691935087,-0.4669627293659361,-0.5704845600543339,0,South,B
-0.017516933939625234,0.6020447241082123,0.5536254919093958,1.1068647732983499,-0.7198327766136364,0.5970508587081725,0.6349272444370099,1.7008712174329648,-0.800633904200188,0.3334214603328571,-0.6040645821276424,1.555939715331519,3,West,C
0.5575733209374514,0.4815296997489715,-0.11532672639292164,-1.5054051879353059,-0.5798167636346401,1.1361833751867778,0.4732682513973109,-0.9718615319527927,-0.5529376650071298,-0.39553876211967065,0.4916839375054059,-0.7709575306539895,1,East,C
0.7540465069814389,-0.5471091752621224,1.6383163007860535,0.6806823510288132,-0.17368222348607332,0.3163143879421918,-0.2580829196567417,-0.06207294733747814,-0.21189431935109984,0.6220863486932278,-0.7906823018679886,0.8496472729818292,0,East,A
1.0497256500791108,-1.2651523942815726,0.6468934034698324,-1.1240377843988871,-0.6190964581942099,-1.2868189591677623,-0.5156190584742504,-0.20551984304586987,0.7712417401646583,0.11325960843797245,-0.8051845332141966,0.367794763198018,0,South,A
0.12192430062590828,0.8524102286804284,0.12939090692536778,-0.31079963878209804,-0.7509314441906924,0.03753572910376859,-0.5013753599715796,-0.8984721198929164,0.15314422931406624,0.6179749029408906,-0.4684145591413552,0.5522099279663542,0,North,C
-0.32324804450724476,-0.47493983813092866,-0.7084474543942534,0.43485327604473717,1.22756862178063,1.394810648679075,-0.27493305214302943,-0.652738728146687,-0.6883793275555713,0.8699222232745232,-0.6798107070043814,-1.9214162443831129,2,North,B
1.5965882368318358,1.5565713032859119,0.42411745099269643,-1.74741418698594,-2.3840851296875023,-0.7585358106453515,1.962116512401219,0.15474656775368295,-0.11474631035289601,-1.269450538110073,-1.0113140506022862,0.201782169949228,1,West,A
-1.2770403344728378,0.5634292753785693,-0.6495077274243237,0.6360863217945324,0.7764501947504424,-0.1188723184526704,-0.18617959715866417,1.0577932992499315,1.6735711004603335,0.4833099945491573,1.2348575184051598,-1.3059123235513383,2,East,C
0.7374560299830001,-0.04105252510908526,0.817396205654835,-0.06577033584016931,-0.22879987730721418,-0.28875315513896566,-0.593874234309117,-0.49989726862823425,1.374522872596486,0.10439688901055987,-0.511649853719902,0.2996588466686619,0,West,A
-1.2082041463765083,-0.6955627705558545,-0.7276071083975586,-0.8950551137475811,0.06745478010998901,-2.0674034149896974,-0.36668856052159227,-0.022986041138761494,-0.5419347895798892,0.9625441746641326,0.792491301263427,-0.9622531464452772,3,East,A
0.2122340153205011,-1.5374168900685168,-0.5605474662676688,-1.3335932134025799,-0.7090872032123453,-1.3188997375200715,-1.0112517096735822,-2.6967477593209375,-0.19446067802310354,0.13712291896027257,-0.2729432478062311,1.6939865695895835,0,South,A
0.20393070440427505,0.07616509635490278,1.7670960404806366,1.3646146763198341,0.03033581187686397,-0.20361285690050535,1.164267271351725,0.5400519864521777,-0.23559031853697787,-0.1633846093056874,0.20069181001305625,0.1634246377646754,3,East,C
2.399735705027978,0.9170374688095067,1.085360306250145,-2.6542626912755183,-1.940595557128155,0.5977984493033758,1.5785317877562635,1.1562611262194005,-1.2833032578274424,-1.0072128740568844,-1.1278997393865844,-1.0163345111702058,1,West,B
0.7972204173302428,-1.3404877027505682,1.0497799661289517,0.717146689964919,0.5946203745578891,-0.37263961720350147,-0.6430431168048946,-0.08337983476563328,0.33245423972678056,-0.3241849500295727,-0.6785842651514218,0.9289652729113098,0,West,B
0.14685432590414102,0.5171988895583041,1.4109567095715245,-0.6190993562466429,-0.3430528231134692,0.276569295097711,-0.49049687844668793,0.4109717006703693,-1.0009164830636301,0.3516148267395956,1.0997688250106887,0.2790337175435962,1,West,B
0.6322128239364853,-0.977148439864455,0.696853930647592,-1.095833758087376,-1.2097563088309229,-0.9780647752370795,-0.06757940754691522,0.8811856669680723,1.0186677255006322,1.430977290463582,-0.9631044828313495,-0.2769571590630985,0,South,A
0.4963494884260383,-1.761875983384442,-0.04107984833444194,-0.35887436631194447,0.48934043626769286,0.9048517337603953,0.11254413701014977,-0.8409169030000698,1.382895855443189,-0.36266137519878866,0.4855302402834978,-0.4452550265461624,2,East,C
1.7673489346065168,-0.5345756203098277,1.4816272195917755,-0.7248425033471269,0.2334539975779535,0.9999595692231538,1.3175659002521234,-0.1793998414651304,-0.9462932712567932,-3.3347360150542453,1.5393184110116727,0.7311074632971262,1,East,A
0.22932901135215755,1.1153856210113513,-0.5500234829094662,-0.6620248278112258,-1.2368161910422217,0.9796740371811904,1.2070084149189744,-0.4714872941833973,-0.36723675744766215,0.0014055745173468495,-0.41117851735840594,-0.13017047013595198,1,West,B
0.132415839494901,1.2933698090613628,-0.2136574093490078,-0.23510707222937174,-1.1948662362549167,0.6233889648141154,0.9355659461608766,-0.1998784740491594,-0.16957757945118995,-0.4312730631472007,0.05534571107636658,0.9147190875713662,1,East,B
-0.39802101976435084,-0.3998149908426114,0.19304989842348025,0.2955230771146246,-0.6077474270397254,-0.39609065612677713,0.010527101878606745,0.6873678817247242,1.5846812908413195,1.0005392476605652,0.17582358976559773,0.5559755920776149,0,North,C
-0.8104981723398702,-0.07260109776155693,-0.8128743377479537,0.29284330239204365,0.2865037767893626,1.537454355074568,0.3631881742332468,0.16688570813353218,0.5380695478211266,1.0546811889889998,0.4073269646459829,-1.2292410133010905,2,North,A
-0.14778240496790776,-0.8778872412276774,0.7022901267544905,0.8095441799109141,1.5564688754598563,-0.17570861344183444,-0.4936855003663744,0.43763412504165383,0.7814801205826309,-0.13512579234061073,0.7027741277705384,-1.2014230342965253,2,North,B
-0.4617097472647509,-0.7777651117963748,-0.41694624099647215,0.2878157801229724,-0.01744515815515166,0.17858767075149473,1.4384728155161777,-1.6174131590862895,-1.0392369004254092,1.4915169875528187,-1.0992772298849596,-2.094852757355922,3,East,C
0.9351616573103843,0.983102462897134,0.3256990440599467,-0.1764584972722691,-0.608584109984535,0.42422846165762435,0.078753227072061,-0.36551868697775547,0.7324504415242977,-1.0028101665450508,-0.4007000465074671,0.914202255955917,1,South,A
-0.1321778893326474,0.3418794925578404,0.6584303472447914,1.2488535898025197,2.091025483276907,0.7454745348737856,-1.071187348690337,0.008192733456787206,-0.1273107739317152,0.5547450291838135,-0.3533668182330048,-2.3455222144422843,2,South,A
1.1899254805030415,-2.3497566922730435,-0.2726425536265076,-0.9658798071931198,-1.0920058372545862,0.20845391902289442,1.6765482106276997,0.17394874819416326,0.11891474331805219,1.2121975197280448,-2.542787950681279,-1.3835650073783858,3,South,B
-1.7364037853608827,1.3649359353124642,-0.35368800010264956,1.9367078683558587,1.4264971737581245,-0.811462968589703,-1.8589760565221174,-0.15332670446182878,-0.984344569119324,-0.9177545412227528,1.7954729319472824,2.5359628983531737,3,South,B
0.06734058373644843,-0.646980487676467,-0.3554855243989283,-0.2130972282805297,-0.599207398776613,0.20181363601073685,-0.2694643265887355,-0.43392839610809836,0.36213137476978974,0.4156150189932967,-0.36647808670275456,1.2061387189868191,3,North,A
0.6916784284588433,0.4180965773924833,-0.5119395941683237,-1.0191207481006592,0.7163269052824793,1.894910231148752,-0.004939432093410938,-2.0359484762790134,-1.1185326084279525,-1.4430419883861147,0.5416607583511456,-1.0458035451669132,1,North,A
0.16797119479968253,0.38599333121176366,-0.15282644055688388,0.5502537217246122,-0.954959410190299,1.8868139356268487,3.47775768134113,-0.8361862490959439,-1.5073983750841082,-0.9548476576961982,0.11726393157065322,-0.12047777891004666,1,West,B
0.29042397409018095,-0.09918525033606806,0.21506955907980718,0.6342926008420237,0.0681139241058963,1.120419584279518,-0.3933512282712839,0.12727449352468684,0.056819120376687335,-0.11334733660329237,-0.2651097868030279,1.275376874843458,3,East,A
-0.2351875354278195,0.06795662111049372,-1.2306143666833493,-0.024007096732970582,1.5582944476726688,2.9040898732109617,-1.055973833175455,0.1834754137772656,-0.13879631301934492,-0.6889079924924149,1.0055438052053405,-0.6172766540407529,1,East,B
1.0219404420758065,-0.31856873060910795,2.281017679029033,1.0046702158783436,0.19682114332172476,0.043902143121733274,0.21168245636470612,-0.08487628007234937,1.2123463703185207,0.5029104189965831,-0.7467426841786289,-0.6505311799852546,0,South,A
-1.6818424511001342,-0.4795866656013579,-1.9883934381135517,0.5684387898321714,0.6877078927263605,-1.266064064683325,0.2564191071739918,0.34134103965324586,-1.3151503060653644,-0.5355192639456359,0.772430940214025,0.5934117701995529,3,North,B
1.466302628337312,-0.319310677221429,1.7606079665801424,0.12348431020974314,-0.23104460484478948,0.7385664061336382,-0.6739938836712813,-0.07951925122488943,-0.08279191779932313,0.797019812059939,-1.6703483091471323,0.1699023703683088,0,South,C
0.15637579058248158,0.72296360171013,0.6992287808171611,-0.9902494118169027,-1.1808512121757528,-0.28933079196182204,0.5709754943702633,1.9029772920421937,-0.27255814932094913,0.016226230416706025,0.8244536157066537,0.2740344647991065,1,West,B
-1.6529711086389491,-0.6937740782393134,-1.1190980607450731,0.7979358373855262,0.6205132554118058,-1.6538513380631625,-0.12583395943611647,-0.5994178368699375,0.0017930495143224723,0.28712702294848486,0.8581878380484805,0.34333959132249764,3,East,B
0.814559816150355,-2.550337815541294,0.0891554631711172,-1.2111804238171469,-0.5040577838705925,-1.1736044538962969,-0.998384435511622,-0.07862799990767384,-0.5941927612998472,-0.3376227018509803,-0.39135473265635085,2.353751242983721,0,East,C
1.9108273813013037,-0.2120736833294651,-0.20949272132662608,-2.4761139119027686,-0.06205715434791258,2.54827424158609,0.834288834239104,0.12499598543879052,-1.384410891795446,-2.198415773643402,0.43163943584879527,-1.2232290972249964,1,South,A
-1.3193701983215385,0.5452862110747091,-0.9131569706112209,1.1591969855015694,-0.3987226677581584,-0.026225254320461296,0.9180628492179104,-0.5254349799671871,-1.258380673623659,-0.1476372766393071,0.6277530004980592,1.7999074237362498,3,West,C
1.0536266073098273,1.0595517460721202,-0.14858532109835443,-2.284963346649947,-1.575041424161159,0.011613462855620838,-1.6193468241124387,-0.9154101965676136,-0.3189168524694995,0.9957704456660318,-1.5065638546731484,0.49044476462705044,0,East,B
0.06887495123014624,-0.4293447944813355,1.7308817047381824,0.3708090936034872,-0.6497991429270742,-0.9225298491187233,0.9383378127983079,0.11337464778586513,1.9797519191575375,0.8191484628159741,0.6558199850147293,-0.5168370590416745,0,West,A
1.1385891870466585,0.274365142180186,1.1294493839198432,-0.9604196246870583,-0.6855023109615297,0.3542722639452973,0.4592962050861033,-1.1482016008270046,-0.3005585368982168,-2.073042832903819,1.3767095651592258,1.6166499795532385,1,West,C
-0.6392439444223044,0.0784308509687023,0.326625055740161,1.1701303814078028,1.5791454219637542,-0.1733433531134313,-0.508877554393738,-0.5498488128970144,0.576142912523499,0.07279107002874236,0.6609167458194342,-1.3727993813698394,2,South,A
-0.7557440280330652,-0.0794663219668898,-0.1057053211244082,0.9839658232742076,0.37926470891726954,-0.6805846365687117,0.3057692970873675,-0.2720087815409813,-0.980874911298604,0.3564100017043741,-0.12915962396281988,0.030606041163503343,3,North,A
-0.7937052546168872,-2.523315285582253,0.5471878318119288,0.7082292858280962,-0.3906092070319336,-1.3286606182193885,0.7219569375932663,0.7026075924745678,1.6827604535555998,0.7989145282434629,1.1755709531694667,1.2953196467562718,0,South,C
0.37490169628382497,1.3568717318736079,-0.014143003833176288,0.9587902966252422,-0.9026656827909879,-0.3620594963622642,2.1406242306957055,-2.6342512282776473,0.33101892021226037,-1.7617180188118342,-0.3726759860144393,1.098695618655612,1,North,A
0.9817545858961458,0.5889346262792327,1.049496743504672,-1.3303114710879373,-2.0095952538074617,0.48260825800881346,2.0386851356957543,0.33993122400490866,-1.0342817775114126,-0.4447729332607486,0.2678445237527602,0.36410507823909743,1,West,C
0.4743807768849787,0.5333168868688848,0.02326270066304344,-1.359871696747019,-1.5078403351038516,-0.7295660312026617,0.0323084756717861,-2.1184193955855526,0.7088322868896689,-0.07618450868644278,-0.007032617703424453,0.8742669812686115,0,North,B
-0.19794105300850198,1.076405865020795,-0.8948122248995524,0.15859175181082147,-0.05624507678771346,2.1356042010550937,-0.15167733971174407,0.9553345525226606,-0.412795959057223,0.10313892952411174,-0.10503895899621593,0.2830963571410002,3,West,A
-0.35986139144151297,0.9339979677658574,-0.3326710000904118,0.24091575944260163,-1.0572399094802443,1.034062438333216,2.4624004465258404,-0.21389657535347675,-1.2214436382838687,-0.3700784373042899,0.4284014773289336,0.052002823110993086,1,East,B
-0.8440291679070602,-0.1959658033723244,-0.5713997255187134,0.6231837352638203,0.3189944414434716,-0.10158563499634196,0.24934056374261437,0.6468013247920447,0.8780025538242964,0.11882998549295948,0.7316261862402668,-0.06838299046055377,2,East,B
1.3938642660529124,1.1539997628148508,1.4895154582830494,-0.4896366622513529,-1.292238461049228,-1.0732551655170348,1.833540710623251,1.2157079032634128,-0.7814327736347149,-0.9362148566558876,-1.0440240451095324,-0.4574232868093737,1,East,A
-0.6873529738491977,0.633735062105832,0.22264056546798178,1.2343456247237377,-0.4103378980541673,1.5376258885086003,1.7847184832692853,-0.7385332076871033,-1.4917167644876317,-0.341063407098958,1.0697033853467586,1.1407087023553317,1,South,C
0.29567485859676385,-0.11088485197309943,1.5172230529544848,-0.9579499035926874,-1.7220686702756351,-0.3685359924299639,0.03448254388856557,2.2611885773221325,0.7939970416329599,1.1368772101836961,0.7400507741487081,1.1168244857386995,0,South,A
-0.04123909282818185,-1.2353291479688546,-0.16937931095873632,0.323776773017969,0.17101431393590705,-1.0715065980406377,-0.17349875547139462,-0.287806296212343,1.5294870779921235,-0.2589232781598675,0.024651585549345455,0.698906632912165,0,West,B
-0.25421281858306055,-1.4928980863891252,-0.964110539571982,-0.9991806015393159,-1.1314587907271942,-1.2689618023279219,0.16856792266512005,0.21058394770071026,0.643566133630003,0.7361224252419581,-0.3652884950223299,0.8958313703409042,0,East,B
0.6934737858297014,0.6662512229153078,0.024319794444630807,0.10379272019083463,-0.17136999830939653,1.0689861150387103,1.0754743752148461,1.2381216391022676,-0.26901870249329846,-1.1470953170492746,-0.2724707630586506,-0.08245751734366465,1,South,C
1.840704917127513,-0.2572526309911102,1.6711542219334654,-0.5542785503433699,-0.06037029401166022,1.1043567036877746,1.7268747802054714,1.0926060759416851,-1.5354514614775956,-2.6996491784186936,0.7401373069944953,0.2671821501353688,1,East,A
0.6678550502412477,-0.6141181153917662,2.1006706244326723,0.8664646350747559,0.03965089119403299,-0.5935968885714904,0.5461679032340315,1.0782278733274218,0.9466153423997657,-0.08286683711795914,0.15045626650666025,0.10680111686647092,0,South,B
-0.8694043467939666,0.01724431336915785,-0.6215218504915309,0.6087745995225401,1.0561284047582369,-0.3527263953495298,-0.636487924104463,-0.5199862226544981,1.1994944690320415,-0.3342625648739015,1.0930803241459428,-0.3188020969025402,2,North,B
0.08451297681253625,1.3213936103837827,0.015698815400072397,-1.0347505335862823,-1.0769370341489322,0.5611286345510288,0.6817867182071756,2.0866933852556766,-1.1416573206043665,0.6989287828128739,-0.23451722752396803,-0.9309780167175038,1,North,B
-1.13977244619484,0.9770619130224653,-0.883996983053034,0.8991892742854951,1.7732238911334715,0.10537661028276421,-1.1510444409740423,-0.8017686962504572,-0.15715230168930575,0.20468880157713612,0.4070818030600195,-1.6001405593595655,1,East,C
1.8309554645249122,0.7825291416344288,1.648728710783131,-1.027908724821453,-0.6075771684220642,0.7549145949471089,-1.9588860133422663,-0.34482168427935794,0.327675560133685,1.027579098471408,-1.8572249433064116,0.02613775683706845,0,West,B
0.043859232673649044,-1.6261744129242226,2.721466019017526,1.9308984826526259,-0.43801585308841173,0.07881803929021688,1.7488394382939623,-0.7720072693021139,1.800452157628209,2.008614025629087,-0.039309119547065105,-0.5123756138005735,0,South,B
-2.083801504697819,1.3960963102791488,-0.18580682247018893,1.6031648094878452,0.8856658396362137,-1.970008248501295,-0.07886637327382848,0.3096501001425095,-2.2235558984462185,-1.0382152617880098,2.210984501052827,1.5381607341794998,3,South,A
0.14370500600605332,-1.0903506608519873,0.03201248412475815,-0.5776120677653376,-0.9703910457751479,-0.9199122223860136,0.2293718986944079,-1.8127164498355137,0.8511308983618361,0.9063810828143017,-0.5736284970236581,0.360431658956277,0,North,A
1.294153361791981,0.3866510555724451,0.16484702754754002,-1.1496215055907768,-0.27596700444605315,1.787679291295933,1.1065867881944953,0.5030864728800724,-1.1836475320965276,-1.8431498063361336,0.3560492711329075,-0.26055520477594507,1,North,B
-0.7712502106164695,0.06825454447184175,-0.5628403040147222,0.2381243764531216,1.4652483190301782,0.22481277831609564,-0.9022130110358335,-0.9719228027000566,1.3607616614258435,-0.31041527047444284,1.4636872933000102,-1.2812169876214974,2,West,B
0.8617561716202972,-0.6762077539766239,0.5961481309624399,0.06383543483614385,-0.1733187735684765,-0.030165036093201498,-0.1953046412918607,-0.6490676603902554,-0.6813121207898456,0.6298253371399661,-1.7888607940033563,0.035789519554825414,0,West,A
0.5559881682925127,0.18253805634404222,0.41879639804196056,0.596768316493174,0.5307763932641354,0.49449616516098005,-1.7578561921039273,0.7080028245113348,0.14506999110359584,0.6004607982473569,-1.4265856988950218,0.599653231125796,0,West,C
0.35711806911208605,-0.4680528543495444,-0.06846869094101045,0.3443854261677349,0.18164553002043432,-1.271855601878248,0.6279629251546308,1.5923745684208335,1.1633738383172407,-0.8041987251147203,-0.5753756543625269,-0.3505686262534286,0,East,C
-0.8566869769415922,0.06270701997934479,-0.3701741001754074,1.1417691902385294,0.7618635294806376,0.2503725962556961,0.19742776179915159,-0.693883290162691,-0.24315466966639104,0.9495963794566389,-0.336182805947216,-1.163231661377173,2,North,C
-1.8195104981813914,0.6482527920043077,-1.1334298217461436,0.5075691987219182,0.31189227067431086,-1.18360411591363,-0.22586280602963538,-0.5698056316733852,-1.5326594004410614,-0.4495001690423915,1.6934790095804364,1.34952316043007,3,East,C
0.7429887404354747,1.3114927048860987,0.6553627150746145,-1.6317313706510643,-1.4990082242959193,-0.07878095011492833,-0.008226156332009477,-1.353173464397874,-0.5363060445395859,-0.11515136154706977,0.16222915922606596,0.4801504477334526,1,North,C
-0.18851782522233776,-0.9436624854367243,-1.136103640506994,-0.10204002018837793,0.04408758968947046,1.5140826853656015,0.4268868598645573,-0.6128226471121812,-0.3396697456624521,0.6984950623593473,-0.5920331047098206,-0.4979593870405953,2,North,C
-0.5737341145681735,0.4947441799919341,0.3266582185544642,0.797815724482268,0.5432340637858991,0.09090656746566872,-0.3756620834105748,0.5558316081057296,-0.7322808155755762,-0.06177565994498349,0.7255980508754004,0.4754613815938866,3,South,C
-0.21014098531460648,0.3417001795837239,-1.391615570170302,-0.016882454226380992,1.6215855607298044,1.1170309003817134,-1.5578228931001716,0.06739395154560339,0.6098712201171205,-0.10268671275037179,-0.30264661116283387,-1.5806719140709617,2,North,C
-0.8350631135510709,-2.3503448869183843,0.9762701820863097,0.560401474661298,-0.688225316114917,-1.5086936402303524,1.2267337663704818,0.12686357879169533,2.2453262912989285,0.9679972204406367,1.6427842217066748,0.7703303517974055,0,North,A
0.6955326412539409,0.17271495934741043,1.2257896626811902,-0.6726833419684445,0.05299973086612494,0.6111506583129744,-0.3044092339494978,0.8101321515648704,-0.565357348829201,-0.5535470205293002,0.8938258033757018,0.011639997025551461,1,East,C
0.3609133327793305,-1.8850389057244679,-1.3265664811311673,-1.0861417101510151,0.6990450277359072,0.5649493882121724,-0.5714726024410693,0.01385778236190855,1.3983628288906378,-1.1811017431176558,0.6994063050253349,0.04771545043308898,2,North,C
-0.36046679379231955,-1.6043802618567884,-1.4880283943831272,-0.7400185149276374,1.047635378560861,-0.7866299920518126,-0.8761080316380684,0.11301709564565954,-0.35602328853478793,-0.42397034730141264,0.12086322017805776,-0.49000066300411377,3,East,C
1.043565438123326,-0.5312453712645367,-0.7266702039659902,-1.3749959718383375,-0.5568576216679794,-1.58368738341918,-0.10660704842419003,-0.9262560204901596,-0.05828181481725668,-1.3618643026664743,-1.1079900392039281,0.6583672353276816,0,West,B
-0.4678401491011308,-0.4510481722594783,-0.3459638632360314,-0.3167044151821721,-0.12728058512185428,-0.9251535877261396,0.45829239918253367,1.8974282091059809,-0.9681252162138531,0.004798539407734885,0.33735666987904617,-0.07962140141450282,3,North,A
1.1418524765851403,-0.7617882909441445,1.6663254442711002,0.5248621629755998,-0.006412641751305811,-0.3711666962983147,0.29138002146580955,1.2812586992527066,1.0066146183621927,-0.13888415464923812,-0.7864505917640332,-0.0009106065924088069,0,North,A
0.6374922270744301,1.8689408379897319,0.3722404466481677,-0.8758016686800204,-2.701611786560219,-0.7377196471881438,1.5914387756614294,0.7870436178501152,0.33023090882139733,0.49617495367015957,-1.2397513696776892,0.5601999126820097,1,East,A
-0.5588294222450807,-1.7297622136906152,1.0219682916702042,0.02632832203071356,-1.2767691841881514,-1.3197770052856088,1.4092571062374375,1.4436204886212578,1.7262705768871704,1.3810495485449577,1.0361456389642363,0.3613140405622454,0,West,C
0.6587283987328949,-1.3122251756643637,1.1697730439066945,-0.06568636887586761,-0.6736123365169661,-1.194255830434419,0.8315949546049164,1.239977322594109,1.2622857346459515,-0.1640020262905446,0.009804520336967753,0.5359744285424549,0,South,C
-0.9722307526230132,0.49036989862109687,-1.279875747810332,0.1912937593839825,0.9739994003071152,1.2694444649558398,-0.6470675176706908,1.9406493936125397,0.25461017146646736,0.4754859427603352,0.6269177164636186,-1.2231149590591026,2,West,B
0.4556915167002177,1.6119689222000828,0.5888690348607312,-0.5233276650308388,-1.7170567629639004,-0.4252695625948235,0.8196039583120256,0.2097902763236551,-0.07849847582121876,0.4229701797012467,-0.7746464273331751,0.30968731259391735,1,East,A
-0.41588556004897215,-0.5292981674239476,-1.1311822825085665,-1.4898224069452215,-1.4174033435382665,-1.3585402846092396,-0.3277978697466289,-0.08413098985002428,1.0106345008675302,0.6805707330345544,0.13526235310853257,1.0302568442251439,0,West,C
-0.862565634773607,-1.539315214423522,-1.2948811491128167,0.7265822993706162,0.5654157854786603,-0.024331939975290446,-0.3059902082652014,0.4455360390135282,0.9805063557603636,1.7042030027608688,-1.0948552063475443,-0.8368672371985839,3,East,A
-1.5071049603892086,0.9554677923998435,-0.2949528907220902,2.0199770513372686,0.2629388963640321,-0.08651303247571908,-0.22859131936562668,-2.2009123989932062,-0.5792662785544768,0.35500354416121005,0.6038339548992816,1.880399797760165,3,East,B
0.4439968785246736,-1.4996889060020755,1.8501942502738804,0.4094304631351163,-0.8770775831893179,-0.35711117662723585,1.0355176888002031,-0.662751286359953,1.2925511028530972,1.0173403371267637,0.08513690312830391,0.39313097648614964,0,South,B
1.3112186674462252,0.8167500421089383,1.3943761665590904,0.40393558854535744,-0.8181344799274781,0.0037823340167721835,1.2837326298521392,-1.674993812143961,-0.20197071086530036,-1.2873558584522626,-0.7133438256637382,0.9197903376017913,1,North,B
0.1605430093583585,-0.663939655581039,-0.79359881789983,-1.188667147402539,-1.2713695391260702,-1.0420613376227919,0.14574278526925719,-1.453486899383529,0.10611197513359703,0.34163389337353417,-0.7192374194632987,0.8666962875021247,0,East,A
-0.3619868125871503,0.7456587788749012,-0.42200620246495435,-0.38742024429819427,-0.025023128242390898,2.2643128888105606,0.3192784183448396,0.2745732568406526,-1.929988836738524,-0.6699736346395678,1.5504681979688908,0.6683719588014472,1,East,C
-1.931015906414103,-0.8206983525596445,-1.9038552114743208,1.551252131165556,1.4859839394561594,-0.5789766579736073,-1.3601115715025656,1.727344078673494,0.6986710807952043,0.8202988947016884,0.2476269403669119,0.4519965877061638,3,South,C
1.2630897376796903,0.6670128005719114,1.1657825388371477,-0.44421712354406284,-0.7343624068404319,-0.49316933582325206,0.4832343172716919,-0.25564530897688925,1.2503691391746778,0.5150684659347722,-1.598455196552009,-1.5628621811131396,0,East,B
0.021064027344997256,-1.5867658944261296,-1.36192144265767,-0.45502738479071986,0.03275049190280074,0.4815601598983733,0.29408500063841353,-1.2173554069115344,0.873481502397881,-0.446359077567273,0.00842191840861512,0.37057527525273704,2,North,C
-0.05360703829604062,1.7450631882349144,0.26689132965499573,-1.0326823969681242,-1.6621779658199438,-0.3039795734621518,-0.12261528809533559,-0.31313659294928,-0.16716457138272264,1.7067044408652954,-0.731400089955935,-0.4109762161281142,1,South,B
-0.6615592621324297,-0.23735151479717218,1.345785975482849,2.015976950596603,0.4042270403163507,0.48650810204292877,1.3474746920381633,1.78532918330507,-0.7644940264085051,2.1779816519356228,-0.8162816424050549,-1.857087755801841,2,North,A
0.7592323060356448,1.1548387986599167,-0.2697456052692754,0.051559201485013174,-0.3930023299569936,1.0538961683570458,0.5963242042980792,0.42312501744363284,0.02045893295079361,-0.8270130320839058,-0.9300094155816854,0.1045007885575561,1,North,B
0.6595891624434606,0.5111947622851224,0.9534602189958656,-0.0022369418002786082,-0.607863934619971,0.3356767896532152,1.5117956783488395,0.9094286209373798,-0.8078422233776935,-1.682122976831192,0.8766649657190388,0.9844338716433929,1,South,A
-1.4198079045242566,0.574356631415129,-0.9394404406974803,1.2268900197032786,0.33694987060826476,-0.6723675848934809,0.5626860935826896,-0.9821293842459292,-0.11607394926184116,0.5812420125375551,0.07671455442196053,-0.45051165095445184,2,East,B
-1.2712363739604784,0.11477699957066843,-0.42887086610095804,0.8272321920769223,0.9757187212459908,-0.6531786527053928,-0.26381721237256184,-1.1744767631780182,1.0207075184855718,0.14810893237191894,1.3149313960113418,-0.7321573061658332,2,North,C
0.7124524098135867,-0.2475584915888728,-0.37659362163267623,-2.1444868235362478,-1.3950351208951104,-1.2238468885448124,-0.7201560757230342,0.19739719078726042,0.41299686824295995,0.7019019111354043,-1.0478000328261707,0.07985710670860496,0,North,C
-0.35362726130323874,1.1707859955264894,0.16473530959689422,-0.22542698191034796,-1.34724105671823,0.7871589679512903,1.2457965162176126,-1.3057184407945488,-1.112318213919045,0.7462750797089599,0.24938520731014996,0.2014465873088883,1,North,B
1.0808256992426672,-1.7591296933441112,0.6407798371608713,-0.5049338867391163,-0.35191591118334853,0.08153237942577456,-0.1693676181339031,-1.1665196619940685,1.3277371733646142,0.8041366560464283,-1.2360623188500834,-0.26987299091311445,3,North,C
-1.1934539666547876,1.5622925891854953,-0.8643378305999649,1.1252820890071995,-1.2585641809276997,0.3618512683237987,1.5755690831168343,0.870066452383439,-0.017771539703007547,0.3635264387327625,0.2261715718991894,1.324840039830636,1,South,C
-1.1504121925234825,-1.5936401385297485,0.0646902619568878,-0.4592717648558412,-1.3447476224573354,-1.7573894252124374,0.7236200386346069,0.2532256184285973,1.9629216447123043,-0.14860937229079926,2.9209189917625604,2.60845592811694,0,South,C
-1.461134405838771,0.7985531049147362,-1.2614891320399075,0.8190192468866135,0.6791530747418123,0.20694361018671795,-0.1498290692284976,-2.0071896703487617,0.02126038142996892,0.904065367240693,0.23907801269429918,-1.0941129152092566,2,West,A
0.15276741821538015,-1.7330518463199438,-1.395534843625087,-0.8123788008581518,0.22828304832251153,1.071195267175282,0.1915285050079408,-0.8268300838250208,0.9053125107675035,-0.38654218126708983,0.19203047180209348,-0.2359674644638266,2,West,C
-0.20999405548886596,-2.7778605339707174,-1.5006163376264399,-0.8297718875384703,0.9807267806438591,-0.6807766213623769,-0.6711143001542963,-0.03663045528091463,1.078190255883442,1.236821387302649,-1.0429116250817811,-2.221532079611337,3,North,A
0.4539830148411648,-0.6151759844614145,0.08197875130936648,-0.3454294495389556,0.13125723466406522,0.7451646298181068,0.07880946227915504,1.2555296934330986,-0.7735997759366938,0.7294478322282445,-0.9912436349700933,-1.128323986455414,3,East,B
-1.3649170533476387,-0.14102322917058038,-0.31677383869007636,0.6549212133082525,0.5853863812898696,-2.1269509686195307,1.3634866664839167,-1.311540867642757,-2.453259274126866,0.2772549122535322,0.27020237237832573,-1.5591375579477906,3,North,C
0.9085940063045223,-0.07204240352236127,-0.07035632657358121,-1.6035001080961093,0.9806582983461679,2.4174275113827473,-1.1543818966010326,-1.145458372238401,-0.7598547939454181,-0.2442887519893918,0.35632037895802704,-1.9393270397354911,1,East,C
0.8542489072632475,0.13473571886457028,1.4380076597686053,0.2498251774868435,0.7781754532540278,0.21699251696223715,0.451700225370024,-0.5580416588430134,-1.8487372257789085,-1.181563591756534,0.12071644111943244,-0.6345679281119119,3,North,C
0.25317400306581883,-1.1333144345777548,-0.2617491905093984,-0.7292743234777751,-0.02339651476774627,-0.6798037517977398,-0.2896903620008085,1.174899650424598,-0.34661752995345735,0.2738261759723095,-0.576738575251144,-0.23521907831654845,3,West,B
1.055423549213577,-0.8770120027161422,1.005318988921954,-0.2363622484413353,-0.3692942395247383,-0.871431523927499,0.35085590631642133,2.2313681306865263,0.615020807007427,-0.22499734714950329,-0.8501328424510712,0.02380855958522981,0,West,A
1.799130712939962,0.42159276107278504,0.8730644292640612,-0.46592198387679484,-0.09924212488750503,0.49289336824652547,0.5112454208394781,0.24086638967211282,0.3637733753395678,-2.0824775996666203,-0.4560940135563585,0.17982732522868347,1,East,A
0.365121675656676,0.2700277636236449,0.632226730289283,0.6271175812559384,0.40519276962098666,-0.5856067682871963,0.19859682819726146,0.5540098623228742,-1.8734169898578736,-1.5818869646362048,0.07823560280956383,1.2886949319803231,3,North,C
-0.004410779875839471,-2.6275109747719867,0.03612207870421463,0.4781410771627188,-0.020744082232403576,-1.2321995317054562,0.2892594857503436,-0.6570944041296581,-0.056097284359529626,-0.5994386267502161,0.16915640471598842,2.281768723659734,0,East,B
0.5328170595721106,-0.674479827277716,-0.11649874338425295,-1.0948604783349336,-0.8860218916225423,-1.0765275897217257,-0.3717753267606759,0.5437731195285044,-0.1408323343528569,-0.3627075703741575,-0.3152504279037338,1.4575474743362897,0,West,B
-0.6397353101113692,-0.08394772492202571,-0.79057615492608,-0.3046937502823566,0.0647322924113956,-1.3325128811526081,0.6317599297670362,-0.43897712390724647,-2.514616985149111,-0.5824612880174714,0.1815986170949774,0.0509240695567358,3,North,B
-0.5843082458998725,-0.6893350367178738,-0.10550415425721278,0.9139987909742654,1.1400260732071448,-0.7469749784992642,-0.7869348452044261,0.2528424456697605,0.06855428556489632,0.40620154298299954,-0.129812733436512,-0.3647653734076419,3,North,B
0.4386194695494146,-2.1553648277717348,-0.614199071348912,-0.8699503013358924,0.04403863786735292,0.7655501703611833,0.6147667219055499,-0.831773538530367,0.7754051235731855,-0.9235008111641442,0.8027137461505818,0.3200024030190483,2,East,B
-0.3195472003225528,-0.5844014335893651,-1.1881968144736623,-0.150814568748924,0.731756639833887,-0.350116453486767,-0.5631827038485778,-0.8607831542055406,1.3814570461439706,-0.7542743755597986,0.5251073116158961,-0.10862267110311538,2,South,A
-1.0364334334571461,0.6802439001002435,-0.0140117078245537,0.7809236612341733,1.91953730315721,-0.28147369940183137,-1.100008556552257,0.596678812957542,0.856044554020653,-0.4447611977128841,1.8167866770662047,-1.4524432483253122,2,East,A
0.33290687647607464,0.20867947618619828,-1.7216675205539,-2.4746818089792506,-0.9345642259547182,-1.479454124999312,-1.8313786398265,-0.4465744687016714,-0.5662621356054155,-0.8543411289281378,-0.314630384593816,1.8318404489961952,0,West,A
0.32131209541370154,-1.760252422143052,0.2694142351766121,-0.5731046171068173,-0.5506767067202121,-1.2585929040660986,-0.17948812174783596,0.06826066380577588,0.7514097313727939,0.04222531913275346,0.02697442186789996,1.2280266766508705,0,West,C
-0.038891113933395546,-0.6310135779150283,-0.13111354809550468,0.18301870673505977,0.31451257676904065,-0.4225620693973205,0.3908611907066328,0.010423247298383084,-1.0671055116672352,-0.03740255676983647,-0.4761777797024643,-0.36737744966948754,3,West,B
-0.15689491107263723,-1.391123461653325,1.1433476273266432,1.0779158651318146,-0.23251154100122298,0.20420917310824696,0.018374171388057275,-2.6227836460283998,0.6328759967187629,1.9104640997825248,-0.5812692795711716,0.4503469965558988,0,West,C
0.04548377209991621,-1.0995577458555355,0.38783935839827566,1.0494329813088115,1.1182579901453285,0.49431682922000053,0.1764880011614911,0.5955138450686887,-0.9082631035923422,0.5729141971735918,-0.8781508634860219,-1.1312300177233838,2,West,B
-0.17179514592315465,1.3626931579637194,-0.729460180393012,-0.2501780035000865,-1.0225298986266567,0.9748473939223049,0.9083665556399706,-0.42363321602262943,-0.485687276883216,-1.1149003355414604,0.8380567431105328,1.5872509166115214,1,South,A
-0.5639213166937216,1.1574011869041114,0.1246998476089106,0.8121012631298801,-1.1459737615279268,-0.19036510879386415,1.9184376443870814,1.1730108771482401,-0.4120131582259714,-0.5384294095533031,0.6880477602277827,1.280569957350519,1,North,C
-0.5926457148007762,-0.07968580525999129,-0.7153086320007609,0.5995264413366199,0.8727026730530253,0.49914125536956117,-0.0362264469939732,-0.46795311083755986,0.7941014412396877,0.47864868516639125,-0.030862363569857717,-1.4346049050841578,2,East,A
-0.9210967080882476,0.6429078159655737,-0.28880733039847134,1.2848185538335826,0.11868145894918149,-0.39114033965120526,0.9613687557662614,-0.36495573676429927,-2.0075766807733135,-0.5795974536661903,0.3611264384679202,1.0928612089588872,3,East,B
1.0635424248768512,-0.0683148654043375,0.8445728914145889,-0.31469782384350115,-0.18389386777020847,-0.4287490910964432,-0.49626871729634475,-0.4440842655524817,-0.05740602728568107,-0.40615545797263874,-0.8737813785425858,0.4905628437114989,0,West,B
0.7547976841626284,1.0567833572212808,-0.14197310489691906,-0.6470240697456635,0.23278115376386355,1.1453336563637266,-0.6908201675102554,1.1233146092091584,-0.37944104380491733,-1.5630425884100192,0.4069842618971767,0.6138386207209511,1,East,B
-0.8890905761146244,-0.05221940108971019,-0.2492064067162848,1.2864040004114943,0.6462720785034508,0.4034556064278103,0.6884073974429261,0.6306352570639748,-0.4902878342507591,1.4622403492299898,-0.7094348933570369,-1.7485832181953502,2,West,A
-0.3236479268358156,1.1967402713599886,-0.4567242639645743,-0.386896787098128,-1.2556279943667743,1.2041606437670143,1.7772874418710924,0.5703714215085595,-1.443468594315504,0.027796551193862064,0.3873146979077113,0.07411601337470264,1,South,B
0.896327733063664,0.3011138162236145,0.8136010434513773,0.40411101558020346,0.3019807349169698,0.09952967393011972,-0.7016958443391254,0.21893294871980526,0.3959189166502414,0.09850459022688945,-1.3275711226108722,-0.22013361780412163,0,South,A
1.462997068078848,0.43799710702676264,0.35427179321451313,-0.5225632345185379,-0.0012921715867944975,-0.6245551884713976,-0.5664933588042455,-0.6656756600782348,0.3218845767480108,-0.5927650208404558,-1.943359425736922,-0.5761892265199628,0,North,C
1.0802185017252448,-0.8615067996675426,-0.4355256792590248,-0.2646945496402016,0.6594357318315996,-0.2115333430352815,-1.8651024819063036,1.3184460913903178,-1.3755969924869584,-0.6675718604158504,-1.9733767082686837,1.3885771312348056,0,South,B
-0.3630984366059174,-0.477748214701142,1.0895125488394477,1.0864389143400115,1.4573325769786087,0.3838603934586363,0.0709931494356429,-0.43365148726810954,-0.21488446378379364,0.2440658710013171,0.8847926357517382,-1.5462050508976088,2,South,B
-1.3106606725647219,0.4689326806467132,-0.1207232674549047,0.8932360400222796,1.1522670221180382,0.08929806095443356,-0.40285736863988836,0.5777032499308128,1.0973259277896175,0.6934134683046964,1.4147950544668435,-1.505132163824801,2,North,B
2.1988423504688877,-0.13650079240997692,1.8018133861487486,0.6894515808950046,0.8352975202679229,0.3941086899301103,-0.6505098185760474,0.05076805205023683,0.3073812943484763,0.3630097633046217,-3.3183538643255903,-1.7881555840113672,3,East,C
0.875551379627418,0.7708119162472751,0.8954835048851548,-0.829543041026219,-1.2916885111921086,0.4805258739732733,1.1376510428783133,-1.4708728497571901,-0.6733161569798237,-0.5907197984290872,0.14457782521010204,0.47716199956905386,1,West,B
-1.128379990250033,0.44885610038659424,-1.113238550691853,0.3321943331822574,1.3881448219778147,1.2652047727072866,-1.2106893572864412,-0.19858624613159326,0.5454652780643648,0.9243838812476035,0.6890613172188936,-1.7065609025665618,2,West,A
0.11221958841216997,0.025593860717619023,0.7028047166851066,0.5525346005688421,-0.3798024994051611,-0.06845742051020842,0.21953241477314955,-0.542179190668131,0.8706434882297719,0.5229963814002706,-0.2637501049400631,0.3172065018541139,0,East,A
1.0930969030401116,0.3464369079450552,-0.25853243920018043,-1.3038017448516785,-0.6043487186647735,-0.625745207505605,-1.0390321951828028,0.29833147693588113,0.18434403712296937,-0.22708200985206944,-1.4685288623990715,0.3028199509127507,0,North,B
0.5675601587103638,-1.1098359846710306,0.4955391095079979,-0.1342288242824564,-0.27546601044328567,-0.8714518473070876,-0.03678546979430381,-2.927185116394197,0.5791028253581332,-0.09199303841926683,-0.4942600995858946,0.6637178769965127,0,East,B
0.48662939030425967,-0.5409367902812316,-0.4054336312921836,0.7977189195463681,0.8703213627497187,-0.5688145799315734,-0.5044221749931743,-0.8155973513636015,0.31709933853309774,-0.441762823056727,-1.6823356119067583,-0.1119579901230712,0,South,C
0.4746685705273328,-1.1476783435142695,0.6982310319752848,0.3984382148011308,0.9032285572454495,0.2856942167418364,-0.22614118513741838,0.5633273084211312,1.102041588640141,-0.5130499434168977,0.39227798158454785,-0.32529774315418986,2,North,C
1.2810981336204799,-0.18391598992238892,0.7163574355026979,-0.41991197319220835,-0.0425383573005442,-0.7576463925369324,-0.4149889327179537,0.9053340371440017,0.11303962506978363,-1.0940432074275541,-0.8436714168044228,0.5707077111267974,0,North,C
0.7259355327696887,-1.5332144939959953,-0.06588254851705636,-0.12971534097732998,0.03753759410850899,1.1713626800895203,0.43590033758985475,0.8382473500847802,0.5092760046612623,-0.33019250259061605,-0.3292619565443165,0.2876769212256649,2,North,B
-0.0652715331429095,1.908472849483464,0.44114803286542964,-0.19512606935871452,-1.8356716740459567,0.06690421103954856,0.3023228082904754,-1.3199528068504667,-0.5077634018186596,0.45681746631128983,-0.04518752640341349,1.834539618555883,1,West,C
0.04343319786595855,0.8433544073124618,-0.38959158132649485,-0.7669503720962775,0.1592436816931758,1.525135980109983,-0.5386344887488234,-0.8639430606302275,-0.7029160550730303,-0.02784366249230668,0.47028177105095326,-0.5685684621221979,1,East,C
0.26703776252935113,-0.4134148520384307,0.30379102099801975,0.39532310853998054,1.2004014348899565,2.3054502682319327,0.6916512482247964,0.5152280763693387,-1.4758496476181193,-1.631143006191089,1.4689616698312808,-0.1603944949287529,1,North,A
-0.7163471525411265,0.36683489244944284,-1.0630480154750905,0.3390504343155307,0.6303732096553081,-0.07853993882751342,-0.1843921871604487,-1.5409493041564328,1.1359706388673076,-0.4107869264561383,0.644482318908587,-0.4448131955211286,2,North,C
1.5292168209391988,1.3118588264827302,2.00231525584778,-1.8063338294963192,-1.4992740633539103,-1.8429984927192558,-0.3371495247006028,0.26162677673629847,-0.12302251747433804,-0.8903332828451251,0.09965678611473572,0.7239829514082472,1,North,A
-0.7502946922132124,-1.2174840574031567,-1.2308393090639,-1.3005819098058933,-0.023869773458348252,-1.7436251235465192,-0.2855946589533894,-1.0852863967773474,-0.43184019021528325,-0.05702407549107814,0.8195385889066671,-0.09800687402449484,3,East,A
-0.21970510019340744,0.0026986387630488517,0.7952010896113005,0.5265014676472642,-0.24892517904842626,-0.5974467691702905,-0.1884739671557561,-1.1673519727552366,0.16063641523778838,0.4784716339660904,0.2257894795954604,0.823850476985221,3,West,C
0.7351045466130054,1.3010416554498632,0.0671717536155074,-1.1203510588927772,-1.2448510643808288,0.9419237441713372,0.138853284109615,0.7063366064825162,-0.47655784922192096,-0.3358467471401383,-0.1940964002545867,0.7211415924356538,1,South,A
-0.9525519480781551,-0.056119700601421726,-0.9134948779641011,0.6618094735241822,0.4803259486161469,0.20600143456087763,0.05075716964983013,0.3947837033649144,0.1729061101537819,0.6550781223803092,0.0675688726147889,-0.5757143051684275,2,West,B
-1.2759516485519078,-0.20667438579776576,-1.089545285146767,1.2882842715534293,0.9244572241072795,0.03312757959467997,-0.15817134881477923,-1.5407695585560315,-0.7693112992104895,0.7830910348235892,-0.2853977636140825,-0.3083883742346839,3,North,B
1.3536154920247638,0.7919073011664785,1.571516208316039,-0.8391861258265166,-1.3078702095342114,-0.40353214741996335,0.4611591274149531,0.1027573388423692,-0.012916980364762576,-1.5032917550116542,0.4715419829530044,1.7695733858191536,1,West,C
1.3681234529178623,1.1132852752595972,1.3460266646599262,-0.33494781574018395,-0.8301505361112194,-0.353658107733563,0.8619949232636634,0.4069034942569161,0.4566250803090596,-0.2655353374442185,-1.2448743106127513,-0.940990244410409,0,West,B
0.4783837877902406,0.37244424379102786,0.4856401469298656,-0.9567333272558712,0.8878108369482894,1.052267310620719,-1.064273826929278,-0.8848032064044727,-1.3090769417917603,-0.50591763162051,0.7736659529222613,-1.0101462710825533,1,South,A
-1.0402118299409522,0.3001387098667411,-0.8486964873218857,1.2332124213702165,0.19149814059546524,0.22577637521981891,0.5806142249824758,-0.8458020415026254,-0.3005244566323063,1.300361811484802,-0.871593726358196,-0.7886458802112019,2,East,B
0.82808461861216,-0.376158581264328,1.3674524127916075,-1.1995865090027156,-0.41597266891272827,1.2306382209467848,0.9061488042301566,0.305015972192059,-1.5184484718308355,-1.5342206162327463,2.120498998712321,0.729831006795474,1,East,C
0.33714807622142656,-0.27888111163376994,-0.20386427808487795,-0.18688355188320488,1.3265382069172156,2.6107099862062753,-0.034537892579830004,-0.5743628416736223,-1.1184873295104452,-0.9177908519205155,0.8556069662011672,-1.167877725591836,1,West,C
-0.18360778858853707,1.345752875485206,0.8016212235945589,-0.4788237426114191,-1.8737496938646874,-0.4378001865925614,1.2763167135960773,0.06742080526442883,-1.041671006028209,-0.019508297607677562,0.91391003085117,1.4462283023338725,1,West,A
-1.4827199944181106,-2.3006935246112103,-2.2338322917757463,-0.8261905761473074,1.4581275283243722,-1.2039715602188095,-1.9768827592441172,0.5924481185563955,1.8157837496769047,1.2478716500685694,0.7428644548445291,-1.5091868163230242,3,East,C
0.07667786253472816,1.3333263709138174,0.5431857388973841,-1.6112462329105912,-1.711459505372382,-0.26182502369671334,-0.260011519932535,-0.2193161772728687,-0.23605359440479576,1.3308774075787273,0.13533688988939352,-0.09158079654732156,1,East,B
0.6932683593280999,0.041753988485932675,0.7438262454852171,-0.08743824901923115,-0.517480381700989,-0.5216532116709733,0.2952683108917858,0.14004592157033688,0.3068066030789242,-0.49349012322089025,-0.32728416215976375,0.6403795762334107,0,South,C
-0.753310600550057,2.5787103044280624,-0.13024820498961404,0.9016625828849603,-2.4273885975629144,-0.8335517806204861,1.8337622540762246,-0.07739300128380726,-0.15163640270169235,1.2050223237839672,-1.1733268665773113,1.2216510643983884,1,North,A
0.6063722868611517,-0.1339126586487592,0.522039491386264,-1.266359529667193,-0.5364843522159367,1.5274606740762542,0.9089800467888439,-0.9708203560686606,-0.8208359314340695,-1.088721719341611,1.6291197101928214,0.22325917982196644,1,West,C
1.2277798221271397,0.6344831879523765,2.23679420317207,-0.11444623885143855,-0.5375132148584996,0.39296161625498977,-0.47977052574651474,-0.6834037144339973,1.3451135226524253,0.6076393907395486,-0.3753143806145873,-0.23307493511034774,0,East,B
-1.221027538883961,1.4428635908978515,-0.7766697442833272,0.45262128526289364,-0.5261426127455612,0.9609337910561246,0.14620783849148172,-2.22785359511377,-0.5578395140153022,1.130829511507952,0.4066160831985384,0.26379051766450445,1,West,A
-1.9412325447451415,1.7579322197734892,0.213233101916286,1.971424864931511,0.8064845589414628,-0.9481607191842203,-0.00881116519864943,-1.704780113871928,0.8712102765437262,0.9299884960361019,1.2927700633589159,-0.9396903798494646,2,West,B
-0.7290378012717217,-0.15014250236736987,0.33344493373219347,0.8970382032626601,1.1279627102867888,-0.047108137373305554,-0.29175404744066646,-0.38709293433290953,1.046150670074925,0.015557785900844915,1.3104051266568753,-0.764484309912735,2,East,A
-0.021261215662255493,0.7494312849768259,-0.5422884556155865,0.042069503649084704,0.5727989165881208,1.1331017762069329,-0.8539750976148448,0.419621154519725,0.4003359610070305,-0.2709237051177206,0.14400268724320864,-0.17959230043394567,1,South,C
1.037057940889221,0.3045636328225166,1.6495427787530932,-0.15404433190326305,-0.824716631982691,-1.0246693145876287,1.8928804945156517,0.21213796049232078,-0.286725676250814,-1.4040243659403633,0.2509048811313107,0.04723478009812241,1,West,A
-0.11699120473426307,0.43229410797551127,-0.7236324895672553,-0.36837761073215103,1.4978070651926447,-0.08030511985309746,-2.1022973268842104,0.010205194986961796,3.427129097769473,-1.5204299538999895,1.8240968379868654,-0.33762517813129606,2,South,A
1.2245235802114907,2.2356220445917914,-0.03907088513929884,-1.2735642046508395,-0.713100259578561,0.022001729657028644,-1.28928143470265,-0.7814396920348169,0.6096335207231636,-0.008207304917198555,-1.713611280450896,-0.5784962470647208,0,East,C
0.7045513760522985,1.426774451729616,0.6222639430765301,-0.36009831706059503,-1.6783873219714824,-0.3906213389278337,1.6770067309363532,-2.1134398208638174,-0.528629694123481,-1.0437024175900274,-0.18599999497099967,1.0965499930669185,1,North,B
-0.8851869905124946,0.6211556811855864,-1.1350082514466613,0.37480653976407846,0.8275796267590421,0.04470060463824911,-0.8055509497397848,-0.04842489498840009,1.5792596558708434,0.210166698016157,0.47038003151491786,-0.9098856062580295,2,North,C
1.4185908848009792,0.1957983606138387,1.4745230796924278,-0.38690245460824985,-0.08714238315382132,-0.6677257033887368,-0.21626363823655895,1.7754906262820294,0.5971311571954772,-0.8701717735224118,-0.5443959993022263,-0.12696420221611948,0,West,A
-0.49008186906635126,0.3602319915960767,0.21578169883734907,1.0023060658484055,1.646929570569341,1.1437597194997466,-0.7956201619265849,-0.1818134682474807,-0.19345808459277278,0.8391975393660341,0.026377395076865796,-2.0391158602693444,2,East,C
0.9454760423548777,1.3366091312326787,0.46812652314926634,-1.2151875060543487,-1.3488416791856617,0.266522317646529,-0.7710904965698288,2.433120067969451,0.24905274729564214,0.9646239118461046,-1.36298121353521,0.03983724688818151,0,South,A
0.8182574039332083,1.3565927845302206,-0.4121700320661527,-2.4339750865285903,-2.1414526587882547,-0.31779519596883443,-0.7434152779229042,-0.11066063249806754,0.2507237671693252,1.101656405188982,-1.3579721018262025,0.09724007030651285,0,West,C
-0.9130111803785312,0.6567318094440018,0.47366111171570324,0.5629933298095047,-0.4097256708757512,0.8978330264741007,1.2081300663607912,-0.6443866687241923,-1.7262106140268096,0.6467424374005981,1.145031150547953,0.06388441231254771,1,East,C
-0.9517228569461901,-0.22642639450526555,-1.5540952070454777,0.6595711260723814,0.892404939072216,-0.14777021773701154,-0.903014067676566,0.33047645312909535,-1.159274248831897,-0.1625849398880997,-0.1920177136915627,0.8746313362744008,3,East,B
0.1313095377213866,1.530550572808124,-0.958705925691362,-0.20180693687684131,-0.796719390141575,0.5194697969727967,0.80115171696073,2.2709579864784524,0.4084965530706099,-0.20867728295706672,-0.8696761807190445,-0.3677511385588809,1,South,A
1.3264928598277608,0.7710186223837979,1.7811966538833928,-1.2568285290352696,-1.002808499805968,-0.5302901147380444,0.35873519018995126,-1.3219217257329579,-0.7846593467322404,-1.3246136010215341,0.6742120167923998,0.7861151233251329,1,West,B
-0.10154131340903974,-0.9939804862802146,-0.468389330026141,0.32166731197208115,0.9176550386915322,1.5819292952484922,0.05347494015744964,2.1862955710079,-0.553955724261671,0.7313732455915712,-0.4952529499862818,-1.3933030927261285,2,East,A
1.1146628628303004,0.17676224857827283,0.13602228612589212,-0.13108486263018157,-0.07374821985795499,0.5632570174711692,-1.263901053017256,0.6298273502013628,-0.7038286623093135,0.3415384834653617,-2.214391108436355,0.6319814790647875,0,East,C
-0.16808983796771965,-0.496127187228363,-1.443019525411343,-0.1256291523582581,1.3530937057097925,0.6920630377849761,-0.7325596229211377,-1.0971118384194307,0.4577748213655657,-0.5134210968437234,-0.08187652331242168,-1.2216438430062322,2,East,A
0.0009072411803377935,-0.6806234106647823,-1.6031582371122384,-2.5400286011188125,-0.975398283218998,-1.992267094105177,-1.5413250960158928,0.5590327134217649,0.1998144564115312,-0.8693208060243726,0.6464907761274747,2.021342438298867,0,South,B
-1.6059827448011534,1.0218835471279417,-0.465795726363207,2.050382808430099,0.3091764268339577,-0.6204983957198535,-0.029849010972488082,-0.95194004410484,-1.2948411136941607,0.17422284773636165,0.38178149637586345,1.813191653714758,3,West,B
2.4129658801905496,0.7370610747053109,2.7445204387116275,-1.5763084283393596,-2.047782267412188,-1.8720905690885337,0.8401789287689373,0.314469025519662,0.5642756044756335,-2.1067876260496745,0.11270691201748041,1.8192253906419271,1,West,B
1.6557911539145014,0.7085465853716004,-1.0148498960527317,-1.1837012327980176,0.3916769545528868,-0.43872969121616406,-2.0984601540250947,0.0913818804334382,-0.5085006233006055,-0.9321191893904186,-2.9503984007947794,-0.08834816810288174,0,West,A
1.2402433681424434,-0.16851232860668935,0.8424900291503808,-1.0441127804250965,0.8644830807707014,1.977371078005836,-0.759283049103739,-0.4012290959999908,-1.204560846827669,-1.5434615846419673,1.0227085434042957,-0.15882459170447724,1,West,B
1.136078691282772,-0.7898172036566746,1.5819298233746089,0.3870400005091369,0.30238168611707883,0.03120419373982859,-0.7854166167701011,-0.5516632070335854,-0.4625710366871704,-0.016806343096560542,-0.9515315590796509,0.7809112547408652,0,North,B
1.2206645147999367,1.018563764537854,1.0505820309225025,-0.7665241532474873,-1.295324282116585,-0.16224363433593858,1.284436109728878,1.8568144670282523,-0.6439755365163641,-1.2393362450274112,-0.18932335396096295,0.5974656573171923,1,North,B
-0.1593545824225979,-1.3571575418130033,0.14697985627111107,-0.0062699710708742805,0.7839353748951474,-1.8467259522403594,-0.19122543714495455,-0.7755036902850946,-0.04570772325187636,-0.3459723367076175,0.2533763792113095,-0.4924610011463255,3,West,C
0.2718393008752105,-0.9660430705359195,1.1872399649057188,1.1411694010204938,0.5591887883014021,-0.13417923261695647,-0.6064557242096263,-0.9419418654328943,1.1965861393137864,0.3744387457080128,-0.20104007773279714,0.5956049282288192,0,South,C
-0.5327303088485463,0.5275629881547181,0.41011967684221956,0.9288568720837266,2.0841800575420493,0.16339050219415688,-1.1198705184384596,-0.945582432288567,0.9971057330989125,0.0857420641734971,0.8529649631455609,-2.3378522850471177,2,North,A
0.8308961990170586,0.1411272896547365,1.5952152623234188,-0.7224004557650401,-0.8447851158148925,-0.029037950237692015,0.9337264909351246,-0.7127090377205672,-0.6811075949199951,-1.3991853815737827,1.4546961454997722,1.1899276440291773,1,East,A
-0.15139621231961625,-0.25461811162339,1.5423189877948316,0.9966067773443956,-0.4709060882159241,-0.9998767522529335,-0.13246521147211351,-0.4501121555418393,1.5980303714791664,0.14229800419796337,0.9566573005464731,1.9075934644565535,3,North,B
0.40511979618751504,0.6092818601143339,1.0025419136171678,-0.1530016687061431,-1.405897292120831,0.019332908428875265,1.7907233991791214,-0.47044174648063986,-0.692812703754961,-1.2417674378533377,1.0734622292312104,1.6994905292055673,1,East,C
0.25632490507802236,-0.05128218538576611,1.6689332651712894,-0.5542027114683898,-1.892559807606677,-0.23702997564523623,0.9223158711280676,-0.13018788480808768,1.9518797783615642,2.279088927527193,-0.10725324113641026,-0.6855524607328937,0,West,B
1.314629659548805,0.34089796607198475,1.6288803612714418,0.16351017249083494,-1.0015205350578775,0.638829237067325,1.9705659309314507,1.8218626649603813,-0.9532163569579694,-2.2270352494524954,0.668613555271064,1.92565031619652,1,North,B
-2.022014555793044,-0.11741255951112935,-2.0398630712655454,-0.391877843698252,0.6089504890351198,-1.2922961950643792,-0.62578999145533,0.6635794453311119,-1.655187583599039,0.9264876755546992,0.7710175215091266,-0.7989251745015649,3,South,C
0.5965634713672479,0.18648758269038943,-0.8648073116503943,-1.7352346441190347,-0.7715094970467493,-0.5787583462982459,-1.6543463342155795,-0.49196258354680955,-0.7301366139087008,-0.10881421102115049,-0.9228734896518619,1.3781323333130284,0,North,C
0.8802002974416651,-1.085030994272555,-0.12107915247653579,-0.9701860116836827,-0.22960776332408878,-1.1962349861388317,-0.775140447625681,-0.6179232068910369,-0.3713139079326807,-1.1628488159296202,-0.4470433838879349,1.6464219310630792,0,North,C
1.1370867549505086,0.603488688028786,0.023587020520728575,-1.7357538740042402,-1.7921054346187724,1.3379260318917285,1.7098005334026187,0.7552726073991477,-0.388001809834348,-0.6674406603870575,-0.06490324759426767,-0.036668955445372325,1,North,A
-0.4739104953749747,1.0125659895537762,0.0039344831926904885,0.10306858364570005,-1.3157665656412383,0.20173074021528406,1.547878526135697,-1.4083497592113365,-0.3439821967467154,0.5526870367781663,0.19420446826969154,0.19665209017536658,1,West,A
-1.0383165861597878,1.8433299577684366,-0.6634869568315575,1.3775910262495195,1.5419452825956215,0.5026441908691489,-1.4809985188509587,-0.016800219427051337,0.41110940176630334,0.7885355197926129,-0.30967378766684683,-1.4860872979821798,2,South,B
-0.032472360866439384,1.0893502811185993,0.4918379691493326,0.22778774776495705,-0.7007727447763381,0.6102826038780069,1.6329437675313605,0.8836987665998569,-1.6363176446881467,-0.6163469079293336,0.546320884962147,0.33421637023076894,1,North,A
-0.6178623113728008,-0.6329422712356825,-0.9446185211050939,0.6230946541140131,-0.09936930686041953,0.8354800317194069,0.7805033236351903,0.9593923480469956,-0.2947992963090177,1.3429635980714139,-0.982608422214711,-0.6545673811641275,2,South,C
1.1038051279432788,1.2532154431780946,-0.5276783613104566,-2.6252373056525373,-1.741396245776738,-0.6563983268657873,-1.0595529207567735,0.6499396788942489,0.07313519880373691,0.7493071861013191,-1.7518191560869183,-0.344118450307313,0,West,C
0.15834390895488565,0.2636580725272686,0.2486985628415371,0.20880657246607895,-0.116329986248083,-0.20377671746521267,-0.5992980834072682,-1.7581268079087218,0.9322375467985317,0.21470655171167835,-0.31520438737851864,0.4628694847264128,0,East,A
-0.033594277732993616,2.0333633988695787,-0.11610606435163259,-0.2030220872929281,-1.7290574358578257,-0.1146753668713281,0.3918727881405667,-0.8597521898930363,0.40311306911564254,1.5119269401478614,-1.4950076683599514,-0.10800872870224769,1,North,B
2.051541905152025,-0.06906024661577412,1.0059156963917326,-1.2042621398603692,-0.19871129880738087,1.0881150202060377,1.3320936553365263,1.078760783842598,-0.8859381765594764,-3.157448070082959,0.6846413150665955,0.4085338477312476,1,South,B
0.36146812745119233,1.1829403406792145,0.3384679102570436,0.2125618066170521,-1.1041216427456895,0.5950724178830065,1.0894856249612401,-0.9583549495920057,-0.22603481833622294,-0.7485527830148103,0.05085092856762583,1.3560261984342,1,South,A
-0.140927349025389,-3.4271900498262524,0.1514238914168797,0.5911607671542515,0.46077608340114895,-1.9490076769281361,0.2937811574381136,0.07376525975800609,0.9750408138452543,-0.6566925476150857,0.5794527262111825,1.652011811593349,0,West,B
-1.6335652701971817,0.0543327197173447,-1.834727508317664,1.0446676164590871,-0.28531056940685345,-0.9605556434727444,0.024473566999831546,-0.09099893416284782,-1.2851174287234222,0.9146072949821464,-0.7218387810829568,1.5165755049216627,3,North,B
0.23947555099043963,-0.28282164957031203,1.6811480946750887,0.7745888648665931,-0.5639631559170085,-0.22108797210808706,0.911768731559662,-0.8106170674730524,1.5748888938639602,0.9448170612123123,0.005246566365974355,-0.3439803433712297,0,East,B
-0.4508827581486874,0.7748927154546726,0.7350018891106518,1.5163891552642825,0.18448360705309175,-0.49166053559668094,-0.393397130939996,-0.3623580975749913,-0.8092798096812983,-0.1397041387493315,0.11567973793051167,1.7824760714459273,3,South,C
0.25335877587440353,0.5196964194563787,0.36133952954085613,-0.5973478828973203,-0.5951606564565538,0.9917718207734938,0.6483801554037089,-0.18490911469797494,-0.5715924804482152,-0.49529315183814093,0.897577767227607,0.31510434321506225,1,North,C
-0.44380533974444814,-0.19841587340196676,0.17048063876811242,0.32393335657810535,0.719333416163353,-0.25516563443195506,-0.06066482228337201,0.4710397781895333,2.0569785290476514,-0.6599780458106219,1.746131619384932,-0.44179334270691967,2,East,A
-1.0042424125390184,0.5319450042620018,1.0422858393683914,1.4499118976842162,1.3602454071364676,-0.3696110838571028,-0.3068650328855379,0.12191063615111736,1.0409632958601693,0.0016029234876230238,1.8931260288251976,-0.8956004561830334,2,South,C
0.513036154213076,-0.5283647854020267,-0.16772362674015226,-1.368720737889122,-0.8454943773223725,-0.9771563734985398,-0.5325258040878401,-0.9772518125513094,-0.29441611455161465,0.05527281375760255,-0.49636048416942086,0.7706544472807021,0,South,B
0.6512622336198092,0.20102819801343516,0.3515806775263261,0.6220793082106856,0.15886497284378373,1.4217190151964538,1.3860517534602714,-1.9728476417975664,-0.5976733977717745,-1.7044927676271977,0.3514594029290222,0.5255244634700774,1,East,C
-0.13064797172149545,-0.09691459082882571,1.0079101601929066,1.2491408342234473,1.0964695255636896,0.24945042212218552,-0.13607404840822038,-0.9302681529624969,0.4387105905676132,0.1706885304805567,0.3174147878159675,-0.8378353997577853,2,East,A
2.0161027888147434,-0.07680905267297916,1.5511503716577721,-2.004248716864137,-0.4134780232801338,0.3454288908102988,-0.22467909979565007,-0.6423388833698074,0.11104018660313797,-1.622797928490567,0.5760758791638634,-0.1372238719742406,1,West,C
-1.599072659411127,-0.3451326505832039,-1.4929934414312012,0.7465771049642399,0.9908745242000255,-0.8960979226847382,-0.6925192987139553,1.1575429210702661,-0.6310211300792495,0.09579713592805907,0.711479318375561,0.4177197576001394,3,North,B
1.3936575293742137,-0.8886452329400791,0.11254160712314572,-0.3899489651607894,0.10468183820208547,-0.10028729779873977,-1.0427262895066995,-2.4104622270208105,-0.34935695913174564,-0.028443717817823,-2.3014168748077624,0.3953037941972593,0,North,B
1.8737400195844065,0.05395271649209526,0.9994627335550827,-0.7432464850817493,-1.2018065331597234,0.3638123904045264,2.1088310283986247,-0.08414607132816336,0.4251059583360147,-2.0414500711666457,-0.32749078163966755,0.41382649112766773,1,West,A
-0.763242226774919,-0.8514991555700763,-1.0699448509405203,-0.14607855755624274,0.15355154785608244,-0.6020736975096315,-0.5566351745132134,-0.1343979131212693,-0.234109633944631,1.1522863891084405,-0.5026074916190018,-0.2930212898384326,3,South,C
0.3013461272750535,-0.8361049876809559,0.05390414285399356,0.24700581657659493,0.8120406800005381,-0.22941152078343738,-0.29984512515001516,0.40142248069157704,1.164933456925185,-1.1867996136487502,0.5826634013406697,0.28077838882107925,2,East,C
0.8885939980639836,-1.2795896808980216,-0.03419448979391046,0.003777183118183239,0.35791533408441034,-1.2898587816191507,-0.21472928166428323,0.06060534135426775,0.7166386983532556,-0.18481996444838064,-1.8206954133487947,-0.5020149212521915,0,East,C
1.0313380091361233,-0.4988223514484818,-0.16822093897673093,-1.7002388141519875,1.6173575652826098,3.0669428266444454,-1.759400962757813,-1.2044050777038444,-0.732807818052619,-1.3092453917448115,1.372802204506769,-1.1308198821660398,1,East,B
-0.12344250751869358,-1.2078136954575762,-2.1164127707438185,-1.3072028698316143,0.6984917813265501,1.924083905790369,-1.0930667598571182,0.8230361082675441,1.477224370116274,0.1141255636747272,0.40853468900182116,-0.9353527246227858,2,South,A
0.5271699277421922,-0.9554641958621299,0.5443426080547468,-0.12018917610406527,-0.7173102486937507,-0.3084679118422841,1.549546987248044,-0.9867517074836482,-0.577999878314767,0.17950255647651456,-0.7425626759561739,-0.300151355691195,3,East,C
0.6105169486766029,0.9814559806780924,0.23915913585539628,-0.37980566404704613,-0.09160349437569752,1.0094379312586783,-0.051689703014542884,-0.2567458861738309,-0.48394135953289025,-0.5432551963756133,-0.11452348517710817,-0.175983319758458,1,East,B
0.885612380680028,0.45623281437634183,0.08772765032637991,-0.542091269714724,-0.42622638446518485,1.2603457383217125,0.9205223790334611,-0.81865158353955,-0.3054221596720892,-1.9080433856215706,0.6909291115245574,0.9026571791796298,1,West,B
0.38269534632232893,-0.12366693332699207,-0.06767827946080829,-0.9589963526857354,-0.788691682399918,-0.5340551982360942,-1.0151591380531655,-0.18313827103329317,0.7707537035651667,0.5690228924524684,-0.5404432244761743,0.7931771844352211,0,South,B
0.6253498774740759,0.7517412045073427,1.6439666174348833,0.050469196747352646,-0.7682965039182387,-0.06014695822472181,1.4514953155330568,-0.7908174503935955,-1.4170137897848927,-1.0346546338504057,0.694040888085183,0.7012489104474623,1,North,C
1.3227941482699324,0.5235103214416899,-0.3593985969619899,-0.22030198986478833,0.6617051221160967,-0.43684130812579125,-1.2345763802702145,0.7268902768618561,-0.09452558063128846,-1.299650364993716,-1.9842194139195621,0.034980073535930675,0,West,C
1.6342913069549192,0.5300273050385537,1.5322468765646313,-1.119508202369141,-1.245792486677948,0.24167382651384584,-0.24947160221779302,-0.24164393412384755,-0.6551826567184049,0.4283696729566472,-1.4169984430565983,0.26930917244511265,0,West,C
-0.8762499493867247,0.16515094441430542,-0.9752228442387283,0.27080969137468514,0.9191538003816204,0.5676879219290983,-0.5039875023447609,0.8489233464633463,0.4093335159669207,0.07298424027082913,0.8299353464194265,-0.7541846303315619,2,North,C
1.0180909430656928,0.9505782379923143,0.3928380073638555,-2.2523177300342,-1.056381572585356,0.49944718701086127,-0.10821815165514474,-0.2256643038178234,-0.7090444137954679,-0.44628900700944624,0.35240639047403294,-0.429324572155531,1,West,C
0.8144023794086892,1.6531450863728518,-0.7262308281058371,-1.770921834878443,-1.329646452330917,-0.28352218233777526,-1.0070222176277333,-0.6720572361054034,0.6441052225256455,0.5894783797048179,-1.6937085042397135,-0.3285606275785243,0,South,C
-0.4995701668960161,0.01681690639528783,0.8710744162960042,1.5028157523363572,1.3846508978434935,-0.5734352580232873,0.04193258382408331,0.836286699454821,0.028963097764646333,-0.10285604144781403,0.5214142389224599,-1.0405235656481133,2,East,C
-1.1883969004756803,0.3549315649259227,-1.6767982826387555,0.8218606253702896,0.3312141468412267,-0.13754835743740956,0.27246964638538895,-0.6511596445083101,-0.4261307430798845,1.0863806364182254,-1.049014410842528,-0.9880489850686158,2,South,C
0.026784029593723595,-1.2717449626788224,-1.0119291042017413,0.5093517471066519,0.41569639293998495,1.54829980486916,0.4305977942018604,0.17737913632725916,-1.3507545036933446,1.5889019395500095,-2.320093405540912,-1.3569369209931437,2,North,C
1.5370500563470366,0.560738573982653,2.399825118948292,0.5066911974617353,-0.4188758281643783,0.8571499243652985,0.02383057629262387,-1.0638829583241158,0.28146889967083727,0.5874961211252224,-1.367066847341248,-0.21733476587661638,0,North,B
-0.5419725191308397,-1.4375390758553983,-0.8255587537213986,0.04062263343083529,-0.0825084911163125,0.10607926419293866,0.7406469810105318,1.0169930732540071,0.9393623418842334,0.013735431801644046,0.7146166981345354,0.2976162122477148,2,West,C
0.7021604342437596,-2.964451139856691,0.41573717400190097,-0.9308913753744699,-0.9187339471476748,-1.8378204840342751,0.8928038039667663,0.19642583154465357,0.41724006878426556,-0.047375045760950786,-0.3870896884277015,0.9105486569108321,0,South,A
-0.2568698145776923,-0.2633962472705444,-0.8204279572032754,-0.16537390731139096,1.6597907428976892,0.38474532380084764,-1.2960595133024166,2.066755832477805,1.2466460129790033,-1.096339716835954,1.2772869598864942,-0.8358985083675374,2,South,B
0.01204456400742059,2.072756169932277,0.3253356726211102,-0.5112896236202413,-3.0605497612166475,-1.6491636638531717,1.6260199856933921,0.5764888003483263,0.8165582192256529,1.1209620749256655,-1.1201774520242844,0.9122972371650967,1,North,C
-0.6217808741226502,-0.5963147133618653,-1.2245908424965672,0.3433362226115813,1.0143647086666838,1.6861753270004811,-0.2926075847722182,1.2944034854470956,-0.0539922033825725,1.4896666476860254,-0.7686421097454847,-2.103170608849773,2,South,A
1.2231479820407116,1.2049689136644537,-0.8468296472100755,-1.7206435404628908,-1.0022507591547434,-0.14121069605503758,-1.278662058828015,1.0589468775066593,-0.09061639330213972,0.5238268881725203,-2.6426045983427455,-0.3712186208892058,0,North,C
-0.31883598906334587,-0.5392658450487934,-0.150593938763735,-0.24161882232830673,0.2590063416622952,-0.8907069012133618,-0.10790377835406045,0.4645146701891423,-0.6793414855284633,0.09202870187610894,0.1989385308148171,-0.3114383408149395,3,South,A
-0.9484993381906592,0.18865470381466642,-0.35990768275504753,1.224808451239287,0.7452435092092866,-0.11282780888680827,-0.9862856180894861,-0.31518679420273066,-0.12594192420499317,-0.0013742254297836483,0.5705207945243139,1.3515129768000256,3,South,A
0.17604832392883696,-0.967441117455572,-0.08669966193019084,0.3245419468856409,0.8478247133278347,1.0999297186506134,0.2085255254765801,-1.8381792380146484,0.013961636212631247,0.33114047614439535,-0.4202084953630743,-1.3597625739175467,2,South,A
1.1959803374050892,-0.8128573509249969,-0.06721453001893629,-0.3611642550636669,0.44083279441880624,-0.8642746757507148,-0.8133122771051485,0.26564414105772177,-0.09117092833104161,-0.7140556736430825,-1.7882179377941878,0.03929302491350678,0,North,A
-0.7887846230507075,0.7174147386802184,1.2592902318044217,1.9258210525259207,1.5829107772863673,0.8136596805323478,-0.4792985103058525,0.4684075221555152,0.15144400217944848,1.4455219681336826,0.2807345457862731,-2.074740180696011,2,West,B
0.6150985486172404,-1.0011983319659097,1.6347154665422845,1.1110803880901468,1.4428951069223963,1.904164510207075,-0.27433531587557175,-0.007222014744669253,-0.11066441387050009,0.9491206274788365,-0.4685931427980697,-1.7853525403685455,2,South,B
-0.7874471887372011,0.8012300572932166,-1.0687753762541226,-0.6041575696553956,-0.4246465699816444,1.2693903741662023,0.10706815404296334,-0.9296003539095753,0.15219725652511096,0.8462651004402565,0.6796743059761224,-0.6829574856941003,1,North,A
-1.3092393276175385,0.6431785203686174,-0.11795491804979805,1.6414180703937398,0.5296461290550485,0.8136079372505799,-0.4557860360028903,0.2766646931148912,-0.22945175011403968,2.013557744874034,-0.3080016712074313,-0.4833140963401558,3,North,C
1.2067122205669378,-0.44778615991565696,1.6329183326540941,-0.7698992042288857,-1.2689187573468133,-0.95163737242938,1.0764186129697981,0.507671604016814,1.3987354641025798,0.7752324671888481,-0.9642475411560255,-1.1264252815408387,0,South,A
-0.5739019998869302,0.35259043416632296,-0.04918076782694889,1.1165998967643895,1.4500843788888578,-0.3891059534360536,-0.741906350055287,0.900273831132885,0.7715719149046443,-0.5897729814997311,0.7100299414674576,-0.4624169305015534,2,South,B
-0.4286295841266572,-0.771895615446922,-0.620948736876046,0.4284272438547939,0.7401982672803747,-0.03052888926895437,-0.0019211630302446723,-0.17071017262177957,-0.7170949662965345,0.6083366096010588,-0.6573023145615979,-0.9753009091295473,3,West,C
0.04825133052146888,-2.221402342345927,-0.5569326260141294,-0.28677872036443175,-0.16265459668372176,0.10737148841483342,1.4494410698185438,0.6470426792084205,0.4631683176192127,2.219070118606749,-1.9199359253840709,-3.0007964846536836,3,North,B
0.3836547875293595,-1.2512302325261477,0.3706464544018046,0.2597270423306213,1.3999009224171377,-0.2684195608041075,-0.5567677231442419,0.40545037028155473,0.8180216849672542,-1.2779031054573393,0.7700622719043695,-0.23762233431798965,2,North,B
-0.10267720469112335,1.2494733939151896,-0.5585512777187651,-0.6366617397253902,-0.3120223826389579,0.8332030485676731,-0.40675927345341056,-0.5181377804517351,-0.15294165753313177,0.7871317443655999,-0.4343230334224903,-0.9701389454293784,1,East,C
0.20522814372760148,-0.9007241272221007,-0.5497646620687069,-0.35031714917359896,0.9230458908830419,-0.8037861657423351,-0.06104927963189757,-0.9868689715484888,-1.785529656848639,-1.1066917066536537,-0.29315904550039235,-0.42817608927432116,3,North,A
-1.1532037951408627,1.5347498137185254,-0.8446232195498417,1.2787780809160845,1.1536175647373366,0.32888309134854404,-0.7506387183274684,-0.01365234160483777,-0.13854571104813337,0.8463602702897036,-0.38535907045989976,-1.3844675845292091,2,West,A
-0.43093083878945054,-2.2179555215861972,1.9041771702135686,1.1386946835123837,-1.2896739271304107,-0.7422156184065385,2.538398246286218,0.3675150787626972,2.1458751887471963,2.287873783094241,0.33100419055713837,-0.4756168138364847,0,East,A
-2.4578345639553203,0.5128440007487145,-1.560027598523402,1.5779653504885804,0.35017167083172196,-2.1192705480612517,0.039879456025767784,-0.5315075665065031,-1.3599138385463863,-0.28799531575249265,1.2882334644908482,2.091052835817188,3,East,A
-0.015462310264312327,0.8647056922591583,0.2514693488574834,-1.251953490453216,-2.064754412673614,-0.94078245016926,0.9472424594766404,1.442842608431844,1.6369181482237454,0.8709329082895745,0.3202598021468178,-0.13012663382663697,0,East,C
1.1199020772894677,-1.076330280913173,-0.260032478378969,-0.6556789211314883,-0.36664637903532654,-1.0915362886687574,0.14683264106980387,-0.4160015594586537,-0.29842988090993683,-1.2127101711980715,-1.2654699423163824,1.0447248757360261,0,South,C
-0.3663248626806371,-0.9326376876437561,1.3127426234215154,1.1976911654567233,1.115868450455617,-0.0501997787541279,0.43523761884520507,1.4506263943987896,0.2078409339098124,0.49897147359502203,0.7944321562042536,-1.3076928759174893,2,South,C
0.4046971718385324,-1.4036872059123804,0.23712138488432224,0.5199973207238502,0.9157629363193082,0.6548161942368655,-0.09662944167813409,-0.5374071911450643,-0.2440957981245474,-0.09277114304663549,-0.48044340710152833,-0.3276960636941442,2,North,B
0.5496779150061388,-1.66650112086882,1.9070454517979112,0.06563979811257324,-0.9747024341309792,-0.45507794861748474,0.8576329818871237,-0.01473081654009224,1.2248704838688544,1.7274960519062865,-0.4454255851841868,-0.319029746191051,0,East,C
1.2677814465024324,0.1956608159678857,0.635499169073184,-0.29040458704377675,0.09059422684715114,-0.3286302537112062,-0.742459536305079,-0.5344476334362709,0.4000050126462804,0.12382013043379819,-1.8914222376592003,-0.7709528104149782,0,West,A
-0.3017957659200998,0.0711864317510482,-1.3252465774860822,0.16862076505449913,0.8303021385315222,1.0169476934201687,-0.7220929601677183,-0.35446072965469105,0.29551708314398467,0.21726681189657493,-0.5445396874653539,-0.7901789955927289,2,South,B
-0.690117569556506,-1.6091090440818143,-1.2063634119876072,0.14484446873562123,-0.026816630160231766,-0.8613230552698633,-0.8829818553702741,0.382228879037162,0.6856856161319939,0.8732154729834851,-0.5007719181662692,1.2754131974180178,0,West,A
-1.4421888889320473,1.270032834654933,-0.9786645135120747,1.5924012193693418,0.8529711246704075,1.4314075297069386,-0.39411775643030167,1.2755116283387284,-0.7955435031454524,2.7869825911854855,-1.5347561122489202,-2.3217845635093965,2,West,A
1.0678632422201904,-0.06663025323293355,0.8463931687101446,-0.9682242121961797,-1.004694020418649,-0.6446404381397797,0.045911851784101176,1.543484122190953,0.618396686639184,0.41010629728936976,-1.0393082768621478,-0.23213405185099772,0,South,C
0.30810348603033416,0.7727807813043774,-1.0837865096449564,-1.3255155668946654,-0.8022712358912838,2.079900540123402,0.41794551436686794,0.1096911281456554,-0.14165222728202395,-0.4102281718924149,0.3518329138740359,-0.020495539084645676,1,South,C
-0.9525272564191289,0.462944008031602,0.5313095020921828,0.7160770886484579,0.16848183868237881,-0.9165173246559921,0.10181557332532869,-0.07040209374619119,-0.17487165619796177,-1.037850906192849,2.3322727267108534,1.6567670848714469,3,South,A
-1.0231483284426028,-2.903419669369516,-0.961705267237235,-0.20734282995788,-0.7025737852498368,-1.1800086627406596,-0.19461833456710564,0.9890144017158272,0.2467746022387368,0.45170758295810726,1.0665250988643389,3.072363778459583,0,South,A
-1.945848495033611,0.9039842290976547,-1.4549870098225832,1.3106561200509455,0.9132468691064558,-0.8350525984207096,-0.2895143914192614,1.10374665124385,-2.439290854952122,-0.1148598044736676,0.6025194539804555,0.7688517070223199,3,East,B
-0.4133839874938587,-0.8825624626802788,-0.8575851941766778,0.3218034016833114,-0.5136734056146219,1.3520280336736,1.3108280687365295,-1.932986321253189,-0.029624392167813582,1.345499347867875,-0.7920341090336305,-0.6362464423870168,2,East,C
-1.2252849271864898,0.8655056797537766,-0.3552935468145881,1.6253273723496038,0.8674454766532839,0.8450956739141402,-0.0252314645951628,0.23093429572910493,-0.8224185451381677,1.775572187811266,-0.6892100491017256,-1.558545884247158,2,East,B
-0.5694646550055228,-0.4260959504275794,-0.5260142882800772,-2.253130671472902,-2.5212748012924022,-1.8904486539164282,0.9607501439388801,0.8629981034218206,1.1658992991410648,1.1382915292427223,0.9951409481369097,0.4395684413179296,0,East,B
0.04709393586709351,1.4931072935311758,1.6321270581395764,0.5718074236586108,-1.3623145830142893,-1.6768266475748899,0.9260809447410606,-0.6259558064043421,-0.23078230226262358,0.19106002128167038,-0.08177872803031934,1.03757625129063,1,North,B
-1.0112962812705049,0.7202561977033812,-0.34055438199273363,1.2846997040497785,0.8375490605128804,0.6407038614407526,-0.396373847995653,0.3995588696990705,-0.2618250832929556,1.1026674816753874,-0.16947119774642644,-0.8485760802559132,2,East,A
-0.898121112248999,-0.8994544179884798,-1.994038518040784,-0.7143236656152231,-0.1232676624823008,0.3077434794867912,0.46539699237030513,-0.17903548651701387,1.5095655237309535,-0.13931709870823789,1.1272300904385633,-0.21738905917079285,2,South,B
0.5229778095376224,-1.7472425067990311,-0.5162954569941767,-2.0237249227471006,-1.327165208235932,-1.932630903032162,-0.22538671938387192,0.40653300021505134,0.27646883577251213,-0.1285181299370786,-0.23019915386147463,1.3313721663193823,0,West,B
0.3696671931889345,0.3163940131612098,0.28622364872500616,-0.4293680929705797,-0.07967434116479483,0.7947569617063678,0.23572096453009245,-0.08667241057665878,-0.36862613299513153,-1.1494789798338794,1.0372573462792891,0.5944938673774774,1,East,A
1.0301127891984363,1.6189968028029549,0.17593356325304757,-1.0247743013153088,-0.6497909386169539,-0.49848288867109464,-0.5353402560207845,-0.05394647078392756,0.865693460141592,-0.31471672632493475,-1.1174486511763628,-0.6528458890185219,0,North,C
0.5037564522971645,1.9974193759804644,0.3382859635903527,-0.42391314415977377,-1.9308829911547558,-0.8848090196939312,1.8135107482976613,-1.8985895675003641,-0.6136447973087267,-0.09931694116655546,-1.1552315326517533,-0.03050232682317981,1,South,C
1.3411729505699361,1.7394735706348274,1.3719641996551568,-0.8392662802692011,-1.7618806393732556,-1.1403843209353721,0.6284394905587165,-0.00572613417169522,-0.11817850158312401,-0.455899996721942,-1.1009577656537923,0.5843318799439112,1,West,B
0.6234450016170674,1.272519196161876,0.8103291092287148,-0.2931512009604986,-1.5843506076931742,-0.8378942558550946,0.9367496752203156,-0.6691547299071962,0.7022764572527904,-0.3453601122912255,-0.34911611851855323,0.8713516420147663,1,West,A
-0.5602781904979435,-0.21942338787337015,-0.4372387522559818,0.6314660689968887,1.4248597054633476,0.7959038436449071,-0.4969081458078943,0.6985533816102415,0.1861105621503729,0.7063059793352208,-0.0318686226200118,-1.9858151249062255,2,East,C
0.9100764812429954,0.8096368592493931,1.7951888780723406,-0.2794181112883626,-1.116349251077388,-0.3853380960171691,1.22779701842181,-0.3133701770230158,-1.1775901319853883,-1.0397080496254294,0.4593204023518864,1.044568731006592,1,West,B
-0.3408471065738757,-0.8273513969874412,-0.8255248402674753,-0.05366389226416529,0.33503450100563625,-0.21971448448504904,0.830072217300312,-0.34807835295664485,-1.3903750684513523,0.08872082041566136,-0.4531267028523966,-0.9778042435096042,3,East,B
1.054358855717817,-0.21250215743045275,1.7325989422597312,0.3925712902917417,-0.24434129283596198,-0.25719410620561783,0.35303652005207165,0.13625535014004428,1.045926213897278,0.27636475874025274,-0.8469659459348133,-0.4472103494607605,0,East,A
-0.25003891653831767,-0.8904662388568056,0.35382532053022064,0.6009282585276944,0.8798669095054766,-0.3999299657237374,0.25793458567962646,0.49854077507633854,0.6731380621600994,-0.5947622770444438,1.0092331278939923,-0.35544022516403917,2,South,B
-1.714112008281932,0.9299871911391043,-1.0288308167711024,0.6268818556087641,1.0579750188581463,-0.567489048506971,-0.3568240496299419,-0.6560394057977483,1.2711728226100487,-0.04792159472602108,1.8950481648210193,-1.1135759598365622,2,South,C
-1.5606485903523877,0.9373744286860177,-0.49462230553391034,1.2025887416853,0.8457447893886484,0.6002686309597953,0.17042011588385064,2.2576115869680056,-0.252924573691676,1.2938004421740252,0.6036481783623322,-1.671368565906563,2,North,A
1.6925731283311218,1.2575466298401807,0.1076456825015007,-2.205886403150431,-0.4824531758878604,0.49272648130422086,-1.2984571576050314,-0.2885236584650223,0.46628520992345585,-0.5222569852143827,-1.0352708956765908,-0.9868296628849457,1,South,C
0.6401715380176304,-1.6547693084501571,0.10563273066189789,-0.03303046257881076,0.6556496423026569,0.9659126306007246,0.08082314216514407,-0.8011062586029107,0.3784388578540056,-0.5922512910893963,0.07561655123649723,-0.0708208464606789,2,South,C
-0.8939609940186679,0.4714172236618641,-0.13032534763378698,0.6898753756975551,0.32300890504698276,0.618920369976673,-0.08637658526822166,-0.4580247513405254,0.08413903737536486,0.11819692605719807,1.2350720092241112,0.39321495638964815,1,East,C
-0.21499395090812426,0.9239393006672362,0.2494235541313282,0.29575455537448986,-0.32625246530624763,1.4661272253622504,1.2389520227093074,1.9582642925614462,-2.0091696212693035,-0.3335104033661045,0.6796501791455879,0.23347011854432267,1,South,B
-0.02198238876378045,1.7291031087198998,-1.4466895671290634,-2.2323379104395444,-2.1155768906927697,0.8843484078278946,0.9556609633386983,-0.19627497263455174,-0.20620017916134187,1.2283715024828723,-0.7194848281851075,-1.3840043737420298,1,East,B
-0.22549766597991694,-0.5542327633366775,-0.34498515728202744,-0.4506853409670369,-0.7359226701106577,-0.8959433605312077,-0.06279602714309493,0.32524258749768525,1.2756203010488287,0.5269653929572882,0.055886124716607956,0.5518168696695614,0,East,C
0.5918579730948109,1.3168799916298064,0.05590281851809936,-0.3722623364254033,-0.1039123404774408,1.01125890883495,-2.5417646352326906,-1.5111638817944377,0.19565158015337455,1.1853904503621118,-1.5415433148909672,0.5443319256348147,0,South,C
-2.0542368974638148,0.3409459353659468,-2.6071754219907213,0.25299627258187524,-1.0059123330337678,0.42232139818061104,1.0301559830449172,-0.06371585977020845,0.6940641519660184,1.588028671450584,0.2791098352136634,0.1304234731597708,2,North,A
0.7339531202319908,-0.605095947895407,0.7662561660617276,-0.3139422601621267,-0.4493803256265114,-0.8830712485770125,0.3123292064424161,0.5818618060437141,0.5214239600073953,-0.0665506659391499,-0.5769644214952642,0.005104680743259806,0,North,A
-3.025698604309777,1.7652919662944153,-1.1374432493527968,1.3816666633944925,0.7950169202204299,-2.1762644299151828,-2.4770663526884844,-0.035669123131730145,-0.3316372830404664,-1.1745906067742444,3.8990109926550187,4.37805389329684,3,West,B
0.7676786415923732,0.153311866922086,-0.04035867388762823,-0.41211789894684003,-0.3546493090895392,-0.1127256754932509,-0.8598302404845521,0.9883294069408617,-0.18994697714516415,0.14399257794498876,-1.4596648371391512,0.6233296423417288,0,West,B
1.101715496474095,0.5818735631453158,-0.7939887790779205,-2.9309540839305726,-1.6133383346466166,-0.7916027410541806,-1.6748119876467362,-1.2686906389723691,-0.1948542266790076,0.12794936778777333,-1.1824534010492505,0.9381671265087884,0,South,A
-0.7322355602003072,1.844367605054819,0.20705472345158726,-0.5325638802717487,-2.233178791768096,-1.0170025587280485,1.2391022532082339,-1.6114994016629818,-0.3448399266345808,1.5752213243974926,-0.0696529008827222,0.07630032010202534,1,North,C
0.5431574444053694,0.8247613196125105,-0.06211575730987641,-1.783924014106585,-1.8861031363167302,-0.4486084014727472,-0.11099721860577438,-0.6115368734516564,0.17592961313186223,0.9837462600261968,-0.868364180239368,0.14181682111998142,0,East,B
-0.6462679123345646,0.06155444675885128,0.7134554423897835,1.5391899489274452,0.988599724227583,0.3072348138158361,0.1309678290142678,0.07768477313161072,0.23072450698820748,1.0806236657437363,-0.004164061756218115,-1.404647180489813,2,West,C
0.4113637501578005,1.7114905624791084,-0.03788308040410779,-1.2368331129053318,-2.352196387035863,-0.4268979900066776,1.1729984604316037,-0.21331914165374494,0.24416931576576156,0.31599939422969553,-0.6025842850786312,0.4354788758225173,1,East,A
0.8090136795413716,-0.21119364464690846,-0.6397890457706601,-1.362782527927587,-0.3222914346206049,-1.1345902893180861,-1.356626940132633,-0.5882259155747813,0.6794548822249242,-0.3422152895848587,-1.1062831047219301,0.42587701994995764,0,West,B
0.23299767558936654,0.6476627482691666,-1.3174697218115752,-0.2789814724699383,0.6666379303526433,3.116971343714425,0.05062101592590464,-0.31208901643294856,-0.8764754694551279,-0.9118708576606565,0.15145711533745865,-0.5383709254725456,1,South,B
0.5164173587283399,1.6068352104578507,1.2387692840899784,-0.9895773845900612,-1.526652017729158,-0.6581089416828012,0.04877223242636076,-0.8864651429604434,-0.8485936010613752,0.34058493432292475,-0.047794592764499606,0.5838956474779194,1,North,A
0.7202010136265622,-0.027139616317740013,0.1923298474221556,-0.5851949834322817,-0.5732052525105598,-0.17686741833439196,-0.6388703822586176,-0.10278152998571928,-0.038869328785922926,0.5343072926075683,-1.310233908207882,0.31676195348622627,0,West,B
-0.9175922386327597,1.9259140471922132,0.9602681006983352,2.774933951211861,-0.6483367621857887,1.0113606044387788,1.1655371801705798,-0.9369699760041768,-1.282917793534465,0.5845078226826227,-0.07726699684031843,2.2167824575668056,3,North,A
0.4138621571074459,-0.038511111662382524,0.6098280460894542,1.4123333209710234,0.7442422532236608,1.1812379977679557,-0.010813797197849633,1.0062348089147273,-0.5789551511406819,-0.40339745101038166,-0.6473187072000228,0.5939537560802656,3,East,B
0.9310240574990475,0.23048772495602687,1.3667379922505967,-0.007367022213625211,-1.4537466975819546,-0.08656206983334334,2.7268324222175297,0.43405548881446965,-0.5081005594305869,-1.7760984105114834,0.7257712360604612,1.3063704822374989,1,South,A
1.198338780569605,0.22704434964377052,-0.6309192175985704,-2.388753243328036,-0.5368802652398312,2.618963914772054,1.2100281115721059,1.6432137472240784,-1.9240952827472597,-1.5761407728468018,0.6904049201125291,-1.014917875438917,1,North,B
0.7861175582271417,0.6602604421642209,0.8668705545658568,0.28197740260945076,-0.2931747167386705,-0.33535211866024567,0.2787099782332744,-0.6175950399859299,0.6988525683992021,-1.3454056183903116,0.10725794610149628,1.0627479423714634,1,South,C
1.4423165384244636,0.34895475403098003,0.047521222159350014,-2.1953734537508245,-0.6586052533293806,1.4958792024971532,0.6854565984911584,-1.1561201781988326,-0.7902849010563558,-0.441255461330683,-0.48058856856917015,-1.8695618105483172,1,North,C
0.7488483736135544,-0.23349078250527902,-0.05298375560024128,0.5270175144278053,1.0055461664875505,-0.012707166550191868,-1.9540676290996777,-0.8941453552264728,1.0187450718384023,0.8945779230966039,-2.442383525816892,-0.7997782475293015,0,East,C
-2.622635662040402,1.8114280732002477,-1.339490798480463,2.4226356208700306,1.5752170370523522,-0.0265334835713532,-1.3075914469552214,0.45693128939517363,-1.9510611126693385,0.40277517192660184,1.0860510593110193,1.1265583252912854,3,East,B
1.0826378484768322,0.12369255860488768,1.5150177750377116,0.3093456395512509,-0.2669930721205214,-0.22872402375869835,0.268208249759048,-0.4636685070876022,1.0035793670911182,0.35689430357574936,-1.1785929679064835,-0.7139496267470785,0,South,B
-1.9279616734066103,0.8261680885717698,-1.46832204149148,1.988811946002874,1.199906466431106,0.5106940911827655,-0.756149645010259,0.5700679674161595,-1.3617398991185898,0.9909975890846088,-0.1428547656143334,0.29249744117875415,3,East,C
1.0220974171878825,1.0194705974179863,1.183649731135724,-1.0889447756526338,-1.818191897218135,-0.4987133535233504,1.6267859918602956,-1.1336000243216473,-0.7842635003751626,-0.9536173658284852,0.1805459851635583,0.726966907674722,1,West,C
1.099481761807594,0.7505915736657189,-0.04288895522031468,-1.1768338026348684,-0.7422748282895705,-0.21390941292536306,-0.7410483387599661,-0.6046484936469935,-0.04641765925878159,0.5519712589732654,-2.0242793321240033,-0.6105778483956928,0,North,A
1.8507137705374437,-0.09765009840650228,0.3808695269992833,-0.38462337633252386,0.2906224290276532,-0.35407821328128836,-1.184068533445276,-0.8163506573816953,-0.2421316348847655,-0.8120865757507386,-2.5084774586190592,0.22155243252102705,0,East,A
1.011420107000508,-0.42281342648897074,1.9385668569170387,-0.00877628605610826,-0.9139545844258748,0.414447655499593,-0.00767049949576428,-0.9710982731143109,0.47104096020887865,1.134457314476149,-0.765246047377221,0.4793074968659011,0,West,A
-0.7900309209315329,0.2264468619300037,-1.1577755958701386,0.40323353454219363,0.858357959634057,0.2119353130840755,-0.3694227927286054,0.7256682468496688,0.4333832565141359,0.13266190916575335,0.16721186877570307,-0.915463663250805,2,South,C
-0.7973510094266343,-0.1232409444355936,-1.2726596425979484,0.22033057358006383,0.7525242467126606,0.6655905100798191,-0.2702734261638531,0.9275917622142543,0.4350697128431747,0.26764134522901417,0.3345723679429981,-0.8392306507130216,2,West,C
0.4232057400526866,0.7520317850166285,-0.05270425796333568,0.5912839570901682,-0.08811383113631871,1.3698592883593044,1.5197986826519434,-0.6096362134463394,-0.7969147734049159,-0.8344503054026498,-0.4837420996619242,-0.3473044664184223,1,South,C
-1.0369158119847863,-0.08942015551680295,-0.9138084911314769,2.0537628415578046,0.4708041253744706,1.0855383706680568,0.4410168959997308,0.1782926205077999,-0.57987220802512,1.7774393971712337,-1.6373366788312094,-0.397711002099562,3,South,A
1.4769275277955456,-0.5265455133196278,1.1969687634303154,-0.7936862545837179,0.6648689915573506,1.6708411658854039,0.610100254726616,0.5147876308923881,-1.410332129593405,-2.248227285504514,1.1393536021606128,-0.23924091351791685,1,North,B
-1.5089250608802383,0.9438180589729112,-0.9085997118457516,1.0705789549759421,0.5188716146578615,0.831464906299391,-0.14469618311300247,-0.4387261337046756,0.5441795773395137,1.8702570720511142,-0.018966897736114787,-1.58599862390761,2,North,C
0.18652544131356802,-0.6744729645817692,1.5341115509172474,-0.5652202185876983,-1.2625686731868353,-0.9047205040174678,0.4364646946867484,3.2333930407346676,1.4869840472942464,0.8173827966894452,0.9485742057535632,0.5830840760036426,0,West,B
-0.7406113621446545,-0.834924010264372,-1.0216045337468658,0.4654257592197327,0.017711608566782854,1.1389428663720642,0.7063893015703169,-0.9518725867429274,-0.6236665930224314,1.276766239718201,-0.5415447641972693,-0.5676592639781888,2,North,B
-0.2787831702170942,0.6109112982824472,-0.5877217276439203,0.20184675688843412,0.4593577478265848,1.4446255356332056,0.34801251986983817,0.03271463824274833,-0.3866752715066605,0.024672160866616725,0.15401657044335829,-1.075022673857114,1,North,B
0.7002135050267985,1.651127610437102,1.3970442170313075,-0.5838701927504901,-2.1988411072380964,-1.6322706383338568,1.049999946664948,2.0410845753720315,0.17775878870433473,0.19910070194046015,-0.6625994188440837,0.8234217333662599,1,North,A
0.9810340527338289,0.35098169036162,-0.8746101482348562,-1.2518322365174763,-0.2140455165908436,-0.5757593227990121,-1.51976096646448,-0.2855991155292134,-0.6259526830504778,-0.8297743571237294,-1.4940599424483325,0.982786852458871,0,West,B
-0.7836745295134518,0.0011189612109930866,-0.032124508483550085,1.1400408198105716,0.7621668099794493,-1.4655876575458675,0.18546462965703756,1.2535332104562789,-1.2951313570468739,-0.8241014230355834,0.5152611233490381,0.7305751600246504,3,East,C
0.46594019435981743,-1.3872647832246003,0.8077655035847858,0.36340824426367907,0.7193059535469755,0.17721634150058743,0.07494591912812215,-1.4695236722157863,1.2690871141506903,-0.7778379946324278,0.8037182050638185,0.07530932155246933,2,North,A
0.46478511897518276,1.2747631512845388,-0.03836057164084252,-0.47370693338506736,-1.094995009509284,0.42260963121080375,1.0208924141254914,0.7291450967688364,-0.43861802355891516,0.004399728184497937,-0.7979029100327362,-0.32174102093647633,1,North,C
1.5160954278133927,-0.6286211716794292,0.05498128648170244,-0.41589173258449347,0.5431215855762498,-0.8132354292159666,-1.0505873754011381,-0.3288605725890757,0.03907034218414488,-0.7545592601141327,-2.220082164632296,-0.22822848103994595,0,West,C
0.42466987933468825,-0.8327480356073196,-0.4105746962939049,-1.86693116984333,-1.1192624823353798,-1.7010479668373453,-0.5414660148223076,-0.6961463999762059,0.8663165607840813,0.045427993561768354,-0.1390814235040602,0.6596086421051471,0,East,A
2.621795804249277,0.35805629344086126,3.1806489691163167,-1.0531171583648444,-1.2352055009102598,-1.0517169486183553,1.0211788235676154,0.23335898387589804,-0.5633628054568892,-2.6048794755243554,0.2605946931160814,1.565941231487183,1,North,C
0.9001123973352673,-0.15737886145488528,1.869182144467384,0.3945440140793283,-0.10857818703692274,-0.6087223012607275,1.375406580267925,1.0180000810897996,-0.09670856036779771,-1.6716311432450122,0.8524401649049032,0.48714843747402437,1,South,C
-0.9912103266551595,1.2551352763618349,-0.9547639304584218,0.669736949141395,1.2661077874860724,-0.0985527138045326,-1.2020814861732343,0.6434900387819615,1.480657145751425,-0.11543594141058278,0.7349380422677443,-1.009332764646086,2,West,A
-0.7266088213448377,-0.33155201162553055,-0.4314035627853226,0.5349904602932791,1.243368221779291,0.26469413938279907,-0.48230764628699385,-2.437096061910753,0.582599403456721,0.1939582941318098,0.7392813381513087,-1.1625514813277704,2,North,C
0.20386971816264662,-1.0004352150722011,0.4828364607164775,0.6147626338495713,0.6289846141917219,1.3069869706526902,0.038948504359596,-0.3492597328526004,-0.01636196253636167,0.29712984463117065,-0.004516431295273656,-0.22349829119223277,2,North,B
-0.20562837476248347,-1.3869449316690914,-0.9898253305707972,-0.5287879734422496,0.154353631798732,1.0649825465646743,0.05056531126958513,0.3801618675623687,1.4137404018862691,0.12794293178341834,0.706870711199973,-0.25062885730154794,2,South,C
0.4774992135618015,1.039952452666647,-0.09325707001487364,0.34856947833354945,-0.4198831510395657,0.8552223433613798,1.3867580625570646,-1.0692993308245495,-0.5257708396336417,-1.4249659720244017,-0.10440551766504,0.5419750404550002,1,South,B
2.2711149167222526,0.5373935712881118,-0.3195212503080989,-1.717838706551295,0.01673635561148135,-0.36091670298030676,-2.1333683561717343,-1.7390051347897453,-0.5922007035786523,-0.14563206902891465,-3.744364053436585,-0.8819823804031635,0,West,C
-0.45031194588617846,-0.0790392346002261,-0.4085332673843368,-0.3934029441213735,-0.7595670384961477,-0.1680498664202332,-1.1375314293419698,0.42074217437362516,0.9818582626693392,0.8649783884715554,0.32292174483581254,1.6479584682390622,0,West,A
-0.25921755369556687,-0.6305098644749805,0.5521837041063712,0.6520897814206721,0.8717949190669497,-0.7830244441611877,-1.0873239106921322,-1.676839967321998,0.9114892848416944,-0.4958198842822979,1.0335429269152632,0.9585595165056917,3,South,A
1.3206552862299719,0.2675775160702488,1.0053998676395273,-0.19870436181297446,-0.2572209356972403,0.5302433182767462,0.9089194478118852,0.6705279143184175,-0.1495507391914025,-2.5797551560055574,0.8023217808811745,1.4209231645606792,1,West,C
0.4935824127100413,1.0159353105769768,-0.6381579294888939,-1.505464666057041,-1.2779880404792732,1.1915766148115228,1.4490759199354837,0.5570578697450277,-0.8150854450887245,-0.09786060723805112,-0.31250540322529385,-1.0853753382280107,1,South,A
-0.9893710678324241,0.6126299350161897,-0.2855654302176996,1.4221087513404158,0.9464607084165022,0.667491186191846,0.11539753585781723,-0.2622289775421778,-0.42889973321503194,1.3637834014729047,-0.5387508293303961,-1.752564653479772,2,North,C
-0.2821060090488062,-1.3287090887307078,0.15712669750539837,0.5669728076076128,0.01133530429354654,0.07823595559363496,0.8282481748527248,1.606617614610591,0.49700838610659454,0.3185352517491635,0.34374854369781616,0.1570764781348231,2,South,A
-0.017644986149961475,-1.316154674872337,-2.1423924655371733,-1.24448326574596,0.012216946695651517,1.681097281121022,-0.27309815215711614,-0.751029950152135,1.0926409030818833,0.17091891784568394,-0.10764248215267319,-0.4366973471274366,2,South,B
-0.01649717391896148,-0.7331745581002714,-0.20737485890141935,-0.5492692883865447,-0.8034128785466176,-1.3361286194117852,0.26740792626425597,-0.13169843682598475,1.1819067312594123,0.014358565855525121,0.11054736163825966,0.6885463224168109,0,East,C
1.8029205366503132,0.9510255038742614,0.263394654581945,-0.671834205677472,0.26574848344544316,-0.0599915884796202,-1.552299004593091,-0.33760102049553103,-0.5900781477628633,-1.0294888550719425,-2.239362354750021,0.16192340594158144,0,South,B
-1.999469976340252,0.0421797115778448,-1.6391348487630157,1.415630645881196,1.4251255618459036,-1.1557126511199698,-1.3970427995946872,-1.2736017247816813,-0.6606609731377715,0.014099110660563158,0.7900066241663911,1.087478196602831,3,South,B
0.3988455694803474,-1.0693915167972963,-1.044366428367129,-0.4843330110382088,0.48639852112857657,0.868168265761092,-0.4718330801210718,-0.5173791005063785,1.0786840119739378,-0.760451808502474,-0.022375793664539963,0.1656071184624686,2,East,C
-0.4115769441891257,0.49094588382610704,-0.1241785540887557,1.6148956148081206,0.7300436392457198,1.628200938640506,0.037154683466594736,1.1835434368798734,-1.4328137945177133,2.2621989455332367,-2.2893064003794317,-1.855195552422729,2,West,B
-0.8716885875781868,-0.49033066657258045,-0.08418946469134708,1.295921244288205,0.2361572953300969,0.3828523497824653,0.16788403956919631,0.41611410438823265,0.9785097114551878,1.27668695126229,0.011336269717123277,-0.05557349771744441,3,East,C
-0.9999703748495992,1.399147610361112,0.15691771153488554,0.44265396507904714,-1.2972698468775885,0.7303313223426858,0.739538520151342,-0.2927490384027263,-0.7790071806043818,0.9308920037811277,0.925620766098316,1.38881944971379,1,North,B
0.5559722352011714,1.6291256171245228,0.3064235603885828,-0.6368337846889666,-1.0461935865269412,0.03235521683974166,-0.1155902830821522,1.0443471624996994,0.5995728174309014,0.35398730215631974,-0.7596055076022151,-0.17676190260522318,0,East,C
-1.1752379466501457,-0.9038964041835967,-2.299145684857633,-0.2914709448569521,0.9916510196261815,-0.5834023988150526,-0.733832687140794,0.8865711499038726,-1.3008159931374177,0.12825844208412562,-0.09464106448740923,-0.45572432376241656,3,North,C
0.06856693795461584,0.6578137882498661,0.5812544651542119,-0.35891988774751915,-0.7108074168950164,0.48524915578232153,1.3130830957909438,-0.6555063100570049,-1.1707383217296672,-0.5884919277674109,0.9994102688182048,0.18094698494095718,1,West,A
-0.4805182947763591,0.09584642285773223,-0.2417894603243113,0.07685074259906868,0.1370649441127216,-0.600147750901989,-0.46843991381961275,-0.06828573047910647,-1.1961295251668795,0.22386045742615732,0.00013414387698323918,0.4425202105188702,3,East,C
0.4322240835445531,0.40483161972507287,1.1340025346017188,0.07795740331500187,-0.4755389578469526,0.7546547245431093,1.8775365561609112,1.4663504265255622,-1.9573154414195362,-1.5196029704177005,1.2267625151922186,0.732408126312601,1,East,C
-1.8131155858127814,0.7573918510169095,0.761836621649702,2.5917634804333507,1.2475686712952705,-0.916322711545502,-0.656108059662677,1.5736059662380892,0.45684891326845295,0.8582896564867294,1.2884279364940496,0.3460335008957297,3,West,B
0.8348467555339683,1.3534145096779318,0.17973778771042767,-0.9604209029998617,-0.7858040391546758,0.09980147131299094,0.5507909179043281,1.4099811254541237,-0.4617319996830296,-0.5722494154557555,-0.5936810317838409,-0.6025854174633808,1,North,C
0.16871098222822628,-2.0029008109483564,-0.8416650372412033,-1.615397127128247,0.7401536216224479,-1.4026164460472679,-1.0088794910125394,0.49970547943895616,-0.025623854791097207,-0.03784653869891267,-0.0771869659265342,-1.2676395376567058,3,East,A
0.61056722069116,0.20191928689995942,-0.6523787173964961,-1.819863556591794,0.026724254958181384,2.5674201381989046,0.17306365973844276,0.7611454147555998,-1.3707748585541462,-0.898743757169447,0.9781947281878078,-0.8723986810845432,1,North,B
1.0711298911626428,0.8722961860794768,-0.2193718994057265,-0.8273002153699944,-0.713588132906185,-0.22257636160137298,-0.40898077553747186,1.6398896491535548,-0.2541649501622219,-0.24565768192833234,-1.7954412195807499,0.16873124086578978,0,East,B
-0.3812835036126447,-1.112447321748068,0.02982619674632744,0.14206957880955426,0.27675644187822357,-0.27518848589566686,0.7474024474665864,0.4410306772240369,1.533374826388492,-0.6552420656990426,1.6339594003918703,-0.0422516077497965,2,South,A
0.9085849088360203,0.3191562903091585,0.647627041985144,-0.6838544896245492,-0.4443360170376349,-0.7633746904419305,-0.6566390456589704,-0.9385883007945284,1.0572014056122303,-0.0905933347908109,-0.6928590894941922,0.009013498085881455,0,East,B
-0.4558440122578239,-0.0007601240708501826,-1.788219359078115,-0.3787242816727404,0.6153469552287074,1.2335067662729409,-0.7515688754939225,-1.528839946528756,0.8839076973235449,0.26147363751004776,-0.06922003861096836,-0.9055120764938347,2,West,B
0.20951140904909188,-0.6802308077365169,-0.1393471786312029,0.33318749011294096,0.3932140626327181,1.627264207546161,0.03711030781932265,-0.9606470995373301,-0.1309267670858558,0.6749664853072525,-0.6884226663481924,-0.6196381447674043,2,West,B
-0.9734307918497777,0.30907161070030703,0.48765680874090855,1.4434783010377918,0.8092890192754064,-1.2011897706561687,0.43672603968736995,-0.10655069059484276,-0.7768743634947122,-1.1754778620909794,1.6318679922751846,0.9769629767059186,3,North,B
1.0312228418282994,1.1768359487082543,1.745782924252553,-0.4716749635051782,-1.2572019309364035,-1.1049294256001867,0.606208645498441,-1.8473697247820409,-0.23285908598103638,-0.9194909460646813,0.09646273287889867,1.0764502415409056,1,East,A
-0.4633337657097076,-1.1538083310256764,-0.5118695075429053,-0.05681379783781714,0.8503627808190092,-1.2713084379455406,-1.1990360371805937,0.5956414855887149,0.5233090443548696,-0.2818439893612682,0.5841090532717095,0.46769998184132067,3,North,A
-0.25014852096690465,-1.0167429128661167,0.5940381263571037,0.4350490664559284,1.613643822485085,-0.6736593879686228,-0.4005780243604411,-1.8227758253556012,1.6126876939407229,-1.1606554080151743,1.9887445358090527,-0.8146007853344063,2,North,B
-1.1145881323013431,-0.32293022005864463,-0.7394244491418654,1.0081329838545534,0.09606414067759429,0.018720927410866513,-0.2910028536749337,0.3800941285770423,0.2569524281675506,1.6358277498430602,-0.5257767895677355,0.13904022283354486,3,South,B
-1.0427372478673844,0.9957709985292857,0.15181359154422217,0.8030925265687082,1.752099997071106,-0.3119688093913129,-1.189185429822323,0.2965067459773101,1.067551896537042,-0.661563490257792,2.155701195125609,-0.9465179126286131,2,South,A
1.1510911304197438,0.9542324896016574,2.1396415325170572,-0.8810113853494812,-0.26924724551915746,-0.3783202894393403,-0.5216078990405946,-1.1853637014437644,-1.6222428724673925,-1.1127848044161848,0.7803269935893459,0.6911864808004529,1,West,A
-1.267494901147009,1.1790271201092917,-0.12099218258524178,2.017368132960118,0.961934004660835,0.38075883795504745,0.14125582226467917,0.4103105613839402,-1.113141871633543,1.5012657723404794,-0.7501798350780199,-1.4260616519922356,2,North,A
0.6610339607851541,-0.8859062872700357,0.1354838132529858,0.7746025744710313,0.5308573049719352,0.23591502524152688,-0.9000509989453428,0.8424957502187003,0.19804388014686508,0.9950426564672532,-2.35402352127606,-0.19421659773239255,0,West,B
-1.0063553801721257,1.8018801372732296,-0.12256716865342644,1.6049295977087061,2.024491866024807,0.3747667813489899,-1.6032551488955717,0.5600033891368035,0.4827021345703858,0.7925869201964206,-0.0656460999392418,-2.115159732464198,2,East,B
-0.5161014083468388,-0.5747404984461368,-0.3881644054076203,-0.9122017919179759,-1.4221294633945092,-1.1478164668153874,0.25102266054275585,-0.1652622533580473,1.5447304368185664,1.4676113761545408,0.10376861162382187,0.15708467939581944,0,North,C
0.8814910426022633,0.9798378510199581,0.0660320057772509,-1.2575271170546825,-0.8940741687788857,0.678380484756579,0.9056521412495734,0.5760191980495964,-0.7782626940638271,-0.8768142747942216,-0.09026957102096658,-0.3736482150315676,1,North,A
-0.9377039834074505,0.740045186478659,0.05537761470128176,1.188309490442334,1.0481062427440742,0.6380742826870996,-0.35984959612027834,0.1703604618035508,0.6049451278647746,0.9960745955397977,0.40230387069981444,-1.5279952345316865,2,East,B
1.1514477772180336,1.249016359518556,0.634751624431939,-1.1279881199159818,-0.9584733206275371,-0.4503336178383405,-0.6032654574309408,0.06961009405837805,1.1605736106554174,0.20239199249106385,-1.122276675085508,-0.4563176171842562,1,East,A
0.22959658206598954,-1.972376405419027,2.2142129254373426,0.4198972492468933,-1.0991562209101577,-1.0911259947632435,2.0067649643882453,0.2272181572797527,1.7152398788241445,0.842282538674574,0.8580875568080435,0.116088933678614,0,West,B
-0.13671202496008772,1.6132500030390131,0.009331853202542345,-0.9546361540575216,-1.3810878741815324,0.4511415288841981,-0.12918531787951576,1.5925582859910599,-0.3432799401486611,1.6431657988282267,-0.543217355721694,-0.5286065798196498,1,West,A
-2.072686426420811,1.1133388311647756,-0.8874459295024664,1.68954364966741,1.2221032560174383,-1.1276100724766553,0.03727531447541814,0.01464739777866126,-0.291045672391945,1.088232398386305,0.3320647555230236,-1.777761159164737,2,East,B
-1.4668724170505634,0.5870521451153718,-0.7612188221198768,1.3680517949761892,0.3371237668063148,0.7127111783273258,0.642280037726026,-0.7036551669520966,-1.0833468928460974,1.967856671758044,-0.6412640508911358,-1.4121331577712672,2,West,C
0.8103659929171947,2.0395764255584883,-1.1584736726704028,-1.6934480840244717,-1.177809649331441,0.1240449332902498,-1.403229571383711,2.1026901825548237,-0.5119524445756483,0.005212129356434776,-1.7887786941910557,0.6291781620184492,0,East,C
-1.1465275204014151,-0.01349635453210815,-1.1648862360937005,1.0375344677092269,0.5114149867362608,-0.09325538659042844,-0.47285895902075054,-0.2326303267413857,-0.9511553119970478,0.895369827903364,-0.6146826165455705,0.3601287466702252,3,North,A
0.9935242027308554,-0.5973749467538818,1.673919826461576,0.1687218599992511,0.8212290400292972,1.439898268762666,1.1146217259591806,0.07663752686285297,-2.1802316279207163,-3.03946924824158,2.2758888016427075,1.250877088246169,1,North,B
-0.9138026479158049,-0.890235881896232,-0.8253353692297988,0.8983961807970654,1.6006581671407145,-1.4356859862210822,-0.4482066359275631,0.00028389015317787725,-0.8577120904894762,-0.5760536244444122,0.2342102189823236,-0.35420543952364925,3,South,B
-1.1532712064182535,-0.48102542093404393,-0.32170769706529356,-0.19632848155645274,0.0965746367677843,-2.3018350999992623,0.554541676305434,-0.6805599770333935,-1.4441783986902845,0.7451352905692363,0.35283429529195587,-1.1437013950943489,3,North,A
2.0832651231803814,0.35777765365674097,0.18374377032856123,-0.6007482080526946,0.1127441364314851,1.1747667521058318,0.9976719875481883,1.0190862598817607,-0.04157269533474721,-2.598442506871779,-0.9991200760429394,-0.38920476284894084,1,East,B
0.5557512882975488,-1.9437724207963931,1.447584493030068,0.28498171553158946,-0.5127993385825288,-0.9111420034973692,0.9978653175854544,-2.1809131090726033,1.0149207568051415,0.8359868344053856,-0.4983651846421777,-0.16499965039095016,0,West,A
-1.3026727297707186,0.9297068433059964,-1.455445155933321,0.5667633485591212,0.9472706511354907,0.014689012988835055,-0.8653737947497261,0.8839342096968178,0.9547091769255354,0.30697228018875944,0.5733114069638559,-0.8349981268982195,2,South,B
0.6960440810059124,0.8127302601009655,0.8511868205484863,-0.6478963004587899,-1.9144418606402025,0.09313845105180851,2.0012972683457693,-0.8736606949477161,-0.6067629274291294,-0.6426415623485127,0.20235737617555977,0.9923708267149078,1,West,A
1.025760783890963,-1.1326999488858382,1.7949835735526265,-0.49628656951614014,-0.8790539665653959,-0.9667457206959718,0.5589113769307266,-0.18433175139725944,1.081564803405372,0.5586593602769436,-0.3870671737257336,-0.1645271578188842,0,East,B
0.08232914500522667,-0.35974541733471604,-1.1933507169892807,-0.288554680346202,1.1233282513548166,-0.10338379674162572,-1.3429204174068867,-1.1415111702850587,1.8971313578264137,-1.3499718291866416,0.5268983722389564,0.07913159330183801,2,North,A
0.6218360811292595,0.4016436663669937,0.8400392752820429,-0.6763970396192687,-1.026539965601745,0.6172209579182593,1.27910307952973,1.3468303959273418,-0.6356953857040218,-0.16754742854862614,0.22606300606285631,-0.16782890210766094,1,South,B
-0.059221001739438145,-0.8300975629033897,-0.5862697385673997,0.6175264134660094,0.4911534063266185,0.4894203234745324,0.1120188271049944,0.492646792372224,0.26068372049644284,0.2933788211127556,-0.8128479410904962,-0.3094296391099999,2,East,C
-2.0900650446345344,1.7244972587718654,-0.6451645376307059,0.905520381487888,1.0691362342418396,-2.001454138652932,-2.0430320425270003,-0.18560957419391666,-1.5709666415063046,-2.2213021063420295,3.530624223486661,3.7395893253212074,3,South,B
1.0194416534076403,1.350647201274932,0.6565686852069306,-2.0763196518765255,-1.8130370871345578,-0.370119450450036,0.6055395206356703,-1.2950931106513914,-0.47497715836796983,-0.08271354538097811,-0.22518982617406433,-0.3819411527445927,1,South,A
-0.599943803202929,-0.5051884748430133,-1.3829708477264404,-0.13987025787855936,0.5169335091989604,0.08371079079369628,-0.28175553195470765,2.1621404612581374,0.747511145894234,-0.32168109424429436,0.5338326037601798,-0.12780823771161395,2,North,C
-1.3436702393582547,-0.37663894078793686,-1.4789002614462539,0.4367032714221065,0.1766434114841736,-0.7019383124674073,-0.059708128945947334,-0.07377593074412014,-0.8163809233465714,0.6441980222021678,0.0010681625869324645,0.37996586326900456,3,East,B
-0.7249180488429827,0.6164525357197534,-0.7393462403479357,0.8641101925641077,1.7655302978485843,0.3245816597663334,-1.6250943856341618,0.19108719662626228,0.49222276399037557,0.3391046396264022,-0.06720757226916386,-1.3102213645444918,2,West,C
0.9189836793995254,-0.9389170650346153,-0.9668180619961522,-1.2423152078740047,0.04769696554014676,-1.2005060152038731,-1.4861970443501589,-0.7046490140133739,-0.06670209956413803,-1.020601758971368,-1.2067368279970394,1.193479986668445,0,South,B
-1.6679893986344227,-0.2761092810536559,-1.8170954943275965,-0.04157997354080383,1.0768086765533798,-1.415903300300972,-1.366965787175536,-0.181434763762283,-1.0350340799381936,-0.21547231213626425,1.142204774602896,0.5075485830447647,3,South,C
1.15989106723957,-0.23950310664961344,0.6113218686554531,-1.6848125692196216,0.47245845397163116,1.3959430125306473,-0.5038097503399229,0.15803649868832678,-0.636758924979659,-1.6144515717179202,1.4149592196110954,-0.4105460243645588,1,West,A
-1.7785431792506319,0.28418335319747673,-1.387652140690193,1.4604952727874294,0.7060089068781774,-0.4036759047749482,-0.6914691395074934,0.9084750255811752,-0.8129679729085173,0.6878819571836441,0.1723968647757931,0.985063407783671,3,East,B
-0.39421452447215843,1.3023078705027682,0.21153347619502483,0.1586223077393695,-0.34783039042451475,0.635292627902973,0.014753638209847085,0.7051217302292944,-1.0826326385815068,0.0005569454135425235,0.6932961703012291,0.7210844487213566,1,South,B
0.6155868763077025,-1.507834419316376,0.8074057762478409,-0.09311293939691523,0.8299614598343107,0.8576487750607841,-0.28266872412606203,-1.183771400917569,2.067323583333958,-0.6058931048771534,1.174791880526122,-0.44106397102312234,2,South,A
-1.1338659583862318,-0.1588387689742648,-1.4215090849770922,0.48813322132041664,0.04961217919814414,0.20424917519093286,0.4726569311815006,-1.722726063989948,0.6018706433046215,0.8376886653930766,0.01398793040951873,-0.5237101560453424,2,South,C
1.1910500246942914,1.7684414732560072,0.2268722060629193,-0.8524395898503226,-2.349043699221581,-0.6168802652339082,1.6291123311080917,-0.3920206071888895,0.4428830525647728,-0.39839261754037736,-1.6713871071141062,0.5020994307545487,1,East,A
1.0068393690683703,0.2737988780279793,0.13071296832267534,-1.4363167353837683,-1.0023056953054155,-1.3584398358178482,0.39728602988372563,0.7266494687444862,0.0321927045238139,-0.9675630419735144,-0.5407695213085053,0.12164589326399249,0,East,A
1.3435518405745535,-3.4939514492796153,-0.9828240853367077,-1.4150467059540937,-1.3816819748043667,1.3705734340815476,1.8164534563260029,1.1309579594662897,1.0894099794074146,-1.1043264807416349,-0.2829399541325493,1.8391462544356325,2,West,C
1.399067090206005,-0.012770718988208297,0.829861048718725,-0.189824399990258,0.7437281107946302,1.24571120840879,0.3956659262456076,0.5353819732483521,-0.6767679886863371,-2.3896627151737446,0.5035153843774283,0.08284636693305965,1,East,A
-1.2874824721690419,0.5067088922819646,-1.2370239533168614,0.3642681670310602,1.1138310150947048,0.021442399786427816,-0.8397740895872043,-0.948963850598796,1.3567656719390138,0.19439738236651707,1.1657133718653636,-1.1115585888091128,2,East,B
1.085331239792818,-0.3559634720509541,-0.3565354653945821,-1.0110897705913304,-0.2947921583178607,-0.6652161376019258,-0.9631300604053462,-0.7501349904949312,-0.08563201490392779,0.5870544016414523,-2.454440940429004,-0.5808302245782077,0,North,B
-0.3381357911036626,-0.8999033395691868,0.9653877556105466,0.546732582692016,1.0695087865631998,-1.6434802186944113,-1.2329122581142453,-1.3144360983567134,1.4068202064592643,-0.42370602773732463,1.426879103728699,0.4802772109029575,3,West,B
-0.04314401770807928,-0.3342484339284209,2.0538749916392804,1.4277997600405663,-0.42458655015383434,-0.3281427011711785,1.4232268952261975,1.4177202414232568,2.4848436774236986,1.3598547035405537,0.20377429490962745,-1.0116731308938536,0,South,A
2.307070356939617,-0.4162833543217,1.5412604221626263,-2.097104829777672,-0.04628883285107668,1.1024448241575102,0.3681178295303215,-0.7850097341090094,-1.00863896277254,-2.600826363992573,0.97610889554446,-0.18361403011358898,1,East,B
0.07475861093843165,2.027731449696637,0.22986423299913447,-0.6235037786411073,-2.155738726970442,-0.7422861860631418,0.9890282045837068,0.45880807788667316,-0.15296859180846667,1.0555891024895583,-1.0383310086174729,0.10126376136213577,1,South,B
-0.5377442956358148,-0.18679953396140148,0.02701917931473241,0.7517563062702508,1.2265828968394974,-0.680649674656953,-0.9270326113995421,-0.2902806788179018,-0.33903074848928955,-0.9994372869666166,1.1207988014903394,0.8190426122503385,3,South,B
0.2604925509185354,-2.160260198075828,0.13806541869398045,1.0052203803853608,0.8977614646997752,-0.6166964747482003,-0.4576511661112676,0.6322348603345822,0.16635211270111944,0.18814428393940455,-1.1587453149070577,0.5231365885346605,0,North,B
-0.5696257675274853,-0.637460956606901,-0.46024231496532164,-0.1820110493823586,1.591812574188974,0.15847292998892792,-0.7465894411014052,-1.212793963893616,1.872168023101169,-0.6356409793897515,1.954585349705477,-1.6107473748572563,2,East,B
0.6958786631443695,0.46960109176963655,0.34093112162637906,-0.08830506951257737,0.5489475423762937,0.7795231040540392,-0.12491616761506892,0.367122794595504,-0.4910328320046313,-1.8791546572206244,0.7396690792144476,0.6030720339266901,1,West,B
-0.06375056286884279,0.8413799907926429,0.3399788792377358,-0.3139761266058324,-0.8117097639953605,1.0215074221771179,1.25111728464707,-0.9002989638894077,-1.5657042048449972,-0.35400709391696966,0.8977594411615483,0.40286627422878274,1,East,A
0.7580212941148771,-0.47220785066569165,1.441191006202619,0.724587899052553,0.30154193898607967,-0.6878165296254012,-0.015779412346016458,-0.4217114371164958,0.1552768429985787,-1.5281519790784954,0.49304281569532404,1.6566976835951246,3,South,B
-0.5290603825671237,-0.7891353208727561,-1.2938295997448566,0.14018425299505607,-0.4555129974824105,1.2124805669902325,0.859257284082743,1.6093243936065211,0.15803611077420535,1.0820820419007056,-0.6204302859090343,-0.20800730560180997,1,West,B
0.3592605746127249,0.4076579340580083,-0.22913751651809147,-0.8175261554951733,-0.04786415554139171,1.9779970571580416,0.3488627430133243,-0.6373541140981049,-1.1622592227539252,-0.6860457482432463,0.71874893107195,-0.2132325665332142,1,East,C
-0.02303112996085395,-0.9852733786864698,-0.751171436335504,-0.21159888921463899,1.513400622311095,1.066576106382539,-0.9934283557256708,0.4683471651543407,1.2100006968393682,0.011329900203284171,0.3115944398314379,-1.7225209589287163,2,South,A
0.8751056705555706,0.9333269379188393,0.9257621214702281,-0.6932111161831994,-1.221850408587322,-0.3147102727806335,0.6698136066030371,-2.2454057202363646,1.1254458775306015,0.4211152156315639,-0.7607276299069005,-0.7812124290071424,0,South,A
1.3914001675004033,0.3909435400082952,0.3897028854400195,-0.6901241187730427,-0.7182667410054563,0.8831638419647705,1.821683470764486,1.778856590923704,-0.44189525386773637,-2.18584182427181,0.10142791169363963,0.2857546553807995,1,North,A
0.15130313839748238,0.3326212228078821,1.19349505059105,0.05659297138630561,-0.85188954783066,-0.3949898268345865,0.38348386063976564,1.0684771960962682,1.833852072840762,1.3653273880053882,-0.1960377363880795,-0.8060421148715771,0,North,A
1.1621039228892447,0.2465792235239949,1.6785463217070276,-1.1170979724806398,-1.3583344246665152,-0.06121894351269758,1.7765089253427335,-1.344071317894832,-0.9382246738460629,-0.8530537063159644,0.564434317728666,0.003281075823331681,1,North,B
0.2434883415659328,-0.18773319733618274,0.6493262532546384,-1.1488129657663702,0.1815044275823682,1.583377664249991,-0.6610976100761484,-0.20966633100130466,-0.6588375238136817,-0.34236338356874435,1.8788374858402193,0.12531160160050872,1,South,B
-0.14140944785509735,-0.37544886698453245,1.422185895707928,0.32193283202760664,-1.2123964231585909,-0.39028511061718446,1.172212039440613,2.3944894320168473,1.5973533460091895,0.9581855653276331,0.8320336939831732,0.46383271160732326,0,East,C
0.18699667943784384,0.9701359196161321,1.0170158898165167,0.022288260290625424,-0.5648578734041133,0.49159748708966455,0.3873812313026838,-0.4745708265633825,-1.2692088784377873,-0.6652128500021197,0.9393834213940765,1.2775977077494756,1,North,C
-1.585450729091232,-0.1282570078608613,-2.1190128815306517,1.4887371857800973,1.760391788640107,0.4853582657752652,-2.181930135916372,-1.5853079639230623,-0.07936702985961723,0.2156157832763621,0.08428440707572417,1.2139136741012673,3,East,A
-0.8708701810081746,0.8470400504668106,0.3814861114220604,1.176724337149135,0.3816887448875269,-1.5105924500915724,0.511293277881167,0.7833312819754071,-1.8885813307955883,-1.8339276875259458,1.6610417903131462,2.0190743836890426,3,North,C
0.40637230203137714,-0.4099081483755299,0.14486869705098218,0.14110891128801362,2.0749278968846916,0.9937497912296802,-1.6325534255991383,0.029067246569547848,1.105235845794631,-0.5007714645020295,0.3532189376404754,-1.729715846942128,2,West,C
1.3563745160958778,0.07932032759388799,0.6993403181724502,-1.556441603781868,-0.5103606602341108,1.4687439217713942,1.0297827660906336,1.175080143285264,-1.2765240065851529,-1.6721965784398285,0.83917849457677,-0.13323520564405952,1,West,A
0.10409437627667256,0.8745459588101492,0.805473104508383,-0.4582581452971885,-0.8512634756218735,-0.08982523129108178,0.39661325841308215,0.4026526101123134,-0.5920101320948487,0.7710139284096248,-0.05665860971536311,-0.453366226208051,1,North,A
-0.6842162089118186,0.48484425847978857,-1.230211448362143,1.1070924630028776,1.4104221266434103,2.427503658889665,0.053443071555210456,-0.8860989521487443,-0.6728417206193871,-1.162766044503213,1.0342564142537969,0.11790029431020733,1,South,C
1.648665442748391,-0.28912700943271274,1.1621875786790858,-0.3666876989496404,-0.3766444833804004,0.687803132691595,2.027189570010223,0.1312321344738876,-0.5827572926782033,-3.169210813907318,0.941505590406548,1.1015561549604769,1,North,B
0.028998463282656928,-1.3326760094184011,-1.361970107066463,-0.3596934502207111,0.2628782595091302,-0.06523813538668524,0.08625986212930022,-0.6048004274417417,1.1597090885202093,-1.0729389317355666,0.26919138314968605,0.5928837234934207,2,North,C
0.15818402290034894,-0.14369283582925685,-0.06793181985270336,-0.02337659971759237,0.32478410736570545,1.0567931268010058,-0.8123104828594881,-0.011243579090599152,-0.4524630175371856,0.572660975342556,-0.48786537256988854,-0.06414522719940188,3,South,C
-2.87195871643008,0.36856431224611724,-2.646421570888425,1.629006064478602,0.5589186036696314,-0.0832077000566601,-0.19743660560757056,0.7168486925039897,-1.107875260041878,1.9171755669051784,-0.01776970584840883,0.12826339890293248,3,West,B
-0.5812072120220426,0.19702502467933788,0.22972706452931257,1.2766487934942652,0.9489483809086406,-0.03687011315824553,-0.22304015825919019,0.08081032013356994,0.5844935177500644,0.26680080972237374,0.2431897661089237,-0.5740640516340173,2,East,B
0.04120093211483214,-0.6128377805820837,1.1742132677554489,1.4119932700593028,1.053371922016917,0.1083672100862559,0.39635225743048835,0.0919197238726031,-0.1593829023304697,0.30356660588248874,-0.2320195559227926,-1.0406276860182218,2,North,A
-0.7283211833345066,-0.846285810218439,-0.6475049895520807,0.45846539346861515,0.5984014321208547,0.13567068979380564,0.2492564781905486,1.7246470491128332,0.34863938700366537,0.4444304772444511,0.3469646666987966,-0.7130293047078853,2,South,A
-0.08933819374787864,-1.4719103081356837,-0.38911178444086664,-0.2808211929071971,0.8985362629614736,-1.3319107585464627,-1.956761027351904,-1.0167547355308406,1.340985405902831,-0.6291609802386037,0.6719850842135586,1.2282089428848937,3,North,C
-2.4607687029654097,0.34870276490561275,-1.6563420767896229,1.998626266759956,1.9884259159574138,-1.244380956040844,-2.253479231201314,-0.3988779921157118,-0.20938815077822545,-0.06428781534400337,1.3704102035700427,1.610594046699391,3,South,B
-0.1419778947204485,0.6084968802277775,0.048531949085317175,-0.30128725218583907,-0.6186337100111929,0.8514058814574836,1.4018519882374891,1.2932414774796428,-0.8656246237724355,-0.04996897101865136,0.597114438803743,-0.5482850346078547,1,East,A
1.2627668146541695,0.3951245729704836,1.324300039310205,-0.9034761066837859,-1.1338758267150957,-0.22555122647307788,0.0964124473316573,0.6370105695253208,0.5491443107221521,0.49050443666663934,-1.0169140958885454,-0.29622996877143254,0,East,C
2.170598300731395,0.9122119697320584,2.064439764203921,-1.4326213202638536,-2.2747390387008353,-1.5373752053027785,1.8116517544680912,1.1615129419283303,0.1962492543318065,-2.45148842740597,0.10667594450971006,1.7986239591129112,1,West,B
0.05050877538027201,-1.1589840085886922,-0.27657278378867434,0.11083596391501792,0.5854528248937845,1.1031285450691513,-0.05615509727064354,1.3201816187573157,0.4314133559290503,0.24855643166539984,0.04069749048745499,-0.5170306760772565,2,South,C
0.19360958571985418,-1.8246588655058955,-1.2612413776165223,-0.7900212043184619,0.5553179742690337,0.11168780374929475,-1.7653998775344804,-0.580314544456173,1.1548406321027476,0.12661405433153688,-0.43291515112187007,0.6507580013756423,3,South,A
1.5085131908272418,0.6214949512538688,0.1049495863724857,-2.1359462346270086,-0.9431962226923404,-0.40922861263769683,-1.5897927369700267,0.24008258079375672,-0.9392933160459873,-0.5155738086012135,-1.2205346335689524,1.03328841207692,0,West,A
-0.24938565088938144,-3.0821858792781125,1.7470077841542022,0.9085266988480833,-0.4653628546430876,-0.9573224317483359,1.1175833735896306,-1.3877175671706508,1.503679893072516,0.6341484349217914,1.426200683346179,1.6300867751998587,0,West,B
-2.8393930446043996,0.6967300711013703,-0.8970529473619585,2.7259795622500698,1.0194701291956172,-0.9815918422229244,-1.3362101986812924,0.564910957543589,1.120722270253379,0.8564472328508813,1.8357009078555422,2.1656184540519003,3,South,C
1.811287496016866,0.0027373983572250935,1.7310351351314914,-0.6847285730332878,-0.7605538910825709,0.4338029550349759,1.8191408033703123,0.549579109274798,-0.7194641878939568,-1.8600053081435177,0.10482373695495979,0.08887340571897669,1,West,B
1.0833207497456963,1.0383227847349035,0.23585925677848404,-0.7197131159101962,-0.738745920220035,0.4073336984179778,0.7041832900941409,-2.831081266787382,-0.28808184640850565,-1.0507649012839562,-0.6020965243501907,-0.010128185132450345,1,East,A
0.31768838121864085,1.229347800366909,1.086823799683798,-0.4791968414940414,-1.3907394942079647,-0.0035066498204357607,1.4022245322772027,-0.37764607852479165,-1.674572018390654,-0.4135910116221987,0.5463711466538506,0.7278971744589443,1,North,A
1.4852746846468163,0.48072969641217966,0.8204611849656023,-0.11319456137679261,-0.772169049922082,0.7774526926428553,1.540309501525859,0.13829183920894353,-0.1759337229006456,-2.082580226116606,-0.17941983571894962,1.081852124563203,1,East,C
1.9812354382119317,-0.3084758771058428,0.9541978323138877,-1.405352583952538,0.6876198732672255,1.0114625686175593,0.22104439082259114,-0.48083819974983,-0.6654394198622716,-3.0218293913425005,0.8978366186240627,-0.37887876160159983,1,West,C
-2.2476734115642643,0.6420038239367725,-1.02667177431427,1.5752141913199036,1.3318347186063564,-1.3181468125435407,-0.8178699363785363,-1.0375959192471131,-0.9439889878890623,-0.20280965446258153,1.6998924986358372,0.8676863815041437,3,South,C
-0.6492254105434643,1.032305483189647,0.759284325253498,2.2049538662139745,-0.08816180879750703,0.10688629093992191,0.5255416416568581,0.6848759041133747,-0.7752648515716318,-0.10549075482676805,0.1432476388964677,2.0358418830285796,3,South,B
-1.5900343623091493,0.3443927420448148,-0.7637253705036825,0.5897708931357294,0.22936336008074534,-1.4308749614883338,0.8336298771797624,0.04897156225433631,-2.3567098068425865,0.749022263106283,0.18657527948758174,-0.8333843945736679,3,East,C
-0.3639428944927115,0.2941414931764859,0.9535502669298369,0.5187852765499945,0.7265497735310658,-1.5916434792499063,-1.2977458236625983,0.23219138245668852,-0.17340122759136276,-1.4279232681625424,1.8630135478567036,2.017289345190917,3,South,C
1.9618383241763595,0.10861084223696091,-0.12887418082197485,-2.3674841764103394,-1.207560787907211,1.2910407092394867,1.7318402755882305,-0.8776817995680443,-0.10442180115110221,-2.032231824856927,-0.1126017339116244,-0.7283827997090762,1,West,A
1.6961335218142952,0.03359720307363305,0.4244651005971003,-0.2794473431390477,0.4658524843770089,-0.19599935582121467,-1.0782198222059596,-0.7730572119061946,-0.425212558671895,-0.4854245538182117,-2.5337284297070286,-0.44633746582324274,0,East,A
0.3514499559102239,-0.17067839227322937,0.14257434432084928,0.6944623289634239,0.14939744371737737,0.5371419371914242,0.22724209414049348,0.5676823940062774,-1.0451874331737783,-0.14284634477761038,-0.9784525563315719,0.5475487108325845,3,South,C
1.0773731342608932,0.336593076749081,2.4064291014727086,0.7901979109190801,-0.008681508675139109,0.5711169478607453,-0.3299678998415279,1.3414500364449866,1.1788018256204804,0.755770772764823,-0.6675415868238233,-0.37806747696506077,0,North,C
-0.8652869695581481,-0.4312268391905676,0.09141937031241586,1.6696217732921965,0.5600144493462015,-0.3252741745633081,0.13956671731310044,-1.4445752494774295,0.6660759329206255,0.43726603676205544,0.25136802773276934,0.5200540121658738,3,North,A
-0.8498862161147923,0.7236835746609834,-0.8959639998811814,0.3640100025277388,2.1331336681258946,-0.3866368932045258,-1.7626871760219582,-0.7391961372645858,1.7704272787220998,-0.7440733955430187,1.3273611566716597,-1.6654209783522425,2,West,C
1.4192642290733162,-0.5670239984494868,1.586077106192791,0.2874042101986747,0.13697598630012098,-0.8152140618360996,0.396122479583999,-1.2939280188344555,0.8262382856545585,0.07916934084938158,-1.7084601357575875,-1.3064241779701133,0,South,B
0.18930041626094535,-1.4341144174772726,-0.562389215942552,-0.5467505201787966,0.5099810506012878,0.2395916508166871,-0.026960763989071407,-0.07040818796752793,2.2066796194373763,-0.8963978560756067,1.0708042945293927,-0.3058602337414531,2,West,B
-0.38644337745786156,-1.4264750141010796,-0.07510968173253948,-0.5609315266988827,-1.0880470688876867,-1.432172784787257,0.5400809919647894,1.2660857795053833,1.6762676272871693,1.0518886064685484,0.280237722613436,0.33325269602375535,0,East,B
0.6035123410009497,-0.6062493541625246,1.6803724900893355,0.6790163040934554,0.2612916177133702,0.16140709909890663,-0.8706631678955793,1.875097321891949,0.6707210862517216,0.48008766929720254,-0.16216160857489176,0.7364057122845504,0,North,C
-1.3962502031258346,-0.3652190648951261,-2.2646596428841477,0.03338126858799736,0.7268858427606444,-0.9860323220181808,-1.1964308129969712,-1.1282552370754422,-1.2454761673859063,-0.3693402082929262,0.37694374658511787,1.281902490463593,3,East,A
-0.10185320370429828,-1.0461274004589551,-0.7940432097332291,-0.6842385098900864,0.284598945695689,-0.224918496872093,-0.8724383197535183,-0.29218866549480343,-0.22365041777862898,0.5846962398889284,-0.46905796362433555,-0.29935951656733584,3,South,C
-1.0805952699042363,-0.20827876691070119,-0.8539530051308737,0.8025371876327179,0.18069330348008747,0.5777791154041417,0.4727575054834474,-0.27083755133051207,-0.28137951801713457,1.0631987851101354,-0.011409260832580684,-0.396114427438336,2,West,C
0.44060217667106005,1.0978427790808822,-0.21970329829560492,-1.4750735689310392,-1.642571369108022,0.03321392733928515,-0.8152920993474222,2.0979243831320304,0.8310569910758991,1.1531321895229543,-0.8840011897383767,0.4551215155533234,0,West,A
-2.1720751940326664,-0.14843296880494208,-1.5456309372334183,1.5750510050015376,0.4603483893089139,-0.7107041397130066,-0.7676773661817072,0.17837260912049224,0.7686953657242329,0.8443992077284883,0.904697793228256,1.644562910414294,3,West,A
-1.2391449832341275,-1.042893334119076,-1.5467466204812563,0.3708663363709266,0.1982100624026503,-0.5587392775188499,-0.06665460735597192,-0.33485194083546777,0.08260434220603365,1.3940226675657217,-0.5205380822670779,-0.3942888052802913,3,East,A
-1.1650181601963587,-0.39308021888701566,-0.3703632091227395,1.2252775082727405,0.04403680695129466,-0.0022900348744428374,0.3789461278716814,-1.2635205315504574,0.1606305513594786,2.3130822385896352,-0.8797122077078504,-0.9730610519824922,3,North,B
0.020139159709115943,-1.632978596320056,0.019795461654391645,0.5791325722562829,0.25808363969709175,1.6855658277172567,0.8217493365676612,-0.7215531926113052,-0.466606325172933,1.690137597497419,-1.1448183717133684,-1.3526904772906267,2,East,C
-3.060750781348081,0.1690099785726182,-2.150862621038163,2.0776777085034883,1.3480519958400856,-0.8793754206703948,-1.2112540187620018,-0.6904861651580453,0.2452582734317733,1.1103059855199515,1.2542983964117091,0.8918791030617593,3,East,A
-0.720456787794766,-0.15389518900183627,-0.5115251554680424,0.005156114505789676,0.3338218666614558,-0.47781358731516305,-0.14658003766008987,-0.13824052356554914,2.5043233962482474,-0.7438051669643633,1.9809740762489794,0.17477016501064482,2,South,C
-1.3511159241378206,0.4441775428794072,-0.3494124385739185,1.3735577706164979,0.707022746929059,0.7150719868754133,0.2490913937040855,0.8376944501374658,-0.6990598743570773,2.028505596858947,-0.4157695953298168,-1.8111954670825605,2,South,B
-0.7305579707771188,0.3439768734644543,0.4395652433904431,1.353166430470048,0.9428489615324027,0.5233076041896468,-0.1749574599491956,0.31854560041770474,-0.0011526730636873192,0.8313851353804991,0.26801966156487633,-0.9028403379856174,2,South,B
-2.3819396222164726,0.6501793280879253,-2.030527966289205,2.0107350078595676,0.9724376593639188,0.17026412833692,-1.0942496548910279,-0.8530342497696013,-0.7041791226270073,1.0650816992421535,0.21901689427197601,1.2512093563582947,3,North,A
0.11139699591049908,-1.3893941984364626,-0.5343531879956096,-0.08637902506573096,-0.03963893293037845,-0.2763828663011615,-0.3695690293288992,-1.1506917921714446,0.29833468653134504,1.1442818273226711,-1.4613963610534049,-0.23766250701665476,3,North,A
1.3289408287346147,-0.08181009617093307,0.6532323807607922,-1.4248746376191965,-0.6944361218349852,1.3809064189583846,1.6719380294221633,0.2711373358090067,-1.4382064225696678,-2.836919251268432,1.7047279394271795,1.076656434549707,1,South,C
1.217647276702247,0.8338083335867814,1.4109278698796863,0.2634270586045179,0.16144241761764483,0.2220931126096177,-0.7520815427698806,-0.41393300505650404,0.46346624400843434,-0.28505138236046595,-0.9758629335295598,-0.036700332439686754,0,South,A
-1.3409278164615233,2.1456378477163374,0.565581530283304,2.439518176127628,2.0604955762199193,0.42444166348237655,-1.1248210930735565,1.5473451246916887,-1.311562851614622,1.1963852937364032,-0.15513960968205207,-1.8841092050207353,2,North,C
0.14021785455592295,0.6004397802393343,0.15946806213397108,-0.5867326694729194,-0.7072486236232404,0.681193080231615,0.7601782928360243,-0.4444825391197062,-0.5281582338094478,-0.5678784152095847,0.8550089089783566,0.43251749592398353,1,West,A
-0.10004545971181944,-1.0923883003874344,0.11002590419080963,-0.20043412880053596,0.6363635308431309,-0.5995783447250208,-0.020849911560215106,0.32385609602204696,-0.010614529965928524,0.09262692041018056,0.31098813416400706,-1.0201230380314106,3,North,C
2.378212305807528,-1.2703122731454208,1.6588626353542546,-0.6944975267204606,0.08916025636509517,-0.5594482884216778,-0.6705316302704327,0.15890805877402714,-0.3837281730687201,-0.5580283064799016,-2.238356594408357,-0.06507861073830751,0,North,C
-1.3654022958088656,0.09702481755974697,0.06329411385195322,1.415605184266475,-0.7868387915280903,-1.2666391519521596,2.2135493700564703,1.2591416445791286,-1.2657312564871843,1.5334183629975977,-0.47630758835008463,-0.4527211542220638,3,North,C
0.06737690692804871,-0.4924283519230933,-1.5363983432371848,-0.4664959332597586,0.9868026161457992,1.7464080944581575,-1.304871752311742,0.8245077531113174,0.8618476002067835,0.041114146533953164,-0.3215370742795432,-0.744923227387345,2,South,C
-1.6529525076603437,0.8697363743795395,-0.15463857429942252,2.265329455806139,0.7305681636548986,1.062765261399157,-0.3099258131145587,0.15810785430257776,-0.2120567625390332,1.302168700450639,0.5515933022049944,0.5066927080211415,1,West,B
-0.44129053724513806,-0.23037686922665931,-1.2081355190277863,0.40591963876460785,0.7214319376796747,1.5217102229033124,-0.05564938156033194,-0.2314792183002118,-0.9418471777452911,1.207520115148323,-1.2413335816740554,-1.5694004821408876,2,North,C
-0.46256036736119793,-0.949754914641171,-0.8247781282069061,0.22773233714654656,0.3923575031626499,0.1238083864606884,0.37880688505537236,0.9898243682097634,0.5028225447838232,-0.04020059399735691,0.2825093816042743,-0.2808424756969049,2,South,A
-0.27897176154353814,0.3082932865225927,-0.5595425646433114,-0.3412334544560042,0.20921671656917973,-0.5259459756363181,0.37261038657578893,-1.913545635953654,-3.0566245824802247,-0.6765765742495262,-0.0723741012928894,-0.02867895014852121,3,East,B
-0.8215732967568071,-0.9126592072782332,-1.3938690071766275,-0.9141180642382359,0.3492825183449447,-1.0152311845269248,-0.4237026754883224,1.0160230684603473,-1.046180064025669,0.663550492692111,-0.029890190649572036,-1.0061824263813761,3,East,B
0.19783530710251207,1.0781429442577812,0.8539252180693502,0.18640286774285525,0.46584938509826385,-0.46206118176089944,-1.0119538234623162,1.4227304697477285,0.014438777859833286,-0.23221990832408196,0.15932165994441735,-0.13430388853035696,1,North,C
-0.3389847102940188,-0.47195745576797776,-1.1375549843735029,-0.09685381135023763,1.0429477957687296,0.04981763141054695,-0.6573101089375178,-1.542110465259659,1.4478907450759695,-0.38693138726086523,0.39301511329347594,-0.9971006030837102,2,East,B
-2.156922334135874,2.4964882246708187,-0.039690936109117954,2.364716593236603,1.1529679150308447,-0.19801187104491327,-0.32538477123297455,0.5351358059575246,-0.27357858424133275,1.66219361757008,0.46402342885526315,-1.6530479769022108,2,West,C
-1.3228285729530667,1.594991114199116,-1.7937259369766394,0.1823609253806886,2.4419510265390865,1.1445377418556093,-2.8511675433633807,0.2916938603645763,1.3778149296246538,0.500314397674861,0.8761884230683646,-2.523283992137964,2,East,A
-2.3838400430442768,1.363164694225615,-0.8075586142780077,1.8472529357393488,1.2816165258979415,-1.523369394234325,-1.7396673681874038,-0.42969049979086316,-0.964995949875761,-0.7130615246805404,2.278907908966529,2.5736859619524672,3,East,C
-0.8250553088694719,0.3096015970238756,-0.41199159340834823,0.6032600448085791,0.7933513675896644,0.2013710946254067,-0.23238896903764,-1.4327757301384745,0.5355385902970663,0.020411672444084508,0.9140592498759409,-0.5791641896102453,2,West,B
1.0188377209644386,-2.6494017749452876,0.45756859570704167,0.13884093294024788,0.17798241118154215,2.116913701806947,1.1249951857841685,0.21619595179758308,-1.3105945469313431,0.9560555288264372,-1.606525383697668,-0.8483336312228358,2,North,A
-0.04981112581806668,-1.1998179218081308,0.5278219796259366,0.3880678502816286,0.4070153410404439,-1.1007081276057598,-0.1324354723804975,0.40267084753847565,0.9133991384020601,0.02925696603575575,0.2601600821355864,0.06658690907823042,3,North,C
0.06351080850063466,-0.5155480839106638,0.9410956698149269,0.8136471387136551,0.25639606137633797,-0.6852136347953258,0.42088974185238276,0.6951113354146405,0.01435164047561132,-0.09062200683784018,0.03778646294151869,0.12994230246648403,3,West,A
0.27474340365078737,-0.016384025367565017,1.43720013950547,1.1842219442035629,0.05306587737794581,0.8876557283714489,0.21394383888324944,1.813774695123031,0.5477162796873105,0.7924033477721393,-0.2936614434573061,0.048149246557729446,3,West,A
-0.08248580594145474,-9.168765279226393e-05,0.4563143502494201,0.8580961924625049,1.6433418584744652,0.3169901635603231,-0.6969702074848684,-0.2848695282645724,0.3828358229868292,-0.18681051095551415,0.29655735531452015,-1.4552787218150673,2,West,B
0.10603033083789304,1.857715107248451,0.07773904614226299,-0.7791846170291582,-2.0691067725296164,-0.830345313940348,0.4863593414269091,-0.7244226983281457,0.5932651908586151,1.3564407336418034,-1.2159538358768256,-0.09037661926346272,1,East,A
0.02778581367001817,0.9127323842737215,0.6043650928178792,0.3009510783164595,-0.403970771775029,-0.01348621424209326,-0.32127706550980484,-0.012273853141087634,1.2627294531435749,1.0057829853436075,-0.443671219012449,-0.38067803804722544,0,West,B
-1.3951672503880879,0.15214935290064877,-0.44802156379253033,0.9561034778764996,0.5911684108032584,2.1094709297175407,0.6182696511415707,-0.7270507478106103,-1.3702059280156575,0.047158607215224614,2.0932439075791445,0.47101593467361136,1,South,A
-0.05686480246119243,-0.6688926473259914,-1.0993599124338753,-0.4377562912466118,-0.2661174641259273,-1.2292490662096769,-0.20662179171340653,-1.0943981141648969,0.8034807577229931,0.19680051101388113,-0.9745325562930529,0.021949809459349857,0,East,C
1.5208227581213252,0.9755937440583711,0.3350219853960116,-1.4322740603072952,-2.1291428405769746,0.3396801618280115,2.169495207872083,-1.1652350365558233,-0.08536207103435536,-0.3306571264743334,-1.486543318680169,-0.679011873795623,1,North,A
0.27468654015074745,-1.7605097371355187,-0.5192890529134464,-0.13791931124315554,0.5112686304706958,-0.042323526295855576,-0.7237256262520192,-0.4978752453435725,0.6670416701650138,1.2657217513060963,-1.6131050676653986,-1.0719867553570597,3,North,C
-0.987200837808419,-0.39692839552320514,-0.7516335807098622,0.045075516652040334,0.335634502218696,0.817638076621822,0.3901819573922066,-0.6347860023918419,0.6421236224763472,0.49255158845761127,1.302308578082869,-0.850739706725462,2,North,C
0.7550482055135072,-1.8477984378122345,-0.3318014225727538,-1.0637021636766328,0.6004713215236157,1.8922420921226817,-0.7010912503436032,-1.6407185131598434,1.9825272154654863,-0.6592413714693128,1.0549272399269722,-0.14756264057958518,2,East,A
0.9616402010739649,-2.227493738686484,0.9152857926561625,0.8145880580117666,0.5928821279657644,-1.1806553630938132,0.24126171035426153,-0.5960333896565605,1.1444740249869092,-0.43240858412992433,-1.1702518558879913,0.16866831480632566,0,South,C
0.15860970647674064,-0.9726839268503046,0.21086056791713229,0.2901578637453872,0.758775218581196,0.12281182965292228,-0.12051036125713074,-0.07493672423439195,0.43321049683061935,-0.7293217189037329,0.5938476938191957,0.1337477183409147,2,West,A
-0.5089320078302965,-0.04670777025348703,0.2984155566786948,-0.2503847396902401,-0.9966868541436812,-1.1165821946628773,0.40006451346978444,0.7194741435651498,2.2762778260997183,0.873702839073896,0.82181834206221,0.027061709850471006,0,West,A
-0.7350868442619599,0.5189359151477874,-0.48353928650192773,0.5027437806678658,0.5644480513210168,-0.6947280543249728,-0.46731052651261057,0.6342840992181181,1.8574163731766224,-0.6863120458523926,1.2701888117580464,0.20716226444219238,2,North,C
-1.651325074919837,-0.12798282084308704,-0.8943861250846252,1.4265033627845598,0.2215187042317265,-0.09015174355037929,0.23509907875614022,0.49168149624105895,-0.05956186423436281,2.0048463217556214,-0.41304492071369664,-0.4984666737802704,3,North,C
-1.3383490823908268,0.4297254767941034,-1.1471850954132974,-0.30561373176712653,0.610442658419625,-1.829060934515083,-0.623404664798041,-2.176917799744222,-2.193265751560279,-1.5309171351151645,1.9234856869720272,1.3888519846314147,3,East,B
0.10883906513341118,-2.8386796954014235,1.6993980624821283,1.6783833757591242,0.2412759112158238,-0.6423629754246128,1.18957240156841,-0.9439149892016961,0.9836707527298968,0.8910281382098947,-0.23460418265561409,0.3488675111404193,0,South,C
-0.842226525059663,-1.3548617722636143,-1.834041229950196,-0.10344071062828995,0.9910445078700876,-0.9534491931710325,-1.6920279687072515,0.7372660647984992,0.4311637235567389,-0.10993941110348128,0.11271673879484569,0.8428312775425497,3,West,B
-1.274454076412112,-0.7147926275669001,-2.1899223326780604,-0.4476944393246642,0.3622726756974943,-1.0613404529825752,-1.4695278233081597,-0.014875844955978084,-0.32398445197430265,-0.13626498930548742,0.6282409446197053,1.5543538479037367,3,East,C
-0.08089925124404096,-0.9815965530018823,-1.1786829811122943,-0.15626972039815581,0.9045457863476443,1.6690219679490044,-0.6450796450046801,-0.7929500331492086,0.38162401375304233,0.8228489118710859,-0.6746289698187075,-1.4044376209513778,2,West,A
-1.0919290004213398,0.17738027074257579,-1.1866839501846156,0.21413827388581613,0.7396934533487485,0.23774046181985872,-0.4872217256763573,-0.3904363734296404,1.3924523751706066,0.2975262438873366,0.9900736120657708,-0.8854009845763472,2,North,C
-0.5678681459474761,-0.7368561007320906,-0.13532869634227476,0.10218081157897822,0.3810880096278968,-0.6531720385932756,0.7991068475836264,-0.3110382541547345,-0.7361739328246174,0.7360139063393917,-0.05312920233018666,-1.6902100632444563,3,West,A
-1.4873235860774305,0.20357080445219983,-0.4863502682909011,1.1110700442660442,0.021098357886735548,0.1411342002315191,0.9433919318814726,-1.3811986376724346,0.1293380682220758,1.2467270059977995,0.5975104376744543,-0.6585125614064302,2,South,A
0.10072818955937411,-1.0613637976480252,-0.8002771566352045,-1.4122077052783042,-0.7792211491624411,-1.6683244727307176,-0.5241106240930787,-0.9549245556852376,1.0611244776207782,-0.3162998205228332,0.19006639635399655,1.0813874589183876,0,South,A
0.13903165224710543,-1.816578953423625,0.5154440913860189,0.27936400035989156,-0.016141286606371222,0.4033240152953757,1.0200871715666795,-0.8619270840969271,0.3997715744919785,0.16739142359981898,0.3760559956508525,0.02352405478895644,2,North,B
0.30207499747069255,0.14730963946277012,-0.4166663161160507,-0.5138965162775442,0.26564135239229536,-1.065990972741549,-1.2436601160910101,1.4648054788768923,0.8201541643080437,-0.8978043936619851,-0.055011537953978146,0.6695589518161706,0,South,C
0.787650054834665,-1.063058485066095,1.6828410341069553,0.9450699065434119,1.7629241489815737,0.41482888971771376,-0.6671998258932778,0.5844901343363623,0.017228500439913485,-0.8070635962077208,0.3536960654198362,-0.6021751270138969,2,South,A
-0.37030548193195,-0.30862517326315414,0.26312001781954775,1.1763976855152447,0.7558875313066078,0.3669615299926685,-0.04863012347923546,0.32460142153605615,0.6348660471622231,1.0542548646109782,-0.5090817168822068,-1.1059975801236597,2,East,A
0.40192819328820895,-2.0226320336444874,0.22981778080555068,-0.25679455672345086,-0.6163627065094438,-0.9406923864515196,0.2964390778584692,1.574974774021963,0.13902904573582464,0.140186322558499,-0.4858162607389561,1.328479993681936,0,West,B
-0.9372901528808664,0.8698718634816833,0.4563655066968021,1.4842587616551077,0.508208710654918,-0.8702522276010882,-0.19735610193825637,-0.3707338736008643,-1.1469938214387387,-0.58564788508325,0.9834104235299751,1.5346449847777586,3,North,C
-0.7493021241774983,0.6830005598272492,-1.336519870139768,0.3583826278124983,0.6948897978231897,2.2780850283303815,-0.47225715220234504,1.046457888783345,-0.05749309485661385,0.4675373910942925,0.3004047524452758,-0.6255346270635671,1,North,C
0.5351265535302433,-1.9362708752837876,2.481135395503843,0.28836781688239693,-1.1771958576132158,-1.3361478424889082,2.349531131106857,0.07693634386486523,1.637533407638581,0.7181389160614376,0.5668346262018236,-0.3603646522206457,0,North,B
-0.43972161197268134,-0.46443824003337175,-0.4203987882166014,0.07204320721227359,2.2842426054945255,-0.45671643023528086,-1.3459356855494748,-0.6770095571723558,1.2660882867381424,-1.1723125935433762,1.60558820151921,-1.6827861676964229,2,North,B
-0.967115790055902,-0.1194961878764521,-0.32136227071557666,0.6402226799606935,0.47059053071991125,0.08438447856967081,0.12008384591800045,2.1985582450111485,1.3382851518600651,0.4400772484407722,1.090604399427598,-0.5830214319052044,2,North,C
0.9872181527020416,-0.17146908909836184,0.7102857159823436,-1.7771201675246795,-1.6265051475871077,-1.748400924747036,0.9607070648822188,0.02238145152673706,0.8474380281383046,-0.8979649878318812,0.3605494121590674,0.4238703241636457,0,South,B
-0.8098052110162218,-0.27669354856783934,-0.7808618995017736,0.14386812761675669,1.741550318409189,-0.6195094690021785,-1.0083462420032117,-0.24393332381972374,1.437794314542571,-0.8028279456721923,1.5693670502161359,-1.2715410199196484,2,East,C
0.3452343492967459,0.8683909588346177,0.11513800450817877,-0.6506597560703272,-0.4690765406716669,1.0939196516337684,0.2968890771153704,-1.4987272215894107,-0.811412362900412,-0.37251054678813605,0.3429548544042375,0.045083480216102194,1,North,C
-1.2118160101374242,-0.41524750917080444,-0.3991325239643853,1.124365609979915,0.41661038307241927,-1.4521034016957037,0.6426044012885481,2.3887205710028585,-0.856083294161965,0.8527724635655242,-0.2747070668697808,-0.6048457152880343,3,East,A
-0.22536867152967704,0.7238663184752546,0.705826055123022,0.1787709872155808,-0.4681758921777458,1.0966771067109988,0.9776362464645435,-0.40847745306062,-1.8235952247090965,-0.09259394780404734,0.9781302369290287,0.5126868775682168,1,East,A
0.5566636621951171,0.5594036489764033,-0.20742160470076515,-0.7428004471042511,-0.5002007670786995,1.66842603385477,0.8587910712043789,-0.9448864583322771,-0.6987019787010817,-0.9940887342612242,0.4883893465907864,0.17423359996358376,1,South,C
-0.055594496008213194,-1.8841494899492859,-1.2901132854338397,-0.2546077976199251,-0.9067380017355505,2.217054721796514,1.3880802742647569,1.4963532682675629,-0.25011859522363744,1.7759860197678972,-1.38957821681671,-0.3850356961262294,2,North,C
0.5171846039983469,0.2496055059827976,-0.12041076139199088,0.20330561539582087,0.0773033288939819,1.1246043782683997,0.8938434757213009,1.3830506007471643,0.2353998697135636,-1.4478579402203524,0.33942119055274267,0.3200878192400281,1,South,C
0.6337481088983642,-1.4795327077243259,-0.015042216877430481,0.07654202563806423,1.2099997357388712,-0.40225440583563477,-0.48776935416382833,-0.6891854659733415,0.7739426633960831,-1.6440195347493018,0.32751298740051377,0.2304446556221716,2,North,C
-0.5903795692773035,0.9703374753477296,-1.0988688899784054,0.8629978487903811,1.1356176898950263,0.821373425320566,-1.2426455193278154,1.8016561833186744,0.2656164371742353,0.7785065446615795,-0.9885534004984509,-1.1153981693893484,2,South,C
-0.6587603354317562,-0.2381495083402296,-0.10155625109061725,1.1738396816490049,0.26546826961383463,0.6566104690092074,0.8155372748381203,-1.5137945153900054,-0.9121919544983523,1.2243549997460808,-0.6821073620398184,-0.8024647059448263,2,East,C
0.5390253291864759,0.2231233501374377,-0.3420492026473218,-1.0100570004587812,0.5204856087688439,2.3306555877829984,-0.6485574642488605,-1.0968670648030792,-0.48185701662682734,-0.08484488270849726,0.21205378141493827,-1.1821093940057004,1,North,B
-1.3730756057586924,0.14572121633747703,-0.9211343681521277,1.0746404773249962,0.44627392691116013,0.47795967448009613,-0.16623485868828927,0.8135251699652007,-0.6374796418150523,1.5884481116018279,-0.30324013725211124,-0.48956686219194473,3,West,C
-0.4059426962708931,-0.34334986199595546,-0.5713894813773167,-0.017272098400378327,0.20906750345377464,-0.06111987112829673,-0.44553993520477503,-0.38899901655962527,-0.7031549151132713,0.46877333830277557,-0.2245543754984719,0.09532264133749843,3,East,B
0.1332322006524822,-1.428067548993139,-0.5726695078678661,-0.3518041269730374,0.7233442349988563,1.3168643769409962,-0.06054947548114818,0.9592632717510156,0.5915744467762005,0.1528125203792244,0.18008267332370742,-1.0858320279861118,2,West,B
-0.8421622501866807,0.2358529095368282,-1.3228807454121092,0.44312431102757294,0.8337799259739012,0.7194274929402844,-0.4688361395161248,-0.7695772942473414,0.23012862991931549,0.32436882633411124,0.07784149640004091,-0.7486707414756011,2,East,C
-0.08052225702946246,-0.7309778450230433,-1.7902698520711853,-0.783191040525633,0.21467996251722063,0.954480620384125,-0.23669148937726905,0.41316517926531177,1.5208087827796017,-0.5532238960249032,0.33364653716638776,-0.15219664720948756,2,South,C
-0.17676997642117528,-0.1937982582822352,1.273466018442659,0.93597788665384,-0.6192350939880579,0.2914807469130145,0.47069599814413887,-0.07023434858061095,1.804998604525911,2.162135510852034,-0.47292412402388867,-0.671949975112741,0,North,B
-0.5132076307724515,-0.4659676970154943,0.24702779736799124,1.6648642067149158,0.13321660410107225,-0.4349579473463332,0.06128152313224052,-0.7766626115891435,0.9245328819336974,0.09273693337428734,0.036824653545797115,1.6470766573920312,3,East,B
-0.5721306578375016,0.3115019462637854,-1.0800833664487726,0.4540305186282423,0.8280329416098006,0.1807297368081786,-0.8302130396228791,-2.1807705694048853,1.1823843711795938,0.02055243105360226,0.020709191282299234,-0.46339453350720555,2,South,C
-0.21905734639893043,-0.7442209896858052,-0.28150844737391656,0.4960239660047656,0.21455639626197867,0.25110760470915333,0.5797261760394473,-0.43059732095157777,0.7888415407969064,0.04811910696965386,0.10622139644097069,-0.2225008998183303,2,North,C
-0.1765156247062916,-0.6283337119341638,-1.592201781953286,-0.6462668692416726,0.6208968529468848,-0.9587656312374547,-0.6863883752589122,-0.04428216751594037,2.370030103654169,-1.8960318298588092,1.2085693263945332,0.596654034567585,2,North,B
-1.7882809016382561,1.24920625270771,-0.2936168200109305,1.2953230142087573,-0.7466491868652374,0.8181738018296171,0.8589327535341943,1.4852863877024813,-0.7885458947228514,0.6331382447623044,1.7304519700593841,1.8822818559888406,1,East,B
-0.21445821064854165,-0.2249321436775517,-0.43935069237198215,-0.1677155362551873,1.0567615789706424,0.562729196741912,-1.0315300958026707,-0.9851086071686186,1.9259431204797601,-0.7376018140045565,1.4718649792393639,-0.39553717482651074,2,North,B
0.09175889870115811,-0.0644129110498631,-0.6496421375332766,0.28464677534597715,1.174143320804479,0.5215243026889147,-1.1289932914711283,1.8438623487271089,0.3751472130741514,-0.45829754208397183,-0.3248935216442352,-0.36447237070045096,2,East,A
-0.7348853147771336,1.4518996619837448,-0.145740736833121,0.9153531735588082,-0.23648052804397837,0.3762486630871497,0.753931013409329,0.14765464312620877,-0.9245446999666549,-0.4376041445184632,0.6968310588986492,0.8780939545382332,1,North,B
1.8060496964964907,-0.45216909295528257,1.7984518878749285,-0.02946302215426923,0.0965603922211178,-0.006383226477890283,-0.4834082893566568,0.3916967458016858,-0.3023829743003488,-0.015560212244405777,-1.842657111732504,-0.2503745236010418,0,West,A
0.03129444887115629,0.8352149169808871,-0.37389564045217244,0.047573233049304046,-0.4715317074976583,1.2693800780164628,1.593309057413319,0.6154512794040401,-1.120413004749365,-0.3933749688884153,-0.08280003536590207,-0.4835118779056134,1,South,C
0.5777477342097221,-0.7472541734894677,0.2819153161659611,-0.15231386132810226,0.12978212662444696,0.8830557734978828,0.1542048916349499,-0.6359487368968075,-0.5907974744880334,0.9739539273331117,-1.297075593328601,-1.2732658294173111,3,West,C
-1.1481687468401702,0.8007648879211764,-0.4650661954240105,0.7418292656001887,-0.643025473742222,-0.061718175836980096,0.6501228179901741,1.182166217421621,-1.7952798305010198,1.600511035503981,-0.6503567087536671,0.09713142844823673,3,East,B
1.0883417180367991,0.4434308454891096,-0.050904784733984514,-1.014423391776199,0.06318346668744834,-0.07319317311842645,-2.281087764385843,-0.8870555105895414,-0.1347812847188618,0.3942870428798685,-1.8415880972613605,0.13958572901233804,0,West,C
-0.09200110772671455,-0.7980705855350436,-0.676881898156242,-0.39230610896370455,0.763162629727825,1.2116544265680265,-0.8236594059603246,1.3158984379105976,1.775073681174901,0.08176240588413784,0.7714510023277035,-0.7508751512402575,2,East,C
0.10232242952092671,-0.21843332087191866,-0.24319506351877254,-0.2761213883234007,-0.28580415510788226,-0.19228324711850792,0.7555128376168,-0.6869925222651675,-1.9472865622184323,-0.0033945180110604924,-0.7178985002545588,-0.17254138707268574,3,North,C
-1.5658833434430575,0.7408175998282658,-0.27458603134839543,1.4498048144129319,0.7209144451574038,-0.683706807369083,0.15306623649074316,-1.8182301425580278,0.5225947867003123,0.6876651001495275,0.8711447731629861,-0.7411634354919213,2,North,C
1.7272422820215767,0.7842344810281116,1.046553205222462,-1.1107315742015744,-1.53127064003226,-0.6482179731090321,1.3962329250621728,0.5383949230168744,0.304434077161646,-1.493765290033769,-0.6863874168502901,0.4005322845598426,1,East,A
-0.023351134009542793,0.32852676855738056,0.8485853744901275,0.5565648917237477,-0.533840272720816,-0.03472969828883664,0.5378168443666731,-0.10847272520379042,-0.7739151151613073,0.32826028706744714,-0.07852992233457369,0.7578583990134007,3,West,A
0.15693649725845912,-0.5841444994207905,-0.015128106091381155,-0.1356160546624873,0.9737860732714736,-0.5867029816027474,-0.6080678388215759,0.48927248750783187,1.9234635336776977,-1.826159174931692,1.6483515140925888,0.31388135052081084,2,North,B
0.1981502637193791,0.049965483359368304,0.9181278876987052,0.18082132783489113,0.34497189865714434,-0.07877674531719876,-0.21717317106109546,0.2993929229376388,-0.8326704014372786,0.07503492398785991,0.07231002880296504,-0.2689244444298925,3,South,B
-3.329119582259237,2.188917079796871,-1.4426394376804534,2.7575522595463853,0.13334367759558513,-0.21149406683619285,0.2714867211622233,-0.9001334124403675,-2.0363443419362075,1.849268011739265,0.7064526789710858,1.1771615621571931,3,North,B
0.8377047795812954,1.231007180391782,0.4797485610430083,-2.012462793586655,-2.0617495208082635,-0.4438908937420843,0.38606496566911574,-0.11353623369483407,0.2763316118691621,0.13530817309295629,-0.09013576421724809,0.2302120163868757,1,South,C
-1.4548442914781667,0.9315687587537416,-0.4740281083046146,1.6858245072984652,0.7486366948759241,0.41642558901841864,0.2970278004629,0.1895250879555394,-0.6626073766218743,2.0231450975349508,-0.7658996572056749,-1.953561181963636,2,West,C
-0.03627415971271774,-1.3432343234249913,-0.48273362994936175,-0.9130304656695304,1.1486503635158216,-1.6643276262127962,-0.558338999722625,-1.1724557332441272,-1.1491408964910534,-0.6944249049965583,0.22377014040478088,-1.2636740181248904,3,South,A
-0.5498433263805343,-1.982656667482473,-0.41106076269471625,0.2789712626189384,-0.284410646747367,-1.0406277709879277,0.05013686704559503,0.5273096428500081,0.8864559228124995,0.5078095789939185,0.2058641384211762,1.3985413719306485,0,South,A
-1.652460204363717,0.10486362403830132,-0.9531714153034939,1.6592784755158407,1.1087623491664584,-0.9955910246845165,-1.000503286476842,1.4659775123345566,-0.3203115258707043,0.12863892624460188,0.5834079871098802,1.1837830926536328,3,South,B
0.044590455090982084,-1.0533734179947118,-0.3214265114003572,0.4679112866048245,0.14525017807039514,-0.122464696559703,0.5013786380613731,-0.03484036246891405,-0.3667072268747128,0.362767218350387,-1.056021794307424,-0.1823070472867499,3,South,A
-0.38797324699372093,-0.35967633674293414,0.29498788386086167,0.9738906676514306,0.1113784112147036,-1.3429911868844397,0.5232683023986421,0.7374129386873748,-0.6612142498984539,-0.19415436847795214,-0.13948672591439518,0.7197383199974821,3,North,A
-0.3779197880404063,1.1056500315408924,0.11211919443832233,-0.1631542533466467,-0.7909395851659354,0.41349714276037647,1.4409296124163804,1.760911703268427,-1.577894680194979,-0.07368553762038518,0.6459229225837274,-0.15856804305444727,1,South,A
-0.11176634904481755,-0.6915061300760335,0.19581735513265328,0.5450170026333605,1.3151372971842683,-0.17185381570648134,-0.5764170173167747,0.5065285610668395,0.971289432544224,-0.6374543839364578,0.8016555711169145,-0.5270097438029343,2,North,A
1.1854957116686315,1.0855472258899388,0.6613510366311287,-1.544941386388546,-1.3443320747076195,-0.5769500198581218,0.05195679442415241,-1.1804943052151564,0.7949746671030714,0.28803722955918537,-1.0442792919277748,-0.8309281196877775,0,South,A
-1.1046136558033754,-0.05283390063882051,-0.3784376077831542,1.1777789682203494,-0.3176128996882558,-1.7979834536885644,1.4899685335037949,-1.2623198470426193,-1.654516190094195,-0.10979598545347956,-0.056598879771924786,0.8860231811345741,3,East,B
-1.485666618450424,1.1183954898865232,-0.7871406744668062,1.132655630086162,1.3683734048228555,-0.8970389630980109,-0.7812874826084,0.4462872745785412,0.5508599243246579,-0.28660784260647226,1.1837542953298656,-0.6161857395652746,2,West,B
-0.6589251281023488,0.18711688043778224,-0.28381622307406584,1.0532786791326594,1.6941472527424342,-0.2130046927660606,-0.9701984804951508,1.4351980905550077,0.2590831057543198,-0.07110421851840307,0.23870507577951727,-1.0801907307105485,2,South,A
0.45598694332349166,1.01084542632918,0.19559299112200415,0.24932819127059955,-0.44569316351105787,0.2737834267273894,1.2927976332167395,0.29921280390426586,-0.44551204304725034,-0.613828623240037,-0.6191566233197087,-0.4057317454178781,1,East,B
-1.113355128244915,0.43629642364331656,-0.24635270944492382,1.031442656371237,0.6262068622308059,0.10776290390094508,-1.179311485043281,1.3102925163546957,-0.1688003318835456,1.0832663971134935,0.2616823366251585,0.42037265980909805,3,South,C
-0.19331924330797698,-1.5009839562703704,0.3786135424631483,-0.22750274884329755,-1.1583867653126552,-1.5222495025712819,1.3774173801122358,-0.24231899972450285,2.072149302483321,0.8910168989151076,0.23017724986641167,-0.13069873630091897,0,South,A
0.46280067218872983,-0.01867324082740262,1.066856364170075,-0.25496359100334065,-0.8407873554944947,-0.4200005564058086,-0.031145055482971667,0.3814336776281104,1.0517020792436866,0.3657395541580428,0.07750162032712779,0.6545690611778344,0,South,C
0.2588244461260262,-1.323889591527282,-0.9366943444440311,-0.14581720213990038,0.29238284204964815,-0.9237342447380914,-1.1154813899606637,1.8992552165296124,-0.1977905493549839,-0.959085440286788,-0.6019902930277534,2.0712555159282013,0,East,B
-0.6032098715587482,-0.5106267891714532,-0.5672576600235059,0.3084088884026776,0.8423533177441016,-0.06802733740373676,0.16602031854805302,0.6600342800893224,0.907280733380359,-0.1816832331183786,0.8050088083276727,-1.029520718792289,2,West,B
-1.2748561631140098,0.9358713618041021,0.4657719772514357,1.2849265520097015,1.838060644384933,0.1579649767327696,-1.039277308299563,0.9780272970127928,1.3844707504464737,0.7767526946063159,1.554358671005708,-2.1821735469621752,2,East,C
0.15593681861018202,0.050546544872456904,-0.11863581307159657,-0.38170638098122717,-0.475767926896713,-0.47650329826058857,-0.7871505006321815,-1.2333153721128742,1.095470756423334,0.20787101962030535,-0.21980222534888302,0.8425872245251426,0,West,B
-0.6200465787637547,-1.6259082230433255,-1.537757818965777,0.019018876736207842,-0.8147506778248895,0.455669521054135,1.1692054932012443,1.8468260055858827,0.35391336083548325,0.95562382403105,-0.5794183858787191,0.5465691925587,2,South,A
0.10368522023887983,1.3335081024240207,-0.8984023251511872,-1.0989964700412966,-1.0919485555831927,1.0440324198623179,1.008299836794855,0.8847890632423684,-0.6472378808880516,0.5285743765055056,-0.6967397787808742,-1.280936526490442,1,North,C
0.30760863818461465,-1.0728187872625559,-1.0687773209743605,-0.3920213885850337,0.8413795785489476,0.7281025828251242,-0.787738847407178,-0.2786174995184451,1.1728099410142667,-0.5948203546097124,-0.10949769566304667,-0.2952617991709186,2,South,A
0.2561955272655837,1.4222603224441885,0.023264925373663224,-0.7870460637361919,-1.06142599717454,-0.29000842523566556,-0.2105857230809466,-0.26731446382365254,0.4584155684247818,0.2937379409331153,-0.3718400718074775,0.13040156021545082,0,West,C
0.35288355435871765,-0.10725961730261618,0.2805340580503394,0.4731912594240155,0.08176919621243658,1.0738426303134525,-0.13920392748048455,1.271643370864255,-0.22374304899117117,-0.34003221475289536,-0.09943213715272521,1.0474269606938045,3,East,B
0.03173216275026571,1.5459758835082325,0.5535653336126399,0.6468921100140376,-2.1903335968060347,-0.7634141882092261,2.8774175164521707,-1.952678292251325,-0.2150466331202686,-0.45633447192112575,-0.3210325910569178,1.3253144482271724,1,South,C
0.4475548115460694,-0.285673829507228,0.7299122928412284,-1.5896624523102523,-1.936184840255334,-1.0116203435627942,0.32228618508464674,0.2527666725627968,0.9725904437037867,1.1815632622891847,-0.09585168620676426,0.2509999835881377,0,East,C
0.21899126826042503,-0.5485721275059997,0.9797310945968856,1.4652063621459857,0.9864380130670577,-0.08208661660317879,0.32063989080963873,-1.1575005679731127,-0.14115035141953247,-0.20155109691172343,-0.4568462559037428,-0.39656285293347354,3,East,A
0.2961315125606386,-0.21742883835096968,0.19046021900014407,0.5482371292950534,-0.19350764291522746,0.18324652741181374,0.5107530871883117,-0.5186268587303738,-0.856635229396909,-0.5152650565449561,-0.4725043648914026,1.1547640452787216,3,East,B
-0.046883502415394865,-0.9145908746632553,-1.326040108317438,-0.02633596693535502,0.6352490512934684,0.5636742921645506,-0.22423404271222028,0.13228777548677734,0.16690767991194705,-0.011018689603418149,-0.7655792528296936,-0.538799567982934,2,South,A
-0.37634968641001465,-0.17349831372707955,0.0034098347971383176,0.7385676454778008,0.46855699874574014,0.35817244359192874,0.3126842210717455,0.8614940810631877,0.7983151517259303,0.3890084022177642,0.16602946301948515,-0.7813645324372401,2,East,B
1.5920610169971607,0.6722442556076381,-0.7562614067629343,-1.266716932860753,-0.3962078681059021,2.0388863041375687,1.0798104194349192,-1.161404162932254,-0.16968103066543525,-1.41788733370452,-1.1715784901662278,-1.208593073069148,1,East,A
0.010621828876108626,-1.7534729289013504,-1.1100243775767225,-0.26801405749510876,0.3300488709004986,1.566677614713794,0.5178800624318816,0.005921355859859371,-0.37990990364481986,0.49251892309850814,-0.5241485741130305,-0.7517852042972231,2,South,C
-0.11085071644932533,-1.5040477510524735,-0.69928817596472,-0.34706107679323733,0.16432135859621277,0.21501604134001667,0.12801391540670137,0.23188681931969102,0.3499307761002641,1.0397088524155025,-0.6929172613484816,-1.1347394983114234,3,East,A
0.4645230046031036,0.22080145046032415,0.23558935267640035,-0.2166914107034394,0.4172858239500892,1.89376574879092,0.47447482375083394,0.39470852192271394,-1.427889560711277,-1.426095787731347,1.0673989984786316,0.2563792863549457,1,South,B
-0.08872210242299988,-0.7818479866600611,0.5817031783505849,1.0889116625425082,0.39616895084597215,-0.5882589757660539,0.9354645910121772,0.06354724740348333,0.25945980127544094,-0.14517206597315202,-0.06669826841141197,-0.2422159283839608,2,West,B
1.3747454890205788,0.31940755669486365,0.35405772300845334,-0.41381627498597034,-0.15309221194962178,-0.2248418189707971,-0.3723747339654513,0.07922387254548326,0.05634316340268216,-0.3781046955208457,-1.915087036752807,-0.3366686587038638,0,West,C
-0.3800063886356193,-0.3869834733618692,0.4300942365098269,-0.3583013222548535,-0.7567808960941885,-0.8210865476955952,0.11348635506647348,0.7204752505494956,0.33687691482561677,0.9975408675133817,0.43692926765659607,0.2377749607589372,3,West,B
-0.45344471666724023,1.3763876188629232,0.9773605398874585,-0.08374312174514463,-1.592853075304249,-0.22158787973836902,0.8466705977352932,-0.29917585616851555,-1.042522848227353,0.6359958087223816,0.852421882911066,1.2596379793203085,1,East,A
-0.3659598992173309,1.3826114922097705,1.0234131690535178,-0.46425235146558375,-1.0161373851161053,-0.10013237172163272,-0.4716083375352544,-0.6126063295097605,-1.0199200131135393,1.4732686942997566,0.37878677654876935,0.2378755532526658,1,North,C
-0.3936572044202464,0.4162123172632465,0.1985668837953939,1.460275074180578,0.8742518522297134,0.3709032332417267,-0.3258771765690385,-1.0845835956036443,-0.9614597128929654,-0.4942258620430809,0.16645877590335229,0.9349120100229018,3,North,B
0.5505549714347794,1.049842283481127,0.5458829249495474,0.13848896513550857,-0.8767247446696925,0.43561296506664615,0.7658610622466305,0.0010131628188481568,-0.03109621023876022,-0.883494856340882,0.055233093869676314,1.244718100653203,1,East,B
0.5136780659938724,0.9331502231579658,0.3422778736228375,-1.0033116226588001,-1.5154127016107335,0.4492348199232449,1.4203250820975901,0.44170910995544505,-0.6321728614291713,-0.6250945536522351,0.4624832242048649,0.5224060491778318,1,North,A
0.8857587597339703,-0.7104362657507001,-0.2886075488009106,-1.2067414695982392,-0.41006039146295237,-1.8275184061764012,-0.049176665094614526,-0.1805841380877525,0.43293589547040934,-1.0005293328710332,-0.7742099552656452,0.14054576560630216,0,South,A
1.7706211457232013,0.8436373328075244,1.4329245296569832,-2.2360149986139954,-1.4177390038521143,-0.0229269256367858,-0.02000187737046368,0.815282770622807,-0.6724141058756622,-1.2755121608296074,0.3871943658152208,0.7661250566086274,1,North,C
0.15064471453731743,-0.4090865635975942,0.06863750386472281,0.2810707794795936,0.2119711901683,1.2272542400038051,0.3168969836034538,-0.2875685293381302,-0.549047171227304,1.1447935823596846,-1.0457295826511486,-1.2759312413663972,3,East,B
0.6801341253008677,-0.3415541554107954,-0.8733819957893242,-1.030354011196714,2.1800446006182588,2.9577362530636906,-1.9268407170141038,0.681039704044928,-0.32574268218727076,-1.848503678251201,1.3585068662403665,-0.8692204607279848,1,East,A
0.7911664515643836,-0.9711710485280242,-0.06378704659071428,-1.6216905985629566,-1.3217462667097513,-1.2467838830212967,-0.004655993395277868,1.4995257942249987,0.2638043007559852,-0.41778175083931157,-0.27037374815145093,1.351212542557532,0,South,C
0.9718763101146828,-0.9055672158057471,3.5700077060716056,2.0173791261038683,0.18761289025545888,0.29064339578518517,1.3030775697467858,-0.9384789597149863,1.9707876208935977,1.1688490145647568,-0.44089894633066595,-1.2095159212337312,0,West,B
-1.0613807313267227,1.3154103345497254,-0.6062967358940524,0.7253068069589425,1.7048894278171842,-0.4606333576868933,-1.4891047495252725,-1.0714364905773759,1.3398594458637605,-0.6993739687487786,1.503471409360336,-0.8839593794206231,2,East,B
0.8955241829598274,-0.2210274082535804,1.203513121546026,0.25728197164128763,-0.13794947318095754,0.28564537865295847,-0.833588169901302,-0.2983398486458771,1.0458582244322998,1.4054261005316082,-1.6447490171061632,-0.48888867813159353,0,South,C
0.03614579746441631,0.4670948970182704,-0.3211485497789204,-0.43352625782204407,-0.15192358551045032,1.252875245490475,0.28531305506196236,0.5193272245889413,-0.2617283683057053,-0.6168259427255302,0.8339313224638901,0.21348042750587,1,North,C
0.7890489311324912,-0.28887760010898167,1.8349827530783613,0.6733447618426323,-0.06211279064508026,-0.0780273272550714,0.23848292203816787,0.42875454241559685,0.8305818617208484,0.08568188998902958,-0.2124509622731082,0.13280102487551448,0,North,A
0.13670443203884247,-2.0457323644035337,0.22526540580886387,-0.9109084187841129,-1.507054629450651,-2.097692167311558,1.8762029588856117,-0.09611111854395149,1.5646554340542,0.6405233248300752,-0.10455346095140723,-0.33327592601778633,0,South,B
1.684110854990521,0.01081586757783452,1.2171111044672178,-0.09750340999414304,-0.9788835723306736,0.7560495801356117,2.7151731676509168,0.5206575660401229,-0.5338059142015741,-2.141799423958828,-0.21923552941393012,0.4663903764521098,1,South,B
0.12693080229223672,-0.6261048534171857,0.6524085080010182,0.7614604999060519,0.22656908544918086,1.1783079127374356,-0.37434422243663523,0.8897975928453812,1.2538724319366685,1.2815196457268625,-0.4645605861413368,-0.3005915272646284,3,East,B
1.277374497261854,-0.8652244610099307,3.1114940788370062,1.5560690101313142,0.018206662736441094,0.32989284504108096,1.0941759164189608,0.07786386683808134,1.1278976028648036,0.737680460327412,-0.9312469919482876,-0.6700677338590022,0,North,C
0.893276599637639,0.7434913273200751,0.9409259457983973,-0.5615210603930584,-0.7756722819181385,0.4399403883130771,0.9902719596193125,-0.5514954399656109,-0.9198365724689779,-0.7380805183531187,-0.001441912466689133,0.05871668756106697,1,South,A
0.9320425622588734,1.866512524812887,1.4392301027386372,0.19098462103719924,-2.5302307365242194,-1.8006965934399464,2.5273615811464825,-0.21306576884750394,-0.22411732756463953,-1.292132786603741,-0.6406834432102453,2.0251044552149695,1,North,B
0.04018490633827889,-0.6194106172550273,0.594167946305579,-0.2493356286090763,0.4093091623904715,-1.1943868522100214,-0.021488378868863265,2.046884261216227,-0.3951229625871971,-0.7365282484894502,0.873916104897143,-0.03277001908329712,3,South,C
