feature_1,feature_2,feature_3,feature_4,feature_5,feature_6,feature_7,feature_8,feature_9,feature_10,target,temperature,humidity,day_of_week,is_weekend
-0.6920932121558985,2.182068613561662,-1.2654332221771698,0.8730050740913899,0.7795518936830709,-1.514606220987256,1.231766804107443,1.094236170485175,-0.43895786521942415,0.47338334413727773,-98.29920560988317,0.43505903832349097,0.48029232660282656,4,-0.6189716184556974
0.6435652125429993,-0.720758362081879,-0.5434435867762565,0.3221556752447532,1.331236462432829,0.6638281272523967,-0.16772352094078158,0.8149205129954603,1.811723269348171,0.12284765509844665,98.09157206399607,0.16928624777026793,-1.4260261978568451,4,-0.6189716184556974
0.6658504791832807,-0.612457759664754,-1.0511351902815675,-0.056672617727917776,-1.0968509446181383,0.01765564331470066,1.0579061398614429,0.8037893212317058,0.6939912460668255,0.3003205425405714,63.21589531795521,-0.03640266363320992,-0.21707025809484984,3,-0.6189716184556974
0.13681469343624147,-1.1652803831675367,-0.12203305446833539,-0.476577617121227,-0.8876854225411551,1.0809778302105761,0.6277192278518783,-0.29025914012775966,0.5748683347617274,0.5539877157500378,90.3326427065561,-1.139135884928247,-0.7038412899099624,7,1.615582960806748
-2.145731896585145,-0.6234987846123929,-1.8780817667406375,0.5794162663781582,1.3090132480672756,-0.6303157792968578,-0.5841149485675659,-1.166521925091995,-0.14980476819450644,0.9329012054140283,-297.7882062618494,1.471299648351005,0.16046706410613049,6,1.615582960806748
0.44027977470184965,0.40975724288495224,0.1660946515904226,-1.3457272454118319,-1.7983124793732943,0.5396185785840233,0.8116805848858766,0.6650233406489321,1.070937753049594,-0.04771326011513703,107.32401533103332,1.822750791820691,-1.248327737006929,5,-0.6189716184556974
0.29016241406733856,-0.9292031917223488,-0.3115212122965536,0.49193129725417556,0.6194227993740697,-1.1231826780573104,0.5171477857728951,-1.0507714401485142,2.0018291143806737,-1.0487231143231537,-32.512909632657895,-1.6199100086199083,0.660422795790734,5,-0.6189716184556974
0.7998835131255561,-0.5332712217434113,-0.7289316424523381,0.14330190452919386,-1.255666842611243,1.6399239464646327,-1.2582458671054702,-0.23255305386626435,1.3214722445634237,0.8460462434706671,81.99881869590457,-0.9701867911937142,1.013870334486137,2,-0.6189716184556974
0.13381876406400892,0.7184148585746976,1.044002165863902,0.5767521639991666,0.3921927432975454,1.1839507622973877,-0.35566419421954293,-1.345875319099312,0.28027107648356786,-1.7773878474469669,96.32404409231417,-0.2360328669912666,-1.1459600896771795,1,-0.6189716184556974
-1.1425405947167133,-0.4850122571837078,0.11656502196438004,0.5951863166203905,-0.7260467144258492,-0.4584251097541519,0.9877430721414451,-1.8619775834705339,0.42074031002821993,1.0646940270316472,-99.04834243787292,-0.9115005101097376,-1.3478407197908329,6,1.615582960806748
0.31744700801202064,1.2623559105283517,0.5200081883826745,0.7958110487828544,-0.2760609245180542,0.8482784023632608,-0.5520996623322796,1.1195720921285763,-0.2757678236362272,0.9694620306092202,105.25035739105883,0.5391167058992855,-1.2069570203669977,3,-0.6189716184556974
-0.5951977467333092,1.5183293188320575,-0.22546319148903204,-1.190555358163338,1.8023038367335906,-1.831654091500617,-0.48666154116187593,-0.5892627285545047,1.3096102715179112,-1.7663901142625535,-177.62889806997532,-0.6784300200512914,1.294650353644849,6,1.615582960806748
-0.3785262421259803,-0.04429664122345464,0.6247251733882744,-1.6669124708708358,-0.6509201448601505,-0.6574767979845844,-0.8321648971798434,-1.188242573845864,0.07395099147617291,1.043639069978577,-118.5922989878232,2.1757707575263328,0.10152267077325,5,-0.6189716184556974
0.1898830043935279,-0.8965139794636168,0.39101493911203433,-0.05463902814387222,-0.31435881416910044,-1.1783576658320754,-0.44816328087564083,0.37382154972595827,1.1740714888359072,0.3106306834592534,-60.41159965642001,1.2144418903016163,-0.10680986396054401,2,-0.6189716184556974
-0.48730969724477363,1.3146704119263106,-1.2819046714801254,1.1080723745906091,0.3894844849871789,1.3278793048600515,0.4086518512569908,-1.2229702903437736,-0.11030302202193806,0.959239274377494,27.15789159053222,0.24969281950555966,-1.3396387160150782,7,1.615582960806748
0.3397730997766484,0.7552340517529582,1.784762126583549,-0.2187965834397263,-0.04108051848680601,-0.9584239603053817,1.4424991268508558,-1.2719291588620196,0.48399000422508415,-0.29396622135991035,65.82942601616546,1.0530914700272105,0.5165130091260527,1,-0.6189716184556974
0.36752405885237743,0.5913649311205996,-0.045504716785689625,-0.9242581050655694,-0.3048212066261744,-1.2231612903660267,1.6849774313606953,-0.3678480457760616,-0.8331085151358979,0.1326742760258948,9.045107383938547,1.1309384471967725,1.2634390085587528,7,1.615582960806748
-0.12540621042822747,-0.8484878492518311,-0.9997218346822815,0.382949011606374,-1.2935233705570928,-1.2627913664407882,-0.36880076036114484,0.14319222814251364,-1.7017322958054022,-0.37975870422633146,-142.13302853111452,-0.5163275264293785,1.1273036100111051,3,-0.6189716184556974
-0.18311680916481504,-0.36772726404589495,1.036052589005395,-1.0136039445957428,0.8991751360448967,1.9582749789325513,0.5912518668711213,0.29837340519988464,3.0286101802706566,0.5653242930624344,173.76066117739114,-0.7651857505472024,0.43615482273973993,6,1.615582960806748
-1.511027650903611,-0.6469202350394012,-0.08603448715146478,1.4832132179910165,-1.4667629361102477,0.4589479426894025,0.1505894553315058,-0.561013550356717,-0.5286772844822739,2.26839052578788,-87.62410325329496,0.11707980895189093,-1.4471181892548128,3,-0.6189716184556974
1.4269387395699493,-1.8122456403290232,0.42659549337345165,-0.12761932362867923,-0.2827927779542038,0.34673101191390027,-1.2435044430269075,0.3810567818732811,-0.62799636316959,0.5216683782396184,92.25419695717447,0.8899774191065606,-1.3201992359327714,5,-0.6189716184556974
0.35649294244394475,0.5665926049216704,0.4084462951541454,0.803069706916784,1.0523633929762122,0.9697742658626306,0.8080318714165475,-1.7553307836988785,0.9325753998288868,0.2466590986214057,135.19100153612843,0.17717333814682076,-1.5359167052688074,3,-0.6189716184556974
-3.500017955875969,0.36308716359111587,0.7353329209674653,-2.014886920216247,-0.9673039609013923,-0.8419026172565092,-0.20553584983216194,-0.2511978536498956,-0.6881150156394317,-0.687569307731372,-314.6890173068599,-1.5156767038266805,-0.8241184781180905,7,1.615582960806748
0.04133114828867312,-0.6512351747247329,-1.6719505183448318,0.5042331845924959,-0.9974706250482445,-0.7675635370537404,-1.5764340489461226,0.6243411891763645,-1.7130932104316523,0.2867392647248073,-147.65821438773298,-0.7519740654941591,-1.2406509393985616,2,-0.6189716184556974
-0.276827224328174,-0.47878074269446824,-0.024504488399356792,-0.7099885743916722,0.31958403481670794,-1.254895696912406,-0.2680412868600178,1.5125500133614231,0.8127861151176216,0.8247306892369182,-110.5054326343752,-0.03297900060344031,-0.8153348772947254,3,-0.6189716184556974
-0.9940987548316343,-0.27256774970400494,0.8762367259163596,-0.23204270417302714,-1.0352552206814418,0.7925128106152376,1.0116736174059144,0.4956896155800337,0.609476250585195,-0.20749914391647276,45.67008554525588,-0.03464884980848516,-0.3878870734034326,4,-0.6189716184556974
0.45215373383923907,-0.6255588034644806,-0.6308182903149124,-0.577791950324137,0.6295724648847999,1.3900097372489955,-0.8049432079857648,1.2535086912365,-0.5224231611195683,-0.5364403065464742,56.81179197693804,1.9858602993555643,1.5198296721771534,2,-0.6189716184556974
1.0594679048074598,-0.3487111762703191,0.03835155858627488,0.6805799550839443,-0.5667366563095664,0.16445318770112385,-0.8081773059140868,2.473300617092406,-0.2350990385354109,0.9026090204599841,106.3201866263681,-1.3272512394882992,0.3825446848389431,6,1.615582960806748
0.25532321563970856,0.4867660347860381,1.3109439660281912,0.5169060938138651,0.4971692197676682,-0.6492586778405154,0.05792291208728479,2.246459564314353,0.9233836607729486,1.5730394747344678,60.01807771499729,0.5387454832732717,1.150513589867855,1,-0.6189716184556974
-0.9671407057168212,0.009196041190633532,0.7673720359978308,-0.09522307283649076,-1.813785959130152,-0.3095574736954244,0.37463705735643565,-1.0821466603888255,-0.7083546861024937,1.371616572259449,-73.29626665927954,1.508968811683199,0.7243915561426928,1,-0.6189716184556974
0.21699278780028383,-1.8901172138330113,-0.41806715007748396,-1.070766708866803,0.24418384651243702,0.10010502467730326,1.0908723136253475,-0.9992158441750569,1.4052804030847275,-0.3042157327878665,24.7698028286406,2.2807256361371535,-1.319836435848008,5,-0.6189716184556974
2.023976282751381,-0.25877948232596065,-1.319722939891923,1.258596033680593,-0.10166611547081741,-1.2525779243695128,-1.357970900232234,-0.6395728686727874,-0.5072475587086479,0.0006767837979385394,3.0741697386778064,-0.35893511302266273,0.8118195316706859,5,-0.6189716184556974
1.0372424098147797,-2.2051457618350545,0.2209101665457801,-0.7759991255273084,0.9164930190888618,0.933433549524109,0.22485715868204345,1.2591812999830936,0.07806318035579841,0.2508668650617175,142.43604266928395,0.5247771819504092,-0.7638714082338498,4,-0.6189716184556974
-0.4325840427301438,-0.1662295758684899,-0.06835830362306147,-0.7546831503586378,-0.024974025735655415,2.2363188960815017,-0.998605656294171,-1.583372121018783,-1.1628113095601729,1.3293207155377336,37.48969146626877,0.6020487901437884,0.48078752802428226,6,1.615582960806748
-1.1981983206978648,-0.8890163715144654,-1.075676285916238,1.6619257312589808,-0.0253547730408128,0.7689042119982993,0.8296744011066624,0.26693845438698016,-0.5223210260410505,1.495632363855103,-48.55904752458587,0.2328316655798559,-0.5386651800474701,7,1.615582960806748
-0.45297117623354904,-1.3845104387489744,-1.9010859366391621,-0.15711466700622684,0.3152624080503648,0.761283819605068,-0.7406088409022339,0.9612270806527623,-0.8381773933073915,-2.260539636720221,-85.46232297748502,-0.0575149809058401,1.7068298712411196,1,-0.6189716184556974
0.17953799545690588,-2.1875929899380515,1.0909151814374771,-0.1493529496732706,-0.5012547859397153,-0.542366169286172,0.3246962833996133,0.9059760696738386,-0.059123055236441,0.7426910054249569,26.072254683629332,0.4700730434700779,-0.8033555378356215,1,-0.6189716184556974
2.2486507315324187,-1.113861472351296,0.9193350673891689,0.33345214887666447,1.456295691963112,0.9453910409194476,0.620193096641121,0.0016117743815254309,-1.1857273825725434,1.099931130914253,275.1276900747453,-2.458008131551015,-0.7500861611096539,1,-0.6189716184556974
1.0374479300016413,0.12137541476699612,-0.4574408594365829,-0.43071049499327113,0.6018741595462048,-1.4416401162824035,-0.7710662682208503,-1.5989941309210283,0.37738948030822117,0.2518097986202398,-86.37684336743274,0.7128391272270503,1.4777361778586127,7,1.615582960806748
-2.0487650618382167,0.07610365188260901,-0.10168581479491504,-0.11045467314526272,1.426999108746549,-0.7218751274421471,0.9512860554238938,-1.0352169211309457,-1.2111200520944214,1.19297460309256,-196.07869655618708,0.16446505765190564,-1.6202525208660545,1,-0.6189716184556974
-1.0992899097580557,-0.5435458761668293,2.0279235482938947,-1.6314359028976342,0.3010124563657369,1.110282115984104,0.3038296180537098,0.07703027828110251,0.41362190687497274,-1.14952550292554,37.467278879443924,-0.1794727887258904,0.6776752103608725,3,-0.6189716184556974
-1.223176886214001,-1.0665770783640578,-0.42659408492619255,-2.0256266895596458,0.9523710704547008,-1.2785571543512808,0.9800315722096133,1.988468399244677,0.2110281014793127,0.21068937630433363,-147.54264172642442,2.059175262611788,0.7755953243383076,6,1.615582960806748
-0.8178571326105941,1.5256040753677869,0.283439657291475,-1.524251579454434,-0.6109447840477508,0.20071751208854768,-0.5687102594571808,-1.1442543649345838,-1.0304343001292107,-0.5928625233536935,-92.453603413267,-0.6258131473933126,1.1553170061107583,2,-0.6189716184556974
1.3340273356183598,-1.693744761739712,-1.1293420229544089,0.07015894520707701,0.11533743126723618,0.8476450565716716,-1.0851162479687437,0.8894837156560661,0.3438694219668214,2.0888206119037673,93.52297555239875,-0.35763154912063416,1.6273892396972272,2,-0.6189716184556974
0.6820938024082017,-1.4503104691118496,-0.5632105800221031,1.8215618111238152,-0.6373584517428545,0.42127906827465367,-0.9881920395327716,-2.193202571857301,-0.45615039826977866,0.2705971839617377,6.583189930210036,2.004614330655963,1.631364556843021,4,-0.6189716184556974
0.07423981129566742,-0.18206787940821248,0.6375912792026686,-1.151092728897685,1.5005301263870887,0.5781547413755462,-0.7096871832743937,0.037189425586722724,0.6730234924140484,0.48703056579297876,26.2489089457424,-0.7808155460724223,-1.4813179726051973,3,-0.6189716184556974
-0.7171431359351799,-1.350513052339731,0.3963236166306556,0.6256148838373585,-1.7626977369049945,-1.3445543805375446,0.5372058685667224,-0.4192872957079466,-0.8389227671375896,-0.28156490468945655,-114.7129581920766,-0.5026823790672809,1.1056028096092203,1,-0.6189716184556974
0.4932722228641534,1.1248576135201074,0.34529758447516395,0.5213909268137679,4.03744894255622,-1.3746050548552755,0.5022963083312705,1.1159438484381228,-0.8765735442050466,0.5455971118007352,8.344325077486861,-0.10504364506009209,0.5054136839039248,1,-0.6189716184556974
0.7892410884583636,-0.46601368178554486,-2.3950627594649614,-0.6994055820980049,0.3986825594249419,-1.1569930040632066,-0.03457307239313017,-1.8636582507346187,-1.8828505398422628,1.1455110377230584,-121.45416337386531,0.8693584369762939,0.5089430965470527,5,-0.6189716184556974
-0.30153936708620954,1.4373660122811014,-0.035638811566457165,0.7744408865297994,-0.23822331218184417,-0.0032297772921141723,-1.0307652663293543,0.6113305334134743,-1.2374122156419192,-0.5945221134520559,-60.51946193858646,0.244985823208915,-1.2656513518667218,5,-0.6189716184556974
0.695989119134296,0.8274725962753265,-0.15174818378054292,0.833581706540082,-0.16055790596527186,-1.760383867136431,1.6964423082342484,0.021411087550125114,2.9156266896220973,-0.740201800143154,19.882191706680388,-1.2351512193511927,0.5186711387913371,4,-0.6189716184556974
-0.6964645205827731,-0.07788640914547255,0.8318822561905411,-2.125494520887522,-0.9893479458871027,0.41362053349571287,-0.6839303886688823,-0.5694750796256438,0.48171110557320757,-0.08877326781056268,-48.44536004116444,-0.48497835904226066,1.6548916607541424,1,-0.6189716184556974
-0.04838376741327855,-0.11027256704787751,-0.1859831261647948,0.05090410011408036,-0.7510675003134936,-0.8787965629061337,0.9827778355030783,1.1916754924580082,-0.7491980391557619,1.420962998805795,-24.839539413837098,-0.559147464245005,1.4132696096745267,4,-0.6189716184556974
-0.21047156926384036,1.0748306516610842,-0.5820190076747712,0.4973931701625127,0.30426512386149535,0.8836147783237533,-0.11797340689174401,-0.3707186792262689,0.147352582813072,0.7803646899471843,20.004172553030084,-0.03618325593308989,-0.20299615719653816,3,-0.6189716184556974
0.6702654807953424,-0.9792217168675931,0.011785211049327402,-1.414871596710502,-0.13356741390828283,-0.09157731492819451,-0.4638965327305553,0.24595765942195752,-0.5305059137619763,-0.501432073799251,2.18118095847698,0.4600783275487318,-1.5679248990620556,2,-0.6189716184556974
0.5419144175675333,-1.3908507135908987,-2.497879325541257,2.225077608845893,0.8629352299883924,0.9968483881219514,1.3456311760854371,-1.630175769380754,2.3820470078878455,0.6264065832106408,86.1284710128867,0.45254371484359845,-0.46572614563062587,1,-0.6189716184556974
-1.0988082508414685,1.2165005058295988,0.6828008204181276,-0.3595256757422725,0.11096223659551444,-0.11947349377950571,-1.5214563796288505,0.4198915897384967,0.46017020102184336,-1.187020814883555,-108.15146441181878,-1.7120006223854851,1.1211640442927224,6,1.615582960806748
-1.3397890436468267,0.12780889923920674,-0.3337618537017906,0.2032808261007149,0.36999472776312686,-0.755082703555675,0.004727260580627688,0.06822094883288932,-0.2607777216872621,-0.4455092825484344,-144.91758880384273,1.0895464425756283,0.6941224724756861,7,1.615582960806748
2.3419778217927467,-0.1547565508552284,0.5945486438484108,1.2945286303849588,-0.34158174725744733,-0.20087671412571081,-2.1498493615677874,1.4276353311622876,0.8478841938114722,1.5395725668654077,157.96887637749015,0.28914677095910674,-0.13388169304400077,3,-0.6189716184556974
-0.3967942507500344,0.20249393499820467,0.9698311382515756,-1.592395865284297,-2.209520110327847,-0.08568875452848689,0.988271729535392,0.5028935433154664,-0.7346986092757989,-1.4823118414212004,20.422058741251917,1.4058020373005693,-1.5161101967003354,1,-0.6189716184556974
-0.9741890162085287,-0.9987029988561228,-1.3485898371491507,-0.9354102141076219,-0.2668190177008844,-0.047727144424164605,1.5069053795709149,-0.7373196976846107,0.2541874675421706,1.0213646780801475,-75.8096887187008,0.47818477958989514,-0.24483458639762967,7,1.615582960806748
-0.06453455225465249,0.0689452743139358,1.1641145695628912,-0.6485291835539139,-0.6050998099004021,-0.5092244731815454,0.3159588239218725,0.09591194615340845,-1.295906191517238,0.5305850232507711,7.220933120554551,1.1264228832612668,-0.1007783963027222,6,1.615582960806748
0.3607334607950191,0.15822120012968244,1.0576303480794682,-1.0416232610960428,-0.10992143650635734,1.1672560578105566,-0.5396576198640429,-0.668466557389295,-1.4413192039641516,1.610607776444153,85.63556560767574,0.5002295576474265,1.470498450124407,5,-0.6189716184556974
-0.2193819904333058,1.1862187865458904,1.5983777705047082,-0.7894509374965066,-1.2312540685182105,0.23571201486197357,-2.1346593051564775,0.23189605442317707,-1.8726934382293807,0.2737454990209728,-19.363013717297264,1.3680137753185644,0.4875517975164873,4,-0.6189716184556974
-1.3693701933529656,-0.8394690829317731,1.7896960435288491,-0.24552341376455375,0.9146509779719327,-1.09002317768274,-0.3568584718182055,-0.6195997167785635,-0.7289012332227153,0.03925768771350724,-145.9421994087812,0.5551815595799586,-0.6388818866612292,5,-0.6189716184556974
1.485435356861941,-0.7395397274387026,0.24525682167553525,-0.3700203319701956,0.27622557020151217,-0.5520081719698621,-1.2288583605945742,0.3874614108672312,1.7809919224144806,-0.08943578956073894,52.46877257997209,-0.05659760221420382,0.09170584538776727,2,-0.6189716184556974
-1.2104036901436552,0.09622665397293406,1.4982206512823923,0.5620923150775287,-0.20465866344987296,-0.9539602274147891,0.25268043027745724,-0.1720735917656997,0.10297336834203076,0.3622233197353736,-99.23292009356479,2.2816972909986424,-1.4786558691267326,5,-0.6189716184556974
-1.009362046737676,-0.8824154346540873,0.8528137533664494,0.19311217459293037,0.4104589923076761,0.23762166700857126,0.38281220834803836,-0.9336561975284094,0.7007228108337653,0.6830934829073212,-27.20660124072935,0.9170078635883663,1.620991457152625,1,-0.6189716184556974
2.4795154899060545,-0.6755668794761884,-2.1102229024312673,1.2880213206215876,-0.07369012407059687,1.0425159329746219,-1.0533685872236906,1.2274225200904572,-1.212485641665169,1.7985748978290101,185.38141025072238,0.605978976057846,-0.47336347222028724,6,1.615582960806748
-0.7831781384295111,0.2835688655086958,-0.5468525318426023,-0.28185990347804385,0.7754962329656989,-0.7759434735897573,-0.4946522060119825,1.2578778147024783,-0.45220215259549795,-0.3285668851444793,-113.35426007595373,-1.219051002404283,-0.07054345118892379,5,-0.6189716184556974
-0.21935509809451392,-0.796189112306522,-0.2818083141220561,1.184034721547402,0.5315170235144872,-0.6622718303602851,-1.4624342790844143,0.23557603569026334,-0.22291938151504448,-0.1729622152020939,-118.87474367775935,-1.230891879834899,-0.48969384220417467,1,-0.6189716184556974
0.2640187048705494,0.27231989159312847,-1.044748358490351,1.6309150088039095,-1.0954955074838053,-0.6340741674013873,-0.24678368387247976,0.7832516308793915,1.2692979669963211,-0.9225932120902566,-36.192656546540135,0.3287504900678262,0.6291987929249293,2,-0.6189716184556974
-0.23775847634191702,2.245088442458355,0.5020318840753143,-0.8523309381165048,0.15697468602971956,-0.5871427564208226,-0.08756579367435112,0.6242481391314464,-0.5616308274577443,1.155709473846822,-29.938093693248597,0.1835467656099767,0.5598566814813706,7,1.615582960806748
-1.039644800919996,-1.2841791304243946,-1.052520624861559,0.6367834376926227,-0.6893617140457408,0.4357928363911636,0.25378158435295567,-0.2929542624232612,-0.0356139154855889,0.6265079989750756,-90.26778962286905,-0.565824068221839,0.741388288219114,6,1.615582960806748
1.1629805734902188,0.1131369941451013,0.9499270337487119,1.1864043465073273,-0.5168165142042347,-0.6237025608786798,0.6000303306036562,0.24456964231790962,-0.27671921755648055,-0.1179523856756784,118.91357696192496,0.17906964315561663,-0.7876549278052115,5,-0.6189716184556974
-1.4264404759276654,0.42911402329418447,-0.2668485827502298,-1.6738684033219888,1.0679314825164519,-0.4908497874292173,-1.1866299467149852,0.7022699112425337,1.5467732761589768,0.2509805787066575,-174.9829273790802,1.60713687112369,-0.6251514329489527,4,-0.6189716184556974
-0.1930455264067472,-0.1737379108932132,-0.31213404290833013,1.2946908958298944,1.3238187295848611,-0.03505285386404083,1.4337637656506217,1.5409889864554553,0.7105446564576738,0.24483386275896069,63.630208560979156,0.7259918050907775,-1.2762467476785049,4,-0.6189716184556974
1.0396977846975943,-0.5766665675631135,0.3827465950727199,-0.9737317936208797,-1.3042756176448564,0.8329697101235759,-0.7785694458783936,-0.4227868180721543,1.6465222357948956,-2.176273672513445,101.95389353344324,-1.0855847496026039,0.5368714523460234,6,1.615582960806748
1.110947739061746,0.5666105982624897,-1.1926731968485245,-0.4220578329458199,1.143556798866496,-0.8547855980397634,-1.4832878727904857,0.1365011370321824,0.034273900141629794,-0.1847010561919936,-48.576416792592745,-0.07000735215635516,-1.568440687897067,4,-0.6189716184556974
0.4306127420519747,-0.39566099897579565,1.1836391554274146,-0.4868886214556957,-0.003877733028528962,-1.8607759054973105,0.18735812771199142,1.2177824945540963,-0.3466155506752897,-0.4934370856074115,-30.572830722470023,-0.7540871348798298,0.3391409260510233,5,-0.6189716184556974
0.8003293335309928,0.24909775520871438,0.17353252061606522,0.3881219572435392,0.4372520211393285,-0.9543533758216002,-0.7470259838662819,1.3449197772900339,-0.624929965038751,0.936279703672086,2.862891385895474,-0.3424634124857434,1.2692391574214266,5,-0.6189716184556974
0.25161902657430724,0.2047429859250501,-1.1247887390502842,-0.41832247521367244,-0.20090699808196494,0.5824034628163288,2.4137416989242144,1.2944056899803378,-0.7923580926703914,1.3164602200390594,108.7197404829904,-0.36802869394371895,1.341510561879095,6,1.615582960806748
-0.2233290275214613,0.9572525319891692,0.16827704315521244,1.3398910809656888,-1.0652384855115464,-0.9912176473962399,-0.9506012030204268,-1.553975710154427,0.9358592940467184,0.5810858432755108,-93.73264719091519,-0.43119271190113767,-0.1691207278060581,5,-0.6189716184556974
1.0346827045231468,-1.0307145251370387,0.17697111393200177,1.5526502546263687,-0.7594636522736077,0.03327324681027442,-0.42089828012507713,0.9401979829821916,0.6984248440602662,0.3227327282404286,90.42296679438232,-1.1981682342511286,-0.1340183538477118,7,1.615582960806748
-0.6965100343309387,0.6727231774550108,0.5895536024054716,0.26278303697563615,1.4799049288880426,0.34975269546430826,-0.8522043645600624,1.120335149044238,0.1710954530406226,1.2265774619916259,-29.45075964729392,-0.08593486048194454,-1.4413379633355166,1,-0.6189716184556974
0.007324938964482073,0.7894821135319186,-0.7530174783241093,-0.682233492837119,-0.15676173672622706,-0.8595364671763147,1.0879065961829033,-0.5813968977215445,-0.5618705650721044,-0.15830787125485435,-46.590521464852586,-0.5130328411973644,0.5890331862192163,2,-0.6189716184556974
-1.3712109056866884,0.2721696044764468,-0.8289215589043927,0.20914519097336684,-0.26624568353013583,-0.47884732501379323,-1.4023236808927653,-0.4719310102970236,0.25209891556276076,-0.7049613088098018,-206.74527095724773,-2.849839226244864,1.1036199444931603,7,1.615582960806748
0.5835871117385524,0.39681948219678287,0.1636172823885572,2.9087710191163128,-1.2372770791752672,0.8972879916675013,0.41018470168154253,-0.2751555139212715,0.4939094994848263,2.1084210260975484,147.79324766832366,2.0652024660370896,-0.8679682433965819,7,1.615582960806748
-0.23281486914211524,-1.2918453526517302,1.730266570733821,1.3295042605599707,-0.7712078695925659,-0.5104007721831062,0.28806519078513027,0.7455207386725696,0.2824289854830401,-0.7711865363590986,26.381437716834675,1.1140393424670127,-0.26396167201770077,4,-0.6189716184556974
-1.4839135639960739,1.0278739205531786,-0.40633311730976546,-1.3941485506501854,0.27008539599406306,-0.7839125999133998,-1.8242630906655652,-0.7452642303073472,0.9852127535059251,0.005038111810034318,-255.465627335889,-0.3312183762653113,1.163731101399197,1,-0.6189716184556974
2.0106317413845947,-0.0491365804385595,0.5903538019680142,-0.4345695880968207,0.04397158712748977,0.09294956004843884,0.6270966043896866,0.1365329414234821,0.991282520958604,2.260420799352513,202.33556225588805,0.05855805515348804,1.2946260962629228,6,1.615582960806748
0.9831099571795208,-1.5293119765261523,0.7945541276207803,1.182660402181139,-0.35952639540025255,0.7968492790063633,-0.7718113428482207,-0.5635247880532623,-0.4230434370558989,-1.2839182485099714,118.65449511947325,-1.1158161527612196,-0.8730119775731159,4,-0.6189716184556974
-0.910155792833178,0.5325802163237989,-1.368148898555103,-0.5545536510615102,-0.8686350759004347,1.572644503364316,-1.5219840196523795,-0.9555754122401707,1.2090514894810682,-2.293979848863713,-83.78903393758851,1.7127845248130624,0.17805148815897107,1,-0.6189716184556974
-0.2810922980825497,-0.15927934869776125,0.02312586281148863,0.07885499072586734,0.9065753045819607,0.6710880186513379,-0.9538187912510324,0.4465242101965143,0.7369855939729275,1.23471678191632,-0.36897599532795144,1.9116244965610019,-1.046325883103129,5,-0.6189716184556974
0.9457152944628165,0.5303139873997104,0.7509127965748885,1.0261759077375372,1.174823282475447,-0.16701667004787957,-0.1939595204278704,-1.9324390314803397,-1.0867823455713332,0.3327961423271953,64.52455790673125,0.19456820604137204,-1.3561644217533273,6,1.615582960806748
1.3081305067698352,0.7501344220261253,0.7705986763105083,-1.781296112820444,1.487668293564848,0.6855148507411425,1.5626090330730094,-0.19396266542121945,0.7777901583389484,1.3886259992501089,211.5289643154973,1.049682582441961,1.4108826993498045,6,1.615582960806748
0.28005983718070754,0.652805055725482,0.8660054493770775,0.5015049248921458,1.5067691447865308,-0.6616868219785433,-0.47988869683435564,-0.33821216257751624,1.2527746889849192,0.18901782811693082,1.2007756571940575,0.21290981638536693,1.1010489112693924,4,-0.6189716184556974
-0.41930052502584086,-1.5919097003755318,0.7009933152586701,-0.41814647864779353,1.39467089370504,0.6025895439521398,-1.1596508964830412,-0.1670956675631562,1.7700524865573877,-0.3713680641168602,-27.69708428379232,-1.2786549300724313,0.8942744299818449,5,-0.6189716184556974
0.03148385076529767,0.5135865498846115,0.06484803955156322,0.7005057867262603,-0.2618709128053416,0.8452739369773049,-0.7379319619172741,-1.2153519739888285,0.8842624993714722,0.7162067474145947,39.55094259377931,-0.36626063513394963,-1.5377722555684648,4,-0.6189716184556974
-0.9703026747625922,0.06456675311771619,-0.5521794362776429,-0.19111579345922536,-0.24251672006681085,0.7184813153414215,-0.2191790552132251,-0.9757838672446886,-0.46691671293032067,-2.5743626795559154,-97.78317954237491,0.17013736064241425,1.1804496594931888,3,-0.6189716184556974
1.0125406169592306,-0.15270256237074095,-0.9787271751324926,0.36958711599387706,0.7800610622750069,-0.07626933123960918,0.07593298779356882,0.6936030335054595,-1.3716051231550037,-0.006197382606523513,54.18149446324894,-0.40840720855196677,-0.20671152613945964,1,-0.6189716184556974
-1.0593678937209094,0.024581817594524512,0.5055911963539457,0.45740560587986356,0.06319628679154828,1.5716398445608397,0.13712239147063082,0.4658067720443391,-0.24683167213849802,-0.8568509037393899,51.66673839524358,-0.1757028504809479,-0.5337647993101257,3,-0.6189716184556974
0.1740417787873153,-0.9699429333823575,-0.9294388836780026,-1.3618174870496091,0.7008862529296435,-0.9514708737368239,0.4812261046423378,1.1157808073734177,2.5678923287170408,-0.8468107025543452,-64.92994929221332,-0.05017002722634851,0.1640519040743832,1,-0.6189716184556974
-0.26457750043785705,-0.5151979898062904,-0.7046778821242381,1.0899230525952008,-0.5917302012854265,-1.4547215692616278,-1.9229368611693027,0.8349367115672051,0.25507561238517246,0.4698699623479384,-182.54467849014065,-0.039791247561073426,-1.3921544262124894,2,-0.6189716184556974
0.3137045512760353,1.526580415015278,-0.22932889602259174,0.3208351465195659,0.5029181748463681,-0.8122554813923658,0.8907325009558608,-0.4834549453588753,-0.45586368408662686,-0.5136666716459162,16.465189255614256,0.09154528262872678,0.8826886077700128,7,1.615582960806748
-0.8963324039932317,1.9767638201324285,2.1036135604065285,1.2801560020516976,-0.45970500879699605,0.05694095839096498,-0.6723549071956644,-1.2003278770521209,-1.2197291345319259,1.2801580688945526,-20.336139799360176,-1.0062686302014356,0.28700584555654823,6,1.615582960806748
1.3649730917817622,1.0635987073467197,-0.15490247414831798,0.011568733090926377,0.06438223166835662,-0.5806557744685107,0.5646913624587744,-0.14993251651631204,-0.24300267851417579,-0.6134114351848265,89.6119139033468,-0.6673261863276163,-1.0665102447935462,4,-0.6189716184556974
0.3120754175737103,2.9380719316756156,1.508588150376981,1.8426355102021361,0.3820228052132035,2.7768909831513167,-0.5722016514307544,-0.8738474261352039,-0.31350970264415706,-0.5666914369774183,252.59318240867339,-1.2272188802626836,-1.060895388463938,2,-0.6189716184556974
-1.907101377693214,0.009202165939578703,-0.6094895217202979,1.7931247722316659,0.16802987541152412,0.7992217976987619,0.20524834221264449,-1.0322724763880646,-1.1496243547425395,-1.3231394843524764,-101.05940351441338,1.0045857091940196,-1.0745163685260515,2,-0.6189716184556974
0.23049168679523205,-1.0935550090875175,-1.394136716319143,0.1245340804121554,-0.24807644363915934,-0.7439622765422775,0.9243147470491163,-1.458773456227672,1.1781428100200262,-1.5304836446913157,-55.05938053800929,-2.0371780379586304,-1.5096105960249728,6,1.615582960806748
0.17658752854234838,-1.1853112968266266,0.9559124004393365,-1.3062548179117193,0.7850499102545699,-0.07702427539361784,0.9879716080735488,0.6327968070878309,-0.410919138218178,0.07660644337127477,52.21361234805837,1.1779834386616095,0.30534487048122977,6,1.615582960806748
-1.874404568830696,0.644653180500494,-1.9268559761355684,1.4400424324644159,-0.49967149771999475,-0.9353863191405387,-0.23695159122984522,-0.7359654251813124,0.67797504208841,1.8353913589402215,-265.26277855767705,1.4075948103127476,1.1688902935959793,1,-0.6189716184556974
-1.2194803406991206,-1.0769659088532009,-0.3699300448068552,1.1107784797241769,-0.23603328028396697,0.5725298881758877,0.319023220855093,0.670466196202265,-0.27042265856675773,0.9602350559013878,-54.98758957759935,-0.2581005909357899,-1.6446875510328434,3,-0.6189716184556974
-0.8300673162169329,0.6667424475195548,0.32610126477175105,-0.4397476355364447,-0.9464204236291205,0.16622687481158863,-0.44306352016972944,2.35398724102871,0.2677000408733873,0.865247547909685,-48.7041909201934,-2.527940450275083,-1.5369573449189164,5,-0.6189716184556974
-0.22956553581615646,-0.488696493463911,-0.9217207153353304,0.09371078317317266,2.0167248835726754,1.281979136689694,0.29962069239590383,1.243181654611349,0.8618594732497417,-1.1849421448290083,54.62849065965442,-0.316430930537024,0.25395891243124646,1,-0.6189716184556974
-1.310796205682992,2.706780509118275,-0.5776388882320382,-0.3831667909873189,-0.391037974715525,-0.39514750171412716,1.3509588540831747,0.35094478787662825,-2.099403126313572,-0.9938991587700345,-87.5494100849279,-0.02332267435120284,1.0975891905256683,5,-0.6189716184556974
0.18386176533223414,-0.6250074477802016,-0.7733278360288106,-0.1083965537910807,0.5000956608228427,-0.29815267953625607,0.15554589584339854,0.7977217652532371,0.17339653051168238,-0.0010396997223608895,-25.34966856188904,-0.9569380438515633,-0.5872982883788924,2,-0.6189716184556974
-0.08400488636762789,1.482236596884594,1.0565457446216284,1.3760865623052534,0.8697281247685439,-1.953201428140856,1.0197670286296459,0.3335284334680603,0.4728164843521116,1.7921450774873406,-18.898742070103147,-0.4682574128059579,-0.5090798694529807,5,-0.6189716184556974
1.4473193489438858,-0.28041315618392626,1.9838558372829793,-0.12663590690508963,-0.2951161646366954,-0.08084280635328059,-0.071358407578211,-0.6602709144814989,-1.328953668405221,-0.5961167357615813,158.406137595277,1.5494953347040545,0.3345732837806877,3,-0.6189716184556974
-0.317222996046205,0.10006000170488855,-0.022921319785212543,-0.9143400213399188,-0.6369836912046601,0.94996677131476,-0.7982892065897278,-0.6451083676791645,-0.1136563988136041,0.4420680062880501,8.43723369789997,0.6959286211747876,-0.7669008896652542,1,-0.6189716184556974
1.74024557615688,0.9974153788967167,-0.6154001170781507,-0.16602372606805468,1.7126211153843978,0.29052841431446447,-0.8518994818485669,0.25503611113580615,-1.0287139627596222,-0.7219499684922335,114.52716727318825,-0.87206740767476,-1.6135371308878659,6,1.615582960806748
1.3111677715285555,1.3975494477541097,-1.5035970400491365,-0.7977344741128697,0.20505405372924743,-0.07534657049466331,-0.28286554128803587,0.9454194915796689,0.2627824318387743,-0.179701383386274,64.43069986629526,-1.5360007738657824,0.8094537522453205,3,-0.6189716184556974
-0.3178787066429509,-1.0578794151639312,-1.5537911649369516,0.03670034965138873,-1.3430928093991852,-0.9218557086813169,-0.7573041415465815,0.5256487416909047,1.5235680320927107,0.8481962477011006,-130.55828492713016,-0.2826014457465967,0.4347707002164557,7,1.615582960806748
-0.33093549178450443,-1.1971654725711254,0.035000847026977186,-0.26968513717089276,-1.2249590691885337,0.5244718616024533,-0.13348672994377458,0.4993024377505857,-1.0277250358156282,0.2829420889320174,-22.454732840868225,-0.17057662646190586,0.2812645605127479,3,-0.6189716184556974
0.03438251060434076,2.0490039377848914,-1.0042775541439648,1.567607299971705,-0.45733099270575106,1.5578714353857774,-0.7707513887685794,0.44356742144307004,-0.5208813502966373,0.46438211354085696,70.46510943379795,0.5294824137996182,0.8315274771985275,7,1.615582960806748
-0.3161671068403551,-1.9869753905770278,-1.6916312539884275,-0.4948670339324684,0.3413837320381201,-2.0537745004143995,-2.0132857117985385,0.8079795273895569,0.055676998778917,1.6895390875983107,-270.1268988084953,-0.48808393495406566,0.6043031753935602,1,-0.6189716184556974
-0.4490422852154551,-0.19285068425301338,0.32267609443961814,0.525334236411023,0.45467855621769154,-0.3472838047004219,-0.2638508145283748,0.5954519403139564,0.030374707292408907,-0.6752230437929115,-48.03136696195137,0.544575889286749,-1.0005453175793306,6,1.615582960806748
-0.041275528464858144,-0.6105642373994433,0.032653927090472844,1.6383031985582164,-0.7731976085683112,-0.7470242859737547,-0.5909300518410632,0.24181431399543274,-1.245310177123841,-0.41181876239048143,-51.082392053935024,1.9489777755077327,-0.4992779152213075,3,-0.6189716184556974
-1.662244204272304,-1.525951195932056,-1.0350564769050836,-1.3627880864000506,1.2676680315899995,-0.6351748010787964,-0.5172262072556042,1.1758537620497393,1.5079321301546758,-1.1085493392772352,-227.6364502980387,0.8444662182135013,-1.2733098674547645,7,1.615582960806748
-0.3933462188519799,-0.15396893662008768,0.20104574898470587,-0.04100751397148686,0.6756934902019152,-0.7101122840824636,0.022008373670245572,1.4056842942519232,-1.2738510294715237,3.447535426940658,-45.05214913455526,-0.007444687564970635,-1.2604981572055471,6,1.615582960806748
-0.9731321122442845,1.1198459349442673,1.9033429301071432,-0.969272587751647,-1.2026648164375418,-0.14157610488430394,-0.27369414095542954,-0.04389166798209564,-1.4541930268994165,-0.44684902941897725,-45.2842008477684,-0.14068016099763986,0.6076024962009844,4,-0.6189716184556974
0.40652144915299443,1.7648065719277135,1.2040978481615865,-0.8941727834588885,-2.38663947939674,0.4160975793075897,-0.7692412730670503,-1.734190678685705,0.48690789057852124,1.3206452655930447,39.051864807990285,-0.3118562163115148,1.2312992702457664,4,-0.6189716184556974
0.9190025201926312,-0.9334118699020447,-0.3295480119475339,-1.782987796098504,0.3479100647236694,1.6818703130260146,0.32065126740697275,0.5287605181032177,-0.0658688977291826,-0.7986901519441462,146.62160944697084,1.2046681934661412,1.587360329749066,4,-0.6189716184556974
-1.3151050177466315,-0.47222191514080397,-0.3916741667834168,-0.6276243822507864,0.5863702675597989,0.6845740238375968,-0.5270838964497098,1.0038239484475509,0.00977297743653752,1.4632577838780305,-85.64268803812713,-0.5788365642569439,0.44399327476001393,5,-0.6189716184556974
1.1273031689806257,-1.7363787310672765,0.9486915240892748,-0.3315850217896118,1.3129295086711186,-0.07382299539124432,0.40698991235283355,2.030688038112841,-0.6942056919729916,5.37774545938216e-05,140.325094437231,0.08460464847125036,-1.07502012912727,3,-0.6189716184556974
-0.974754145620543,0.7056446344056209,-0.5495513962636647,-0.1312592009968615,0.3218853252594114,0.9142500609597058,-1.2140448972140334,1.1303863314643723,-0.03340639977567279,0.2998289132454139,-49.72736787237582,0.09049903672404418,-1.3432682218618786,1,-0.6189716184556974
1.5725841420554298,1.613056142591969,-1.706247747119755,-0.9411353010969867,-0.20866598448966883,-0.25392328376348616,1.8500033629088724,-0.23493166512533667,-0.2610563358708745,2.2729023906120234,107.7539417900207,-0.4550048872195259,1.074868864224073,1,-0.6189716184556974
-2.8191758485178866,-0.13168078647869425,-0.08061051486578322,-2.514500757728727,-0.9943578916449178,-0.8964854553724466,-0.16827610655278408,1.1223958507412717,-0.34607931966909294,1.7178954902850525,-292.76494988951754,-1.3139117130555495,0.27442757563676873,5,-0.6189716184556974
1.5460793692361892,-0.42105518930985064,0.5328697871518153,-0.024489604493763365,-0.35307061870691187,-0.10076144884168715,-0.2484753780361771,-0.06769099727257319,-0.3287577110220951,0.5921035521183482,123.73377641319026,0.35860030818702776,0.409587862916118,1,-0.6189716184556974
0.13283806779660665,-1.3076295465400303,1.265767501911894,0.04600029363034129,1.4049598526766292,0.030075882922538096,1.3498920079785457,-0.30727876630420353,-1.7428920505886092,0.4100524668837982,79.2360897701421,-0.0201854917344901,0.9675405916715402,7,1.615582960806748
-0.08053764545262868,0.530510637915733,1.1004686907589671,0.19772998342425266,0.8343451338340537,0.17927910805904704,-0.5586132859816133,-0.3042719476202816,0.5467706067362776,-0.035815294767148065,23.22730885192771,0.5334690441984704,0.7002024346703642,4,-0.6189716184556974
-0.7847807067433603,-0.8703465559925575,-0.11039738784611863,-0.23137116192306312,-0.32729116304991895,-0.23722094098365312,0.8889691694877138,-0.7974294923440031,0.38264872609182665,1.536764569522749,-62.1208161846648,-0.4863907403874426,1.1487508241098054,3,-0.6189716184556974
-0.5548985449628167,1.4501720941944856,0.7764168588295975,-0.9262874688523025,-0.5732154989249209,0.566360610999835,-0.9584102819653652,-1.3823946211206437,2.14153035785389,0.12445339435345414,-24.75205138204869,1.2443052063745341,-1.5123066595155576,1,-0.6189716184556974
0.25243583983428647,-1.5882472973014183,-0.96480972418081,-1.3626289624171655,-0.11392437952198621,-0.22495859571506555,0.6725058123459264,0.46400195723511695,0.39426457685885347,0.6902872037930228,-24.77889140539774,-0.8249233599398075,0.8514842975606625,1,-0.6189716184556974
-0.47286442129176215,0.8346805083494186,-0.2658178051801184,-0.5606292583291235,-1.9495616046398827,0.031487654774637885,1.8039293541245633,-1.8478325687023256,0.5668937250358443,0.35237105182180584,1.2070094445811348,1.7288812650148626,1.2048086919832282,2,-0.6189716184556974
-0.0020572751887413493,1.9265006748181512,-1.5889377819027863,-1.881975214407131,0.9379286095862628,-0.871337432419161,-2.5545955227885995,0.4402107376545491,0.5440213506480532,0.35578014458925095,-180.6592905628591,-1.6840091065416531,-0.7261353698680855,2,-0.6189716184556974
1.1436714701075443,0.1318574674393862,-0.6934189151902698,-0.6385825322851305,-0.10387502244601184,0.6662242744071236,-0.052732639902784775,-0.3073222943208437,-0.5631725695932489,0.36997794469456613,100.42844648917021,0.4688840185587318,0.4853674420964852,2,-0.6189716184556974
-1.344657055778484,-0.2511665806428104,-1.1881885776699876,-2.038845602765585,-0.09912291635447444,1.4708808710905454,1.5826926572695732,0.773839021157231,0.09970687455195498,-1.703527067435253,-10.979352747730655,0.5089947687355321,-0.6303023384648593,3,-0.6189716184556974
-1.6917912641299027,2.4335058917920422,2.917876376578425,0.6825927559584325,1.2410626431704157,0.2254438740430958,-0.03288124049344794,1.4635142924228195,0.31901331819178674,0.04172021258928932,1.1577037278872329,-0.7448049687580154,1.5710792330776238,4,-0.6189716184556974
-0.10076706165286817,0.12895134749997195,0.7444709868909358,0.2460755901686669,-1.2083833491548006,-0.7583804402164316,-1.6398991216571062,-0.019857054555637684,-0.24256813367888172,-0.9788459292859536,-98.48400540753376,0.4586482118621623,-1.5902338381089287,6,1.615582960806748
0.5501450174480675,1.701157106398647,-0.7141594802409682,0.8116520703225996,-2.0193676684236563,-0.734310498903851,-1.2519980723813697,1.1330445300285037,0.37691002934800993,0.48026119162074243,-20.846627664307896,1.3022087921942864,0.2779712357082121,4,-0.6189716184556974
0.2060339518169464,1.1260246004837529,0.2114509683891229,-1.2108703765624391,-1.8892669080871973,0.1825559235406418,-0.49971989073600354,0.2577827272590448,0.01936272728835329,0.5055919058256167,-3.118682394792586,-2.146846518924018,-1.1351923546055573,4,-0.6189716184556974
-1.660886673352142,0.6591488659568309,0.22198323465214517,1.1163529445885128,-0.08363816705077008,1.3226852665975464,1.993531671792442,-0.12839275132350841,-2.253344453285993,-0.6123459804053434,42.36475452706226,0.5359395152111545,0.7307812331348191,3,-0.6189716184556974
-1.792829488003177,0.21915696956550296,1.1071816097421878,0.6358224950056159,0.10274170123057882,0.40176996242064783,0.5914648737043176,1.5886400771099822,1.2872241193678038,1.3463116309606538,-30.1012935187521,-2.41955994283373,-1.1030962074950663,7,1.615582960806748
-0.7383969032171186,-0.6127712512022413,-1.8425783153426774,-1.2908130927967643,-1.5291583332473522,0.49799243826525486,0.18380998209700627,0.07036867499733171,-0.6719617313789621,-0.5965554636461705,-82.25453600859403,-0.9126122777901371,-0.8996713626680783,7,1.615582960806748
0.17576239195870832,0.27666368374538447,-0.3170030311438939,0.18498372070331992,0.16509675699001308,-0.10761087886133126,0.5923903494280689,1.648697436054685,0.29741618387168517,-0.429187181211544,42.5074081480276,1.6471280789627782,-0.014113043959716189,3,-0.6189716184556974
0.8275783212290462,0.6912795153736285,-0.7128115047209584,-0.8639089057782512,-2.0631256045978024,0.04573303219010347,0.3053716332376476,-0.6910795004385404,0.1476177366544018,-1.257013949625319,42.9678835806962,-0.5339208889536224,1.4235835449013792,2,-0.6189716184556974
-0.5281985684733742,-0.7074269843857433,0.20653304970945194,0.9223090063357661,0.06070769237734594,0.6330817435865872,1.2794000394114289,0.8535220010257154,0.30792230318756214,-0.1662223724701866,74.52538243130354,-1.1180116720523734,-0.9806025977102567,1,-0.6189716184556974
-0.15478058847597997,-1.2500662758057732,0.13198835320506905,0.8273764763633258,0.42369098314190645,1.5470372711538882,1.1047061175833721,-1.5153331561150851,-0.5619920336367324,-0.14077235363515866,110.29990331801672,-0.15526744565542092,-1.2113182172473935,5,-0.6189716184556974
1.1970065252176385,1.4073021787628133,0.04890400209801531,0.24231946567458326,-0.5606844565452118,-2.9967570299040807,1.749465921017203,-1.2877468532824663,0.20559612104288055,0.23598350870060267,-18.75222620776419,2.0799348177391703,0.8906565624498962,5,-0.6189716184556974
-0.6239848290446135,0.5167517120751378,-0.13897978583934661,-0.532118299731896,-0.09201264568632259,0.28854144873095383,-0.8683010112910212,-0.8200403062909851,-0.6772784004813966,-0.3571782997466022,-108.31183466858636,-1.7669182639453593,0.0072532616262029285,6,1.615582960806748
-1.1029809735039242,0.4628208866209708,0.24537591985654567,-0.65200808641786,-1.1777652960424627,-2.02143774456759,0.02307293766910895,-0.6858242072493225,-1.246789451086508,-0.04478505198044486,-206.44360837751364,-0.9970991770809609,1.4131552093321271,1,-0.6189716184556974
1.6101240962724803,-1.4487683617398757,-0.6376923080162807,-0.75374282622474,-0.6317710296333001,1.058035751482524,0.6115847106760898,-0.42933602462173037,0.003920133535314733,0.2908281492989089,157.1283205778242,1.5171748915302226,-1.2031989460632884,6,1.615582960806748
-0.28497501629456384,-0.40813880666284824,-1.085841938126962,-1.1902156831874724,-1.0897752264172764,-0.5449847262818325,0.0793009710534414,-0.45383482783676493,0.47823829114922606,0.20896834269322592,-100.21717562019712,1.872573485432855,0.5041073691295656,2,-0.6189716184556974
-0.497361271235322,-0.15541440158516118,0.09590956120756067,-1.092825143808084,-1.3093157750696345,0.3426129178760788,0.28490291976269744,0.4500828316360864,0.5147487236988015,-0.4975876624599225,-19.400654657863114,-0.06203898555918214,-0.9082337068335008,6,1.615582960806748
-1.2529390708209645,-1.594914929646272,-1.943067357048168,-0.03455954432091485,-1.5578886538595356,-0.9054396707360701,0.11595745427233832,-0.6323802881021325,0.8089844090027405,0.9156657573636813,-219.17944468483628,-1.1823030563820915,-1.168507081803075,1,-0.6189716184556974
0.4434857106791285,-0.3295282934751799,1.8356663860701934,0.18999034615498644,0.14198567640012866,-0.2729676508849594,0.9342971104746833,-1.5957563079169066,-0.2963178530333502,-1.172263535851108,91.6629745595659,2.107494177325674,0.6323366411525744,1,-0.6189716184556974
0.07355648468571127,0.10927878493930046,0.13281125194057075,0.29490921082966826,0.24276878327697,0.2956551801425381,-0.25776285351755357,0.741361240552702,0.09164408853581107,0.5147194128633623,22.32443582133606,1.6128736902746261,0.32547150321542606,5,-0.6189716184556974
0.4485413334144404,-0.4504837561756777,-1.234252575240485,0.45828612682288344,0.06337606915196745,2.599171190649768,0.24878713266392735,-0.06396590255581544,-1.421814647114989,1.1242324527681633,154.4887574031111,0.709758851620049,0.8764685745520258,7,1.615582960806748
-0.014182607042541165,-0.15507379506861196,-0.6755477124468141,0.9460505187268459,0.4620960481332295,0.516617181237647,0.029950117439993262,-0.7250577913072048,-0.8386026255469761,1.1243432051102074,-4.66528296532147,-0.7614224451134686,-0.6463713354737086,2,-0.6189716184556974
0.322638950524993,1.111950479945456,-0.25260346912594916,-0.028560682984923414,-0.035853597103576204,-0.12294180922090958,-0.05164531821055096,1.337825171040641,-0.34634761025697824,0.9270589656863701,27.092144638591286,-0.008372797850847985,-0.17276606619428364,3,-0.6189716184556974
-0.9631148783986269,0.44046863932155406,-0.7276554511006688,0.3742502584372071,0.4158555470180681,-0.15658758814112422,0.01849503999374403,1.2796048053443374,0.419752810519965,-2.2635790523343338,-87.92424573146697,-0.11819797342385929,-0.31808660767855895,6,1.615582960806748
-0.11578279973390446,0.5805513774218966,0.26016662421978654,-0.08720778909796953,0.0004767425778867649,-0.7469410807100036,1.843940290761465,-1.3189489235741845,-0.08369002099967078,1.1236605871756409,11.226842432889951,0.366370588443337,1.6603860906446535,5,-0.6189716184556974
0.4975742418727901,-1.5723753462783545,-1.7129464915615462,-0.41788954665730865,-0.2303310173442321,-1.002764007249468,-0.923562397229331,-1.474580876332471,-0.8614881079733149,-0.4897694001815567,-148.91724569798131,1.471372538964753,-0.7052300110224635,6,1.615582960806748
-1.125851746509535,-1.6025231279420071,0.9077152082501025,-0.5434785882830101,-1.822414263361313,2.0164166147986538,-0.3231710087775009,1.559863913497051,1.516691433097841,-1.0570041541418949,61.806523010686746,0.9075178781760898,-0.6964482639860232,6,1.615582960806748
0.7530735252409799,-0.5184817391443307,-1.4801480001388414,1.0108030713139924,1.1616245802931155,-1.1238578367599832,2.38917822429352,-0.3514984044769556,0.39295330793629024,-0.8528201965621398,31.653894539811564,-1.022812840533281,-0.4922096510918852,3,-0.6189716184556974
-0.5771936634732409,-1.5530160539417828,0.1844346977492922,-0.9210496868532017,0.8431807715685107,1.0771801761202149,0.0002765311483909407,0.30628434246525127,0.48665421504659806,-1.0838514775171537,5.351093288520638,1.397875107929581,0.22600197831336416,2,-0.6189716184556974
1.1249920989463282,0.3216076532776753,0.779633733007249,-1.2659124478588444,-0.8979119050814761,0.44737779608174844,-1.5643932550013653,-1.33633847072676,-0.006164521941669976,-0.7213320781066417,61.2053159250918,0.34889104631639617,-0.8417500472509227,1,-0.6189716184556974
0.3776772403042543,-0.18973084043378943,-0.1485114026002643,-1.2363801252036093,0.43024252390634404,-0.587019401045236,1.6227512333635126,-0.8214805162125316,0.5960705960540432,-1.1890059620489157,24.04418962525134,0.717767866228284,1.4251392973666597,4,-0.6189716184556974
-0.5222943323807698,0.35173337555704665,0.12946049498016313,-1.7721959121562516,-3.080368991594044,-0.4739055084817995,0.5009039144961945,-0.10634418863519562,-1.5103165964983845,-1.1626804687213168,-58.86318522330529,1.4867018150715277,-0.7960584416701751,6,1.615582960806748
1.0205547021299606,-0.09472883873416754,0.7241093549536919,0.1379327380513738,-1.906354411894295,-1.4742481399551848,-0.44430331189639083,-0.26251352873667383,-0.6662699082832608,0.37179582918453075,5.24414826455744,-1.0565544580445512,1.3585509703340568,4,-0.6189716184556974
1.2296368624492617,0.9908170033800155,-0.09304388378374283,0.20855881802621387,-0.5368645306599029,-0.2020413036263275,0.4975638650853483,0.5798808166827127,-0.16299362389244593,0.1514851339752478,100.79846692972444,0.004652405176014563,-1.3507061813388652,2,-0.6189716184556974
0.20215840212474648,-0.18120079438242762,0.20685203351263323,-0.4703054390366524,1.7919611826555688,1.0144946461612891,-0.3553365572398559,0.41772275241719364,-1.8579710714902504,-0.907253902206626,60.95223831665534,-0.4842740031057659,0.5404710628373942,4,-0.6189716184556974
-1.189597282555491,0.41604981378802336,-1.548093170264537,-0.5618672783250462,-3.0380999216764004,-0.6845427973846023,0.5102402324967253,0.89615074348773,-2.7833954056207615,-2.021827305770623,-163.95387716325104,-1.5066632106241586,1.3967439171402611,6,1.615582960806748
-0.37890214156243734,-0.8716694071098074,0.47418010195426386,1.024715757901819,0.8870179353623939,-0.13713143375903683,-0.10918189010317589,0.3984786669710653,0.845276945027458,0.5718157528329473,-4.39111277363795,0.38201479903759217,-1.1275129593090782,3,-0.6189716184556974
0.7310706091403364,-1.4992942903954332,1.5552795263171073,0.4188870846212373,0.254754695553043,1.2934224006467525,0.07981103736828904,-0.8903488787224879,-0.1349445719806561,0.7293803990059876,159.78774747508876,2.517585393774573,1.6064892277673586,4,-0.6189716184556974
-1.9534761739942708,-1.5414421071816027,0.5584656361872713,-0.7247597262841823,-0.36380164480177307,-0.4540536956341554,-0.34968729415570143,-0.10359928334654875,0.1373773784477495,-0.3702968215230809,-195.41186847174933,-1.7752002259915345,-0.1559714350235549,2,-0.6189716184556974
2.726157636348169,-1.6211084833871339,0.1930197986840656,0.7233467518948544,0.3759505963081015,0.9077938334056008,0.6824289531569823,0.34868040691862334,-0.3722589448675882,-0.08236321349962085,293.53138147760603,0.008149432992471067,1.5291723320197987,2,-0.6189716184556974
-1.0099873707531681,-0.9799674082739164,-0.07310624483304394,0.9097150589858876,-1.3081795634446571,-0.5373564136154592,-0.10123218929563987,0.5566321942633251,-0.7367264939316642,-0.5378863012671605,-104.71521340200665,0.671874150402029,0.6097371611519513,7,1.615582960806748
-0.014358573995807103,-0.5102858827259283,-0.7020397904424293,-0.43383404334115083,0.12392523896403795,-0.8260147907810415,0.0028096337801285986,0.19882727587583365,1.1097701083571607,-0.3090081867629736,-74.80951085745016,0.1614072740031386,-0.6733008056125607,7,1.615582960806748
0.7020703382469641,0.42241020516135463,0.4231322933148585,0.8001151776640133,-0.7378659920826082,-1.5767056159824953,0.46782729081791985,0.5052940647913537,0.07668038212339137,-0.678506834571291,30.06522386745001,-0.07160468017671513,-1.0606549250899855,3,-0.6189716184556974
-0.8406573220498992,-1.1302359142869225,-0.5957071580731479,0.19626889618987417,-0.8095233073413435,-0.89807452076317,2.270770819385945,0.39983035664958977,1.0536421032704686,0.565022386807548,-50.373804302858886,-1.241653103020523,-0.665955528032892,4,-0.6189716184556974
0.22699783995538175,-0.04541427346011911,-0.9224320947999036,-0.8499089681432803,0.4592426080798549,0.6604138984666919,-0.5601593128946664,-0.6843775792795892,1.4630876368870382,0.5300219802046223,10.637544230198287,0.2696321882181351,-1.3864641274808145,4,-0.6189716184556974
-0.7580230326106117,0.7894800887740983,1.706493653995129,0.08916663385152923,-0.5684649218742588,-0.6727882107841141,0.20194198756702558,0.14538564206114035,-2.134734891662262,-0.7879855347808228,-40.38042666291659,-0.7065364904029859,-1.2125903872876163,7,1.615582960806748
2.1158164347080715,0.5770490454464061,-1.654872106958575,0.9213486250275282,0.7377425430702844,0.8965216320293921,-0.4171364754754151,0.5010698850180375,-0.43460171177208545,-0.22655933565773514,160.7602296636883,-2.1203131239271427,-1.346653012756622,1,-0.6189716184556974
0.469465629508055,1.6864914389041605,-0.22563573491425468,0.8923205023093991,-0.9282250922177577,-1.0925016483621888,-0.3322702944317712,1.3783180391562997,-0.21652002805158507,0.7192731572621377,-21.11333571282405,1.2184308330973055,-0.2583449035686913,5,-0.6189716184556974
-0.9238581593937433,0.44893493664191975,1.1239223475838052,-1.1929878392233333,0.25730744931167066,-0.34294497790414297,0.8554288741845275,0.029607979565938296,0.8822996378049639,-0.16125768621626901,-29.23242778747116,0.985418734398853,1.0158085330015576,2,-0.6189716184556974
-0.4711197161483077,0.276165436059912,-0.01234838587406839,-0.20527106225131717,0.40089316047938467,-0.4373499910893724,-0.23795660255873613,-0.35413154474913755,-1.6165223625401417,-0.4996968089218998,-65.84437718184373,0.09095584936885918,-1.2210853586999424,1,-0.6189716184556974
-0.05200069713599281,0.5277798626055292,-0.33614773510317364,-0.24100451105504936,-0.4178378651035505,0.49190686410443674,0.7938083898983467,-0.5007977500932648,1.895220389379705,-0.1622612694258869,75.20480881731206,0.2659703329013419,-1.2589135821170447,2,-0.6189716184556974
0.2683679909546388,0.32534087880143325,0.8049838010223801,-0.22329553200734262,-0.7062965873883537,-2.1119777604913414,2.074556447783762,1.7400620071573782,0.42727054435057354,1.696833441909851,11.909321162273098,1.0997831355808496,0.4955627104510015,1,-0.6189716184556974
0.8662478707932004,1.3455737799959704,-0.43761094610771034,0.9191953312079599,0.7032395640007341,-1.7861321503471448,-1.7811232885420845,1.0208217562576947,1.0732189638883511,-0.3494499096142387,-84.31693347184365,0.2612993349638794,-1.0302899031370036,7,1.615582960806748
-0.7778389632132039,-0.13998847924499416,-1.8767083011929742,0.08245256994428253,-0.01777401602608119,0.19718149915645233,-0.30693760770065087,0.7268337330978746,-0.6972635979420213,1.1143179622472248,-86.90024149860746,0.9317857104290135,-1.3707605127974656,7,1.615582960806748
-0.9703081976340009,-1.4965990969622809,0.3458520020600971,-1.2090642433738523,-0.6387495652550698,0.6988917150671489,2.842648188332048,-2.11704297333654,-0.49776332655331185,-0.9107768997734452,28.5843613921648,-0.2534657427496807,-1.1340125866535047,5,-0.6189716184556974
-0.3521876582674273,-0.9318849969041478,0.22574225887490587,-1.2230319159487764,-0.35772462442664565,-0.29231388440729006,-1.1256754624746783,-0.5120814445178972,1.0419881323197018,0.9896185345853284,-99.18967056170798,1.3342348244998417,1.4540032375924694,1,-0.6189716184556974
0.3456421222686783,0.24333416622118959,0.3261574565515513,-0.954388958220647,-0.040662528111215804,1.0741608815315238,0.5187615178086082,-0.9997587173357254,1.0522115961888407,1.808979067658671,99.69389016903183,0.35644113011009054,1.1043442648227362,2,-0.6189716184556974
0.04549227934592343,-0.6137423484805306,-0.18342770735463226,0.3786273431978297,-0.253515889101461,0.7550111758569394,0.7606829223692185,0.2777450995086063,-0.6782865776054168,1.0833484192539993,78.46634036952076,0.2314212131561542,-0.49386338757205034,4,-0.6189716184556974
-1.2257536249866585,0.529837666170668,-1.1167402447082893,0.2119196492270797,0.45326903705478994,1.5481268400793466,-0.7840857736088196,1.203791760167518,-0.951121308237782,-0.21383448299301905,-74.61428810606198,-1.2128921052891637,0.5379341579655428,2,-0.6189716184556974
-1.075945241499234,-0.34837733008032973,0.5249208047325055,1.02528439469472,-0.33331321188318,-1.0457369119632183,1.997542305350901,-0.8099731197531486,-1.8688806337925725,-0.20089161467526417,-84.38721861040639,0.3230687516943621,0.13259191592457217,6,1.615582960806748
-0.12235728121432185,-1.1920603676502595,0.15508581682575118,1.0129193514194514,-0.5543790259881037,-1.925676358521189,1.2933951111988289,-0.9864226213082405,-0.5015961068283707,-1.3352435162087464,-84.53445373937453,-0.780710597430525,0.6107773826683892,7,1.615582960806748
-0.9586127940467017,2.145330276618638,-1.186810981635766,0.4117833621961733,2.4152297523540605,-0.37058593835909065,-0.04968978217885848,-0.9885744379073138,0.4300006611691986,1.1608030673980712,-106.41031605691605,-0.5896575034069214,0.6297439071037705,3,-0.6189716184556974
0.29962931301787926,0.26911295604818086,-0.47187898849904536,-0.4894177166308739,-1.535130536818319,-1.7176889279129415,-0.9800407075453332,-1.9027137133388081,-0.5142623108322445,-0.8971641774959866,-157.70330711413,-0.7643555157926623,0.4453161966922904,3,-0.6189716184556974
0.12334680118183687,-1.671204956352343,1.8491630397599967,-0.7735710084611362,-1.9612264087555158,-0.16212179640760654,0.20427513978713147,-1.992711289485519,-0.611586522953512,-1.6019755901290775,30.97317140771635,-1.0118223610589656,-0.7946366806586682,7,1.615582960806748
-0.5996608597780139,0.3201943446599527,0.27998106069657014,0.24513473098490318,2.104878199147035,0.8449205011443929,-0.9461881889466874,0.16066548088131305,0.05051230234686596,-1.9829770066860086,-20.419607359107786,2.1360308763829554,-1.5711443575736057,6,1.615582960806748
-0.7956729486835372,0.7164460405992426,-2.191960372395264,-1.4312879717315665,1.0121703129444894,0.5847934180470584,0.5565406432921823,0.05817769203531005,0.09036079782243817,0.6018025536340171,-96.75695766141767,1.3533283990895433,-0.14679598892273324,3,-0.6189716184556974
-0.9413719289822049,1.4991440366328572,-0.08779818064381992,-1.2078194200417822,-0.8111429934919437,-1.6759366083178624,-0.2688634466067978,1.8824343106269197,-0.9597410414210874,0.5363893191566955,-182.47063432574208,1.9343912011283508,1.3419952023548423,7,1.615582960806748
0.6728349239028122,0.958834535712067,0.10216484896923902,0.1521807051950583,-0.3738172091845696,-0.600542668760415,-1.0065927627143556,1.0804587560492318,-0.5662214558876224,1.4922891477598215,4.645907725089704,-1.1663638794229192,0.24276745370736033,3,-0.6189716184556974
-0.2083731036850127,-0.29046710040178314,-1.1110151794256253,-0.2424463589996209,-0.8932735489964404,1.2811358229365915,-0.5428070652512488,0.8370370676724646,1.3747500806109594,-1.6833068730070748,16.109103624338207,0.11028366248911009,1.141682391514705,7,1.615582960806748
0.10084276542033152,-2.9347069134063006,0.8271186597887132,-0.3943719555629151,0.2911478538091394,-1.0395466801403457,-1.1979434328621377,-0.3375132981130261,-1.5456012674817656,1.3704470750410014,-97.58422896145034,-1.2360215660475928,1.6861501661617828,5,-0.6189716184556974
-0.8651262656572802,0.38943742697217515,1.9818697919691544,-0.3336791977954897,0.5360623305697421,-1.002086944198593,-1.1674749916849034,0.5945549010514483,-0.796757680109241,-2.8660396792794267,-106.22668203536438,-0.646293249432573,-1.1450650706586207,4,-0.6189716184556974
1.4822489537996244,2.2633178346292073,0.9386701450161682,1.1690238917788525,-0.9516763377757079,0.09479923833371354,0.004526675390989265,-0.31845771601721806,-0.3735499602586583,-1.3402007565070044,173.38276934317835,-0.8657173282921669,0.6608817940776462,4,-0.6189716184556974
-0.4863925164453591,-1.0714587478839295,-0.4929858088364126,0.1104097316246348,-0.6236388943680788,-0.4656537340893374,0.753114955751026,0.3862577928596604,1.0380696026909277,-0.10499328299357942,-48.188363474695436,1.262814179329345,0.6010983811377645,2,-0.6189716184556974
-0.728483565549044,0.3603610887595798,0.057301539996035405,-1.7505594528794537,0.6082548964969205,1.6770500033669682,-0.385374505105469,-1.021535672490334,0.5337285194102684,-0.0829967743534098,13.88225325446241,-0.35087782322092276,1.646250612668381,6,1.615582960806748
-0.5171394998908492,0.9853045073208965,0.5744571985721574,0.9168077043895712,0.3817260514931157,-0.6367379831815161,0.7487237781986485,1.1361082592944451,-0.2591543761475707,0.018245972468054455,-13.465702831270836,1.0939247673978891,1.6655535888992057,7,1.615582960806748
-0.817583390434555,0.5118953924688671,1.025113074206571,-1.2767136086321218,-0.4045282148103016,-0.21796043563679968,0.8004537294782761,-0.8443395874890928,-0.9664913053282694,0.5830244601072613,-39.72350508905978,0.6359446530069135,0.6434466464728026,1,-0.6189716184556974
-0.23515444418225773,0.9935594910680001,0.5573553420578519,1.087377907496676,0.04632608599948702,-0.3249464206247094,-0.7471868133224427,0.7065381477888184,0.7604603173787109,-0.46865574649114256,-17.852512779289906,2.3124793395959116,-0.8715252221858926,2,-0.6189716184556974
-0.4369973089254006,-0.4280526029662383,1.300995932778473,-1.3682085012804492,-0.08808916782107896,-0.1266437397973321,0.6729310234329827,-0.24976717246814348,0.10935430029054624,0.1643755382590785,5.705664749153917,-1.419443678177614,1.0259893935833246,2,-0.6189716184556974
0.97204281930747,2.3667134397176017,1.0524036980172864,0.5640642450272698,-0.28109426817393485,1.2306728711321822,-0.941764076223468,-1.4613365434549395,1.1342853744893902,0.3642191021868969,171.9791935824872,1.282197689202785,-1.3385537177783988,7,1.615582960806748
1.3964015289361387,-1.0994724142328152,-0.2460235443968893,-0.14860306162035974,-0.6661466162460017,0.1686403869365714,-1.8453079531646852,0.8786408597610175,-0.3770128408387075,-1.2212428043241608,40.477904794320445,1.170930650574353,0.9649323958908809,7,1.615582960806748
-0.331652566176577,-0.5738167999031908,0.5964880861184769,0.12375766578062643,1.2268506718313172,0.6925811547831612,1.1271431911117684,0.27193794017742146,-1.949521504477648,0.4548002435431239,64.90045833119538,-0.9202219927007305,1.407721968404893,2,-0.6189716184556974
-0.06102804358572216,-1.8298832921369856,-1.0458255994048702,1.884620036481775,-0.28489737478178834,0.35231365844037266,-0.0948728736760657,-0.5642325356261232,0.5919565427839035,0.43965368887561873,-27.865933168124418,1.033507021271072,-0.39549387541970665,2,-0.6189716184556974
-0.04940251281455324,2.050168822630107,-0.6136233514824118,1.6622578640464758,-2.0721367503625086,-0.5564244697778107,-0.3729856823794149,-0.7361588873420634,0.8575352356461827,0.04916295258298898,-38.234745785479085,0.3715926588552766,0.45181725922454824,4,-0.6189716184556974
0.5685437741227334,1.341581089755689,-0.5328232624224918,0.4552883300812195,-0.24713413869628575,-0.37458061843561147,-1.3515869009138284,-1.082577856664554,-0.11774884172141085,-0.7105841549206049,-25.306690326655954,-0.18440651671327435,-0.23372865789609304,1,-0.6189716184556974
0.45449967321078916,-0.6689393431425681,0.23852941537385755,0.3103339489112882,0.6545740655037016,0.2760993838541524,1.8127844481374042,0.28011494117463703,-0.6609705717417812,-1.1843630346580134,126.90761274406707,-0.7727996164787422,-0.2076655847232894,2,-0.6189716184556974
-0.2641066785120907,-0.16060036956046245,-0.1998414092678727,-0.38279013275721085,0.5826016514321718,-2.198793029370932,-1.378915465550586,1.4405360909042486,1.507648476397675,-0.41176015839650976,-174.45542078398992,-0.6693911801876378,-0.6432655343013552,4,-0.6189716184556974
-0.7387933991902031,-0.28316754951803574,-1.1668192544417317,-0.3096204942237604,1.7117731798215794,0.37085542494816576,-0.18587130567720359,-1.1866765532620345,0.27083849338865273,1.0866402288889334,-109.98987852081535,2.062085270145286,0.9014369191804361,2,-0.6189716184556974
-1.0922867596238444,-0.5564376656584745,-0.8287778834506557,-1.2314430659576312,0.5987289490478741,-1.0649149286086577,-1.6355801509391645,-0.0823530898777485,0.018723603426201624,0.7036171917822722,-250.16817375344476,0.040667086978044296,1.4965571068536614,3,-0.6189716184556974
-1.3674211450312421,1.4588838445049959,-0.42361550096938244,1.448159517849759,2.345371756364934,-0.336154900296631,-1.504147151230092,0.8428209590732908,1.9436777929229305,-0.061519057837872274,-142.06008494096565,0.8115464853168037,1.5121980326934965,2,-0.6189716184556974
-0.16266679307435972,-1.8529864769429547,0.28948537354698983,0.1420369169595408,0.8589094833733842,-0.07676750897318312,-2.128075977258951,-0.8619696876450889,0.5456246453035472,0.16845124278834142,-90.1290457259549,-0.7402102700092045,-1.1068882156015065,7,1.615582960806748
0.8929930139609304,-1.506302358422597,0.09402754772277583,0.1174846656205976,-0.424004037825204,-0.8843208045375855,1.1323218076155113,1.0568254841303404,0.11535080701881165,0.05823168259977492,60.57048368330867,-0.7293132193828449,1.2864990223400554,6,1.615582960806748
0.6734643372168359,-0.08884389246296427,-0.6377862437302436,0.5344454934536117,1.2085841705647409,-0.7763896310269963,-0.3617016568672648,-0.14346265683403292,1.6351630326996858,-1.8775266070666972,-15.043509355765117,1.1073462513376202,0.816986226616457,6,1.615582960806748
0.14052779312935648,-0.5314795391848703,0.19924768154904487,-0.1260470180493716,-0.10060249757404205,-0.05064158198505639,0.11343248223950667,0.44989818956749483,1.092665723605837,-0.345219867389513,13.525175237354773,-1.291331917243497,-0.8399902781759107,2,-0.6189716184556974
0.16716512981916545,-1.8022158820871597,-1.158409272882622,-1.6923416449592683,0.09839050876881719,-0.7139758232125685,-0.5076000825587582,-1.3351844522360423,1.912687832729341,0.42944568019846746,-122.17314033850816,-0.3696051845219593,-1.4744524957964407,5,-0.6189716184556974
2.053611048630073,0.7654235544781186,0.30216743606072605,-0.3842799468491003,-2.1836582519521466,0.029056660865885247,-2.0011494279489925,-0.9033607379281489,0.6908887386799776,-0.2636462962489027,105.52872043671202,0.07356074848259003,-0.7881540193948362,3,-0.6189716184556974
0.4830495783167431,0.790818841212432,0.6672852305374019,-1.16685443916454,-0.3762182862129542,0.45390684169598206,-1.6089755284727785,0.24671456802100847,-0.5946136061437788,-2.068529003510344,16.88562706834729,0.1498599731174551,1.414602002173267,1,-0.6189716184556974
0.8580120912389282,1.4951255511727857,-0.19668955629028864,-0.4638168005626261,1.0873872992405074,1.0060112701241908,0.2617010901468286,0.24379548455363514,-1.4050178632532,0.10684572466969822,116.36525312411617,-0.13667784170978217,0.4605138596855923,2,-0.6189716184556974
-1.944493487279114,0.7632428131886229,-0.08198463866872734,-0.06746635122792626,0.32639722851276176,0.7103952020238312,0.07890065476924714,0.09667293189939555,-0.04965209327115377,0.9524291837718807,-101.30348171582573,0.43046047343746874,0.7609889623499623,1,-0.6189716184556974
0.4018035963213464,-0.11341779450570433,1.1800267008497667,-0.6312668586626582,-0.503341901197029,-0.7889431726551336,-0.11473523738153749,0.0587676095453015,0.6536699444556615,-0.8763482017879896,2.378276483565994,0.7234795265286217,-0.8252361316898432,3,-0.6189716184556974
-0.7416792922267278,0.6210336498465435,0.8537760505256721,-1.1989991305215426,-0.7321927585626276,-1.9018524813186706,-0.4519265108761454,0.6743354826432213,0.11792623750050829,1.39296589438146,-165.84520952435653,0.764696286379594,0.755290666594593,2,-0.6189716184556974
-1.243926874557332,0.5542852487869777,0.45352201566081163,1.2948149303084764,0.26948321547712667,2.2317229077886367,0.5592559695632862,-0.05579315931343682,0.8859472809417579,-1.28270929755834,89.77588143566538,-0.9324789361071947,-1.6083632377949142,5,-0.6189716184556974
-1.5392353508897052,0.12764526580663946,-0.9726942897213596,-0.8146979949979429,2.321515985779916,1.6399138641749496,1.1930785459055104,-2.3104438060059582,0.4544102792154833,1.2852081417267749,-34.63214688617123,-0.24031886689040494,-0.4211798881270359,4,-0.6189716184556974
0.1563986405802535,0.678281977997857,1.2354058704300737,0.12801805090979418,0.3865003374885933,-1.7448188683887238,0.6549613352331936,0.12723808067831305,-0.8021929528769084,1.2207532636221532,-21.208582873379484,1.2185991668175291,0.43854368690532697,5,-0.6189716184556974
0.2925777471387862,-0.4696759405434532,-1.5459695109505138,-0.18898708217922394,-0.4032378334333134,-0.18673335849366915,-0.006403029541688342,-0.9392179849395803,0.5024167016257326,1.8619211478994073,-48.811306351460786,0.9225420620024164,-1.2049701191884579,7,1.615582960806748
1.516514760939639,-2.8594602927646795,0.7718138156568438,-0.5817988583383815,0.9531378746705709,0.7379270436831499,-0.5868549187518175,1.4266396833606503,-1.6533399504463315,1.4912512941740013,126.45675510615433,-1.3143002897560632,1.1095837452801232,5,-0.6189716184556974
0.591458107925729,2.5973950644438695,0.4716221230869596,-0.32799459962895106,-1.6166077331952475,-0.24147654370887464,0.12282321752716337,-0.18802980038685793,-0.7406954428449286,1.243653940999705,63.89217751122369,0.3867202164471673,-0.9008748330283344,4,-0.6189716184556974
0.3641942877494333,0.38958259192907146,-0.6431580308099611,0.17432156695883305,0.29972840130305095,1.242363053756838,-1.5669825245617706,-0.8826502647482861,-0.9173232270664031,-0.8052944801770577,27.280323984103248,-1.9114795137159848,0.52583098734568,7,1.615582960806748
-0.3485685578498389,1.3613651453402535,1.2749874154856373,-0.7685230363093412,0.9677671981575888,-0.171953690495599,-1.0215734169258355,0.25797934527510047,2.4410414887438576,-1.2260598173570334,0.2199989818882333,0.08629368694456528,-0.3190253232708164,4,-0.6189716184556974
-1.3932184608326605,-3.2748107327878784,-0.9331179721409308,-0.08942823374577069,0.09804693859410313,-0.26299730893114664,1.586375304631106,-0.9983699472016083,-1.1756150874542943,-0.4227096538044754,-132.16558069938952,1.9120963500181223,0.3335375683431076,6,1.615582960806748
0.9141971316235935,0.6902641970005989,0.5799103629217033,-2.926214393961821,0.39049872818501385,-0.03194261709246261,1.0932236702713183,0.24194529128913955,-0.34661331036437015,-0.7601478929740816,102.01852981765461,-0.8950805296894496,-1.337112758215554,4,-0.6189716184556974
-0.49192041281219867,-1.3171479151766043,-0.9518412600400117,0.5681264301302013,0.5054167221444362,-1.0036555498123667,-1.4204672575186212,0.8333413053093818,-0.6977130945513449,1.0122300771432404,-178.50215665281848,-0.7830467004024547,-1.646689262302548,2,-0.6189716184556974
-0.17602201310537707,0.09968261927174446,1.6211849415917854,0.6999593498086408,0.5433685264078422,-0.25656966884926496,2.108858851000103,-1.5859878619558934,-0.785326113684443,0.148332719923291,94.33521759660262,0.7936910409788703,1.405562002312111,1,-0.6189716184556974
-1.8394996469919263,1.6088851247401734,1.1296735868548866,-0.7962913391296806,-1.140874845888903,1.5966394052495627,-0.23285775214899349,-1.513240535566437,-0.3313284205890348,-0.4376639677085041,-29.72399988432649,-1.4819441673730065,-0.7825711712564555,6,1.615582960806748
-0.8889178691956027,0.1545567748709728,0.026655908813667754,-0.34068968269105876,0.2716040316566713,-1.821196463895649,1.0088828495483078,-2.3782981710886903,0.6224945823496905,-0.22398145291013238,-177.30107487915967,-0.5842045597432557,1.0982091706269201,6,1.615582960806748
-0.31982607548686065,-0.2304772606526282,-2.0369663017452195,0.015953205890698534,0.6796232533730671,0.3859068560972438,0.22287774618191733,-1.6581488578581114,0.7188816818013353,0.6230485660550186,-77.40218518327798,0.6283687569791542,1.7125675980667219,1,-0.6189716184556974
0.366274588983952,-1.3237791338959515,0.6412847086750121,0.22225177890043418,0.20950041501208916,0.8535647859284852,0.5543081352667149,-0.39965442258498024,0.36749863282539075,1.672357182995601,102.75691569793281,-0.5857146757617271,-0.981570652316238,6,1.615582960806748
0.18429665347230573,-1.2350889200187745,0.9327571429821363,-0.33208695204033095,-0.41422973795139295,-0.10765589127892174,-2.1760602369273236,1.340417264150252,1.6976022712466,1.9685753046725674,-38.3672157789795,-0.19278538031912576,-0.7978187826462878,4,-0.6189716184556974
1.4923127220153083,-0.20749593115255485,1.2043092029466118,0.5423780129686948,-1.22534770883442,-0.3812010935735734,1.8310356643297538,-0.9322925778875495,1.078625021230954,-0.4721898507715308,203.24074502051792,0.7741153280542477,0.5620027396760668,5,-0.6189716184556974
1.2965066771828975,-1.0544241121560154,1.933836550182046,-0.528822409224017,-0.5539843341921675,1.9255914155820337,0.9839308691221234,1.551242492597847,0.03178719374762487,-0.729333936113633,314.8374618995222,0.4558388700702346,1.5966473450295335,3,-0.6189716184556974
1.1545308117417084,-1.4105768277262034,0.5702384025734853,-0.4594025269313361,0.24422452129605768,-1.4876652998817501,-0.15462402316397733,0.3236066192459656,1.2778120920507872,-0.46343538999537937,4.323640428748585,0.3032036195931222,1.426932409434679,4,-0.6189716184556974
-0.5794254508702188,0.7832495141787567,-0.8356629408993441,-0.5824239015155782,-0.25433377991696116,-0.03410915565357528,1.2422000964274882,0.6648041152231933,0.14141684287579526,0.5780902441387442,-26.44715133947633,-0.29454270776617975,0.014967179570316378,7,1.615582960806748
-1.2787261503222793,-0.3773022737237503,-1.5711862935708516,0.41940410428939384,-0.08422478460677395,-0.7647027479817288,0.37364580412984644,-0.7318465721121802,-0.35152706139328793,-0.3791865337033528,-193.98776014823508,0.4050501510797929,1.0142079761459692,7,1.615582960806748
0.37479158402388635,-0.19683059683198806,-0.10541599150632873,-0.41334979008078643,1.6640238143530939,-0.18258463252271634,-1.6556838841767665,0.38359439154125524,-0.03556226056896609,-0.06701424914142684,-43.51244133821314,-0.08206589766379559,-1.2403623978413594,5,-0.6189716184556974
0.35893600765707934,0.2063813799770013,0.8079120746671813,0.2993732990471719,-1.2925231251864004,-0.5971908314112556,-0.047365515812380285,-0.9289316204947469,1.2294128558455897,-0.09335880741036405,22.64755326436686,0.49160804617104825,1.6376433134604582,5,-0.6189716184556974
0.32519288098232124,-1.11917018798691,0.8040264470396005,1.4835879942105998,-1.44428532020043,0.9919982967498918,0.5376513992871426,-0.8896272030391493,0.2901550391345195,0.41952482356097626,136.70378609106038,-0.4502183370909236,1.5929018326080917,6,1.615582960806748
-1.5351480113943226,1.1204110508904492,1.664932439238885,-0.4826769617239616,1.4203755171893782,-0.18401519747136166,0.6354928427725731,0.0046462550692546074,0.880759478394397,1.5203929245879657,-52.464287702407,-0.14010652810728522,-1.1446795308381024,2,-0.6189716184556974
-0.2893706150770874,0.05563780541148452,-1.1256562529725258,-0.774130381064956,0.9106655579653274,0.008613085252111576,0.1495042933621615,-1.7119452189314057,1.6621227790201998,-0.6032900165475382,-57.9848151395967,-0.9365767442108773,-0.6806993174445184,2,-0.6189716184556974
1.128719619582848,-0.4403420329854314,-1.024542000106879,-0.8330346019078697,-1.3340966184649177,2.1260918628938805,0.9968452850235737,-0.31618581363668236,1.0456990038855165,-0.9892172297870494,214.53605587808957,0.005459312198718077,-1.3620585115897077,6,1.615582960806748
1.0972876178380297,-0.6062052425296586,0.9321291967068597,0.6335585518969007,1.371834430143282,-2.060959420282181,-0.07762466961524274,-0.764886776833637,0.17682858526121928,0.3874462157019076,-9.598922701572175,-0.7600399125820995,-0.7754330566534802,6,1.615582960806748
2.001473475219058,-0.9595566052098156,0.4895439324817889,-2.485937468253423,-1.153050168637354,-0.5882628902922241,-0.18943058100579674,1.7013094231461938,-1.1043147109491056,-1.8336020230044399,104.38886142797007,-1.0589873073969431,1.0854851942730905,1,-0.6189716184556974
-0.11688755704879682,-0.04920628889335974,0.409518428558175,-1.1421800552575128,1.17860680754645,-1.7370687383413126,-0.17546220690212536,-0.2971689108043511,-0.6377433050994126,-1.4793162208234438,-118.38435900875082,0.29515668448379767,-0.41094158480697435,1,-0.6189716184556974
-0.6043484361088984,0.2570142381629815,-0.3298291919195959,1.736931064334208,-1.2047476127787964,0.6444795075663055,0.8165493875360228,0.5502191986182371,0.43496018482393284,-0.5426031208393812,35.45570614145236,0.24985632330020915,-1.4022628443123009,3,-0.6189716184556974
-0.2197369673742034,-0.4798665389659481,0.5853232978826456,0.80947915080298,-1.257195385277382,0.9375009487053599,-0.05447093612787934,0.3326025888700134,1.1527648023270427,0.21719187570885715,53.24092639689861,0.8122801609661554,-0.5343447089545257,3,-0.6189716184556974
1.3669950429312956,0.6517726998968675,-0.9456906874125243,-1.8114420801020128,-0.525319551512331,-1.009797002181651,1.494192100575714,0.396374616677856,-1.447650141463602,-2.4984497875929015,39.65337058108598,-0.3853018053189265,1.651132998372171,3,-0.6189716184556974
-1.139480500387535,0.0842142757939239,-1.9200931700778,-0.05692182775782502,0.7555248477587974,-0.20351219415841917,-0.031068643493079414,2.5498834803426207,0.31914865040244017,1.1820580954690594,-132.5251279696222,0.4425281071412205,0.4485631043041021,3,-0.6189716184556974
0.11410859978415669,0.3756858548150196,-0.5395820873647601,-1.5746848387932142,-1.4154374757997186,-1.8314677135958868,0.624063933675434,2.5990377444802184,-0.0029220192023592384,-0.09127002530254265,-90.93316410898551,0.5833424456079375,-0.28153669604128667,5,-0.6189716184556974
-0.9834642737049226,0.17697576912909324,-0.7475922034558447,0.8207790377558457,0.20480573112182643,-0.7866710377507339,2.02519864358935,0.3474637458027207,0.7103526514625583,-0.32103663145080624,-42.32410841974341,0.47875247770569274,-1.1350727935348148,5,-0.6189716184556974
-0.4664199392222319,-0.19886972904160782,-0.12980653151886146,1.460298673876679,0.6369508065164582,0.15447777823658837,0.6205373938244856,0.012019282250400085,0.7053268024788741,-0.5169449260152019,21.203178729667243,-0.7744945765442528,1.667523327121973,1,-0.6189716184556974
0.7884798392778267,-0.005774990592907063,1.1726580013421504,0.6262227036901685,0.13933263991051303,0.6411319242135577,-1.0056433757788321,1.4318657228501495,-0.765653571769972,0.42527432317559005,134.26464298867376,0.18733708955243777,1.1022166223122434,2,-0.6189716184556974
1.0760641148227799,0.003338589950741301,2.3900455395596376,0.7417862529670347,0.7198062735239014,0.008738219775371993,-1.1430166630872935,-0.22363642775878081,0.5560714859936524,0.7487025438763888,143.1289112918551,0.399209401179648,-0.7420616196955699,6,1.615582960806748
0.2002858007789145,-0.4806545626705055,-0.24319560966887988,0.16809481841088786,-0.5121258359840366,-1.737293508918422,-0.31164785203290196,-0.9898318595635801,-0.9899343920515931,1.04778211464941,-110.71109304582554,0.04707489200381335,-1.4649328579167764,7,1.615582960806748
1.0892499535194868,0.5262603047084813,0.03340656789893871,-1.749811777315017,-0.39654202790571613,-0.4178578265892164,-1.0912887483536655,0.43392418277193484,0.9987179444779645,0.18005448933039328,15.420710297343843,-2.0182679874307383,-1.5108990946294714,2,-0.6189716184556974
-1.2867745192256967,-1.6125585015216417,0.21560948924943762,1.2563298970995957,0.2740017810330194,0.24330775251126172,-1.1974816878264734,0.23166735139010322,0.782509072425655,0.5525863743731345,-95.52663432364443,0.19831276853952257,-1.2929093168042123,4,-0.6189716184556974
-0.25745694962884014,-1.8611758786722243,2.1485571844209543,-1.4327139506824753,0.808652318004206,-0.6839622525442006,-0.7552697139482563,0.841034498291061,-0.2788076504209037,1.6440786399891998,-26.404118327582513,2.2226037084308268,0.28130759100103253,5,-0.6189716184556974
0.7023573544095301,1.1036099249827218,1.8283084482114413,0.5009419324085918,1.41745818853898,0.0006576267254098478,1.567521265353125,-0.2853143431814185,0.9070829970182936,-0.060899271589984164,179.0517842386101,-0.31517682947053066,1.4712092843868647,3,-0.6189716184556974
-0.36612721384829877,0.006077466511866949,-0.49261741227191763,-0.0760397328684445,0.23231745491953135,0.5702012325648652,0.06436110232207898,0.7390264874325967,-0.18413973385274715,-1.4746332956529646,-6.4807267633848875,-0.6782375539672528,-0.006000334707267846,3,-0.6189716184556974
-1.4731717665233486,-0.9016700943879403,-0.5942730717479602,-0.6411032477822495,-2.3455189788468673,0.8187373195844401,1.3133651478462876,1.757630160647186,0.05060070764239854,-1.325693420644126,-37.73105120487608,0.40829313825842106,1.1777712801120328,4,-0.6189716184556974
0.12003736261848627,2.354781607036498,-0.5602867193578488,-1.1111709997564525,-0.738616794367227,-1.1615872657492567,-0.38495295326051304,1.9437472329075562,1.5546169293248135,-0.04072615473125344,-45.270684734036884,0.3481473124234079,-0.17989544922170994,2,-0.6189716184556974
-1.728840872083387,0.5580361315308885,-0.454343057355276,-0.5268290145501658,-0.8561693762619826,-1.192124138636532,-0.3577839680789273,0.2919544698674928,-0.35067289922529365,-0.9710957820066897,-220.4361601169033,1.216598891607177,0.7183463728380749,3,-0.6189716184556974
0.669292359888928,-2.3684771617544587,-0.955032296086433,-0.9238409027773097,-1.4213651440154251,-0.8670762745273359,-0.880588560912258,1.7457709066929594,-0.09385447216913832,-0.35740764386526214,-86.64169635749225,-1.2008640617913129,0.7979793025030351,2,-0.6189716184556974
1.2073637388305845,1.4173518397980915,-1.0557238233733501,0.715091883381672,-0.08162928323317302,0.26688972745401435,-0.8190066482251052,0.751111351917888,-0.9248591645303339,0.8135552850784743,72.64852957133895,0.7614830430089791,-1.109683770298559,6,1.615582960806748
-0.8437957369336496,-1.4000025572911476,0.9108994928985744,1.849389011597255,-0.9198185893239584,-0.656297573553409,-0.5721322518681271,0.6165791387841383,-0.44174734533234067,0.07261622952428964,-83.01214288980889,0.6224310787284438,-0.4694102146510354,4,-0.6189716184556974
-0.2997201195494038,0.5324929842855878,0.15645650489028604,0.8999362138107735,0.7706706707597103,0.7200962799464149,0.21283484971503538,-0.8499197619973007,-0.5869102880589612,-0.19847121130493445,51.65983617018139,-0.10023073746239598,0.4746133153635133,7,1.615582960806748
2.1389859676743916,-0.21772439069407692,-0.8024866149573093,1.3471932622093337,0.3114565255307999,0.172359534244528,0.6481167604301674,-1.2905230243243828,-0.792980572560786,-0.7740317918560464,161.55745101274366,0.3741006325941048,-1.4627858315171778,2,-0.6189716184556974
-1.5186926386119701,-0.526857635545602,-3.828569184321352,1.1870953541621323,0.3228727974957032,-0.407124911101827,0.5966333284613138,-0.7715916070198031,-0.4026907797075903,-1.069208759755352,-248.02906755418545,1.0555292691546134,-0.4683019183459278,6,1.615582960806748
1.0234345355714203,0.8266183766559508,0.22829287262064685,1.2031463178238695,0.4921466417669031,0.30947714856267183,-0.18725810972959414,1.0302466427957553,-1.3121465160576444,-0.028812536860392913,133.90561720125143,0.9005122553202457,0.12412499904966005,2,-0.6189716184556974
0.20112097000211016,-0.9842728912118187,-0.5052289138478115,-0.21058928853765196,-0.4966392593096335,-0.8147326722564197,0.25356196210271015,0.008207968203225991,-1.0465885085653914,0.8171287840690239,-61.31400915769998,-1.0875683591387943,1.7018794982747816,2,-0.6189716184556974
-0.12740337790981787,1.9377527007854716,-0.7973313507655456,0.4334412921874274,1.1177755345964306,1.5606211159102565,-0.9575065353003085,1.4126308881208498,-0.4649891877587842,0.07991917803743064,55.22195361872106,0.8490604020588816,-0.08194271538363027,3,-0.6189716184556974
1.0118153170455837,1.9925273129841705,1.4369547958244986,-1.6421797177844957,0.3252601819599613,-0.10830755150940918,-0.42065395343339096,0.1820415122930163,-0.1628624975374847,-1.0598814775648968,117.40422282956926,-0.02382029632529175,1.0858304339812086,1,-0.6189716184556974
0.5511709633789653,0.43055725617722285,-0.11233680938483816,0.0061649019811901235,0.7268379939066306,0.4374246055541315,-0.8672591664974195,-0.7579508804987491,-0.32592474539506106,1.5357358199019102,15.877349561057715,0.11188209805819933,-0.2271480176382724,5,-0.6189716184556974
-0.6367680208059421,-1.6971964236857173,0.2669801681363103,0.25628914773799105,-0.2205340032668424,2.7087158577295662,0.7117856388866345,-0.9516842025785258,-0.26662545155655215,-2.0958009330088565,130.9317172003444,0.11220062444931597,1.0185861957927544,2,-0.6189716184556974
0.595409516723584,-0.3716998086974279,1.216620890173918,-0.03838496810317497,0.0772901957067508,-0.49912481607570586,-0.4988364608724621,1.3725990825384318,-1.3347484543927512,1.4347221678849922,37.730050765698905,-0.10821769816291968,0.3313875281843072,2,-0.6189716184556974
-1.4427157971656843,-0.8290626567057339,0.4287613324950531,-1.4426076138866144,-0.6156909102692276,-1.4203386527656947,-1.903385470740647,-2.0996879866875107,0.20046312743904507,0.02102156721985068,-288.87979382323465,1.2155851208166883,1.3270239545046645,2,-0.6189716184556974
-1.0455204314517628,0.6559834645641027,0.31440727040528144,0.26506349749571834,0.8253341697264689,1.0131913611201446,0.653109493422464,-1.1148047704862247,-0.04487421744915882,-1.551833210774902,-0.29342571168439413,-0.0425923105048665,-0.2993799950023547,1,-0.6189716184556974
-0.8796349157251253,0.8829364685087686,-0.9188460557895467,0.6598450365148589,-1.9030931535638798,1.4836864700211412,1.6269873834751463,0.6581007896936437,-0.49447052260751556,-1.0032737548179116,71.29971331158202,-1.0644126115412773,0.36178387493642283,6,1.615582960806748
-1.230792137742753,-1.1976954897658154,1.2736918918952658,2.5175004331058024,0.04324600620021399,-0.4183446864423389,-1.4240612307255653,0.754892743876097,0.7839908195608141,-0.7631865167615117,-90.23872876832637,-0.3482145117301748,0.44970886451021924,7,1.615582960806748
0.4721438336157956,-0.2462209447706387,0.8791114272392148,-0.7854114278098687,0.12699907231877464,-1.931740587582871,0.33841200876581795,0.4159419012418763,-2.272688431862313,2.116203808639274,-53.43365599605907,0.21627166752314736,-0.2773583168472983,7,1.615582960806748
-1.032849140477494,-0.6138878137052786,-2.9504912858960037,-0.6627223521290909,1.1466783407893058,0.10731869292543639,-0.7974303975292499,-0.9514353428807466,-0.37598604263387975,-0.7019895166569602,-250.13207111464453,1.2525851838114748,-1.2110719498663653,4,-0.6189716184556974
-0.4883009874355064,-1.0015381484939843,-0.9572528917136137,-0.3674055708252754,-0.21841811765158528,-0.5708879459613673,1.2203520429879184,0.09248074019752155,-1.4131967122371272,-1.2622594030327774,-87.78820802917414,0.6349323260923724,-1.3846108703302011,3,-0.6189716184556974
-0.4751474354681043,0.7008137669501487,-0.9987300501874127,-1.4539072826803032,-0.0813365005010814,0.5569808997872674,1.367617793555521,0.6318493244463089,-0.09590643140349595,0.9919095391788375,-2.5629730627344998,-0.7990396899433894,-1.6475141681509577,1,-0.6189716184556974
-1.097728620473103,-1.2432366228046585,0.9951463639647109,3.444247139399682,-1.6009627257368617,-0.7125247648354964,-0.6961414569156096,0.5014704262432356,-0.49159264879591746,-0.018439406834714324,-99.71005537459824,2.4915753241173433,1.28236376056754,6,1.615582960806748
0.2824768849412329,0.284192192382952,0.44742242354740697,-0.16822066779637848,1.539829303634888,0.645607041447019,-0.3498768201749621,-0.18861986701219338,-1.4624184716624484,0.5645026799403181,38.89534195050522,0.3011881636347794,-0.8959386734203183,2,-0.6189716184556974
1.695163580799062,-0.32572423229508585,1.229237808006804,-2.072481040241984,1.3054993751560118,-1.4040894790966225,-1.0748727068289616,-0.33407333398988553,-0.72220062050835,0.9720476374868562,25.805481718724984,1.2981366839016535,-0.9813125243338544,6,1.615582960806748
-0.6242965949635065,0.13280007855371323,-0.3949532965767554,0.9688744300300899,1.1533345019732502,0.17762858502667153,0.10562748043736009,2.6959969523119303,0.08581123894468452,-0.035213576428625465,6.329176585018724,-0.10966924407823582,0.8122127318063269,1,-0.6189716184556974
0.42717654723766435,-0.04568721645233322,1.1047030537262508,1.5147997046968396,-1.7387705020315065,-0.3516577783311254,0.20391451307339706,1.2581837917173473,0.8985417070498429,0.4527907606837139,94.31460557778324,0.5661399426575269,-0.610285538317887,1,-0.6189716184556974
-0.9540047561332693,-0.2201770591737525,0.25839545609690856,-0.08028308171686335,0.7549470504724822,-0.5833122814142219,0.4885989378468514,-0.8795152767794754,0.7570083382178003,0.1241299202065518,-105.38854769952543,0.8681095796242523,0.025803557395747856,1,-0.6189716184556974
0.449788275049045,1.2682102141110514,1.6701678720324087,1.6135594011121313,1.3653015846894236,-0.3743188366304475,1.9778146377864145,-0.15723150523378726,-1.5840901756892143,-0.4753403287866673,148.00605545079256,1.2417141395734534,-1.1488438812502408,4,-0.6189716184556974
-0.4207988157646667,0.10109506124649345,-0.05742503097934726,0.4389285036558747,0.8595548542512171,0.9708602378650709,-1.5075880851792414,-1.2614697204749652,-0.4481449966024258,1.5449474640907404,-36.41738735988042,1.0830626450786178,1.57714732586865,5,-0.6189716184556974
-1.10201256159298,-0.5568274957272927,-0.0560236060826086,-0.4485591444942382,1.2902520125209858,-1.5124362918196081,-0.4011833574837582,0.37906051388441636,0.7523657586362006,-0.4328159468341547,-214.0681904201086,0.900395476258416,1.2073001461175032,3,-0.6189716184556974
0.22640067975987377,-0.3043048561181363,-0.3576764207584065,-0.3747276861029866,-0.24814968335218918,0.36389661867481204,1.002190452163772,2.156671122815283,0.4431174384756012,-0.23920297642295446,76.84061827934674,-0.2708322008340473,1.249043826165564,4,-0.6189716184556974
0.2997179644467936,-0.29519088655070286,0.9163609884010022,0.3585108624078033,0.8415170580687643,-0.2594459220314547,-0.3040551661631066,-0.7660010782340709,0.3312876662052899,0.46864944564006206,41.17288251302854,-0.5240206177485649,-0.31363442104297645,4,-0.6189716184556974
0.49559387341750744,-0.6147029813652258,-0.9776248272187689,-1.3893236636373574,0.41682172163383713,0.928235868142361,0.7060971683897116,0.921208111920138,0.5232364437157766,-0.6269338329393066,79.71062944205894,0.3681030443664109,0.9022288079636365,5,-0.6189716184556974
-0.8835426539714749,0.19342453239734983,0.6000253345514901,0.33889778092913586,-0.33123025675296075,-0.5465780769940237,-1.5807732202284093,1.2262866556234926,0.8916138547579519,-1.8086202415158794,-112.38801561005803,0.9605025562730214,-1.2125623864117816,4,-0.6189716184556974
-1.1281440706753998,-1.4628131273943967,-0.8208939938633832,-1.1781880594536775,1.1793297625188919,0.5521474581483388,-0.11185659955773158,0.23503276912558962,0.6562606161645207,-0.6680886806290741,-124.68733271109417,-0.17971526863058046,-1.6750483137059395,1,-0.6189716184556974
0.09160257745250776,0.5844369701185027,-1.3610136494652365,0.18892520618743322,1.5438065902245885,-1.92698323750069,-0.8494828702989493,0.735878397655304,-0.7063189671179041,0.5108193897326704,-165.2492636906947,1.0907607737799916,-1.6362257248113992,1,-0.6189716184556974
-0.876075183962949,0.39838099742765504,0.2289604946618257,-0.6863219894023759,-0.622234507458313,0.9113716997481979,0.03217697691865085,0.17027018662678325,0.7777949924451777,-0.6385610718000918,-12.48018758689125,1.4729660019518886,0.30125294312382006,6,1.615582960806748
0.012524876555542,-0.07207951760304168,0.30516134718810184,-0.3585812643451004,0.692855945135667,-1.5097653263714417,1.7052460076037224,-0.4947091227490091,0.33848851211271264,0.2518041163055475,-30.65779418614621,-0.863935687990353,-0.14738368852188544,2,-0.6189716184556974
-0.0035828280038548484,0.4148594253242989,-0.5711814927258418,-0.7220309872829948,1.1328611772087418,-0.1451385249438707,0.11351116978123947,1.1839901069803047,0.2264709616994896,-1.0809914514094707,-16.500100096986994,-0.7856092296631261,0.06673492446700693,4,-0.6189716184556974
1.4979186650624343,0.7075201866062687,0.42559014031877995,-0.011497090334145975,-1.593577735264043,-0.36325289618989803,0.10142978669563847,0.6459254318405032,-0.5251780714610587,-1.2328280202823279,126.4163501773866,-0.09848321574575936,-1.6790005630219103,2,-0.6189716184556974
0.16561273995313353,0.24571386190494518,1.087071034904238,1.389067114361169,-0.32106128249568705,-2.4195635827657327,-0.787868092842662,-0.8126304867179235,0.6882889425915383,-1.2436895122342573,-105.4473242344531,0.3434462162451092,-0.25922340626400864,3,-0.6189716184556974
1.0109997959294772,2.024124388822888,-0.7818958128025919,1.3163488238487466,-0.05680270211118212,1.2212642598203183,1.045789415102123,0.003999650033136227,-0.991065994603037,0.8988070012331494,175.6003272273247,-0.47747960809931833,0.750777198660107,7,1.615582960806748
0.6399477096347055,-0.34467169898821176,-0.31143284283642453,-2.594122785281693,-1.731249591372497,-1.011936234089496,1.4872051694695476,-0.021475744059799417,-0.468850931069382,-0.9139330632446168,7.290941101670831,1.3739098699621848,-0.1908130203939577,1,-0.6189716184556974
0.16408656719779446,-0.32575162385586987,-1.419162163894152,-0.44502307621232734,-0.11912502682170019,-0.17280963019283296,1.8325875927622737,-0.7723987447599516,0.41804203308999693,0.28453710054091447,-1.1779637859265968,0.4583255586876588,0.799163986974981,6,1.615582960806748
0.4019716443328485,0.017277395322123565,-2.390956916248144,0.8010357403811678,-0.0312746694962428,-1.3703897442500343,1.8157370884052753,1.2428222670578213,0.5298130810810688,0.3038315286650901,-28.792608200617657,0.07890709399747425,-0.9077556251249704,3,-0.6189716184556974
-0.826643176571492,-1.369222882294336,-1.9136088960798256,-0.09839756109593072,0.17115134351533537,0.8869744053735255,1.2286578236318813,2.065643893012424,0.13025086800936758,0.5744221831937384,-30.381611323791894,-1.3764977139084784,1.0758639956359217,6,1.615582960806748
-0.37414105681553833,-0.770803044854703,-0.638100319457032,1.5812214843900338,1.1586442086759319,-0.5659159546605792,1.0021576981282247,0.7918742155989865,-0.4158732649951075,-0.3869728421936708,-28.040506892473466,-1.258028075779556,0.30750857838266515,7,1.615582960806748
-0.0319082506894458,1.0912803598929723,0.9523122595823089,0.36207397614896014,0.6867530079975533,0.1278174944283015,-0.2597012151608362,0.3741257000666441,-1.636999549723171,2.003553520763679,55.207868091677746,0.31720256568557587,-0.9838552925661126,7,1.615582960806748
1.4710331303164006,-0.3756498247907671,-0.24849462500905356,-0.392025623521983,-0.4971629016758146,1.5825440627114375,1.1834967699878725,-0.8946198686981363,-0.282746792363516,1.0355467217146077,228.68502497704498,-2.0637622857666074,-0.8950990156727787,5,-0.6189716184556974
-1.122338458005931,0.06720747194204299,0.4020957235861612,0.42538661626800406,-0.25674544553617834,-2.512681004424004,0.23673944583124787,0.611665464036311,-0.2579393839068072,0.41509172139474015,-200.40509085988623,1.0389366609306954,0.4429105405458637,1,-0.6189716184556974
-1.0549248716973487,-1.611503519343108,-0.1380247069362291,-0.9717343154134253,0.8928080763804633,-0.7607379791807227,-0.6246967159795903,0.2508244370570518,-1.3439408345690778,1.7339080754923442,-189.29514233885635,-0.11602157246340596,1.133300132947152,3,-0.6189716184556974
1.0328301878781005,-1.6436365748474309,0.9799629932421204,1.6463005082854376,-2.4917663338622824,-0.628032906244402,0.4846758371540355,-1.7736030135459586,0.5904354861391391,-1.1928732050847566,83.27810647875735,3.2392289883182044,-0.28335974950794124,5,-0.6189716184556974
0.006887290152604545,-0.08772068143963756,0.506064198371001,1.478474441621568,-0.858493812479442,0.6684087770491186,0.22002341862421984,0.4525185677787526,-0.3588679692621887,0.12245079815649342,79.54073045621475,2.3166989919951204,-0.8213104988045844,7,1.615582960806748
-0.824710091558532,1.3002131604707683,1.3522473164406636,-1.1002515946330707,-0.5513613289734689,-0.9032477039322273,0.3425381632177819,1.0061353065611487,-1.0646670473377098,0.12732587245955915,-62.79188420767741,-0.1390017678450145,1.2600607831396016,3,-0.6189716184556974
-0.4963496122184001,0.1749948857625559,-0.3398868804465064,-0.5331689828762136,0.025641751468901464,2.339691125493984,1.1278862692062175,0.8279718614673842,0.8263228727398675,-1.0166386902128652,130.89200214384755,-0.0649054679422566,0.5839153920380562,6,1.615582960806748
-0.02874531699675394,-0.2506394082741281,1.8291512840770252,1.0785150059260316,-0.19312340905328612,2.529038960835179,0.01612294781100238,-1.0819359818535363,0.08535446697353524,0.2242487080339727,196.4286480407507,1.022111418145434,-0.17237684323148864,5,-0.6189716184556974
-0.30643244330048464,0.8627335199687908,-0.22734797685818883,1.0511519866161794,-0.17807557896670548,1.2763638099949095,0.6642399791846807,0.8714745529595264,0.048485776882342575,0.35207475638012636,90.60206926543877,1.7201335115809786,-0.03623807521320531,5,-0.6189716184556974
-0.2479915109645674,-1.1915009675766255,-0.6537918198648761,1.7173350774997738,0.2351973758337386,0.9751239801809036,1.3535795273012972,0.9789554552150527,-0.6187795580584483,0.3161112349020744,77.90335216708473,-1.5758839141578684,-1.0061034726999307,1,-0.6189716184556974
0.601106706489042,-0.46323147047644386,-0.4443865562618031,-0.8593889765616113,1.346047239869046,1.3126249708078852,0.025001610380008525,-0.001557807099366666,-1.837748285341185,0.2195483762958901,104.50613922573264,-1.7222241815901265,0.4387121956323427,2,-0.6189716184556974
-1.1416609693809816,-1.1309991119766443,-0.4369517362759219,-0.04111862668107752,-1.6882271491051575,-1.786084374927694,-0.31419656857151135,1.0908942476489956,0.5489759097289093,0.22860679314822113,-232.23755928333023,-0.5736293087648681,-0.4778680397422963,6,1.615582960806748
-0.9632152644503955,-2.05732138534342,-0.00438438850216571,-1.8507938459421274,-1.0615857399869095,1.0299770687356486,0.8894470301837913,-0.5452243072804759,0.7887500293313158,1.6616528553315069,-22.846246649042588,0.6148505205421633,1.69989863690688,6,1.615582960806748
0.5308326506380521,-0.5889116930081083,0.09412395469631094,-1.3444285601948514,1.4034928583873756,-1.5873470100989968,-0.016443866717122772,0.36916463646884007,0.45318308006155184,0.25043545484396973,-62.55653133480745,0.5301476967537245,-0.06262378450590309,5,-0.6189716184556974
1.1211951353286114,1.191717122517424,0.7571784630102887,-2.835773621080147,0.3264135342399155,-0.37155238170440585,-1.2534921154261003,-1.726130230877717,-1.0520138976189437,-0.4507490249070826,-2.5175191071984964,1.0952980625434252,-0.04312657673780007,5,-0.6189716184556974
0.4379246203432128,-1.2504124927561033,-0.25078728146138846,0.31585534614198074,0.43352983885542967,-0.09462416664360877,0.33512110509819965,1.5126849188939562,1.106166812005618,0.6010738024360154,49.44246289236297,-1.1434800960393636,0.23030246349511624,1,-0.6189716184556974
0.7003526989568966,0.20156797810379706,-0.2771866001601043,1.2716522881657468,0.8372512360185471,1.8124181923916904,-0.11480594793767601,-0.9987393676761634,0.9840400983613057,-0.38586578868610844,138.6160337906206,-2.2448283354198773,1.4301522180995774,2,-0.6189716184556974
-0.15149691362948892,-0.07062452272007938,0.26093681951279113,-2.073711723400536,-1.234286131686262,0.7716124105512852,-0.48595484998573973,0.060127939016530574,0.9675533545586279,-0.7532975686050635,-8.997829646561279,0.8864044705291705,1.0337247642601801,6,1.615582960806748
-0.588016075123335,0.7800938356569975,-0.3673169131077054,-0.6684480499649824,1.0260346303955314,-0.6550432683845595,1.3799085467490102,-0.14055020230270335,1.3029899274265473,-1.8689420160652428,-48.29326305955874,-0.7770027823691055,-0.1619664764713104,7,1.615582960806748
-0.5534198405951357,-0.19786392266644134,-0.7168335843251721,-1.2700634385374534,2.1701035695609954,2.3841543544024333,-1.3339567037297089,-0.2700208885781709,0.4459328396054137,1.058938347170088,14.904079408750706,-1.951197643270398,0.7529351405480605,4,-0.6189716184556974
-0.7166451307904403,-0.8798562941212944,-0.4621456661713676,1.6690017195049818,0.4098348900464444,0.3385219703404477,-0.6446985678619902,0.8290360106012217,1.2453107431428545,1.134658318279076,-34.051854191398604,0.18309550008231673,0.30000066029784983,4,-0.6189716184556974
1.927901537219919,-0.12119647930487915,-0.11758648926849617,1.5502975215847183,-0.6516000632758671,1.3456410318752419,1.9774827530280454,0.3514021212723071,-0.3616415585234026,-0.10950212703402573,303.640677343751,0.8224427973101933,-0.02096452550288771,2,-0.6189716184556974
-0.2999879699198273,0.08589622418692604,-0.056768903912107795,0.08154212917446214,1.6414238988268688,-0.2014175006423511,1.3252144248235167,-0.8998524156777225,-1.416485528360811,-0.4722270557697923,-3.6830299622146043,-0.08041300870809776,-1.0469323926918979,3,-0.6189716184556974
0.6700365545326189,1.5902174733977972,0.5653540482750284,0.4221900768649446,-1.123354616836352,-0.6909097749642377,-0.9200068844850816,1.3209949771613714,0.8196294837111204,-0.5003387793767677,19.097796403433314,-0.41166323990797776,-0.11817815011614631,1,-0.6189716184556974
-0.285462774281749,0.8955386221391741,0.2986477619146246,1.4219696990299397,-0.915882169984492,-0.0322463812479301,-0.015352717967810191,-0.11889456166218754,-0.9389990091146546,0.3506069326726316,-0.9826422082010371,-0.11721361878545385,-0.8639897671527768,2,-0.6189716184556974
0.37636354696590224,-1.0884113634952888,1.0752219963005563,0.569004712863105,-0.3675032873543917,1.1850906402559591,2.25282384782805,-0.2780843175089438,0.16494738393889527,0.21812955497817213,206.98033838880954,-0.32557773975310345,1.4236081634257516,4,-0.6189716184556974
-0.06124939819094058,0.9081629366285142,-0.20048161895291508,0.18329254321919136,1.0716952965005282,0.13515667664668973,2.3344041865400893,0.5481221687008286,0.380328907400166,0.2273046994435563,98.6639990808606,-1.2898234961822983,-0.5576599861522832,5,-0.6189716184556974
0.062311691328377605,0.6925455270730231,-0.07331996089194905,-0.4718387446984171,-0.3860584230559549,1.5604012541339292,-0.8623673653642403,-0.35833046108545563,1.441828071664746,-0.6362358041114955,67.40746781721495,-0.6650222975986736,1.5515650620472092,4,-0.6189716184556974
0.36321370745860365,1.0770756969611401,-0.21226535432760218,-0.5510277320890588,-0.36876411200721443,-0.9719476834766083,1.203381262661612,-1.403885668823717,-0.35533426188698686,-0.9580163165503276,-0.4287227327520826,0.5542239561117114,0.1181611226536081,5,-0.6189716184556974
-1.7938172418769858,-0.47622640818298667,1.6452936171436907,-0.4995924292561082,0.8980363548998891,-1.1209121620579443,1.023790861189041,-0.24385029006615996,-1.6165125588641254,0.2741159432070731,-142.83042677182064,0.357321871697628,0.45492569679021183,1,-0.6189716184556974
1.141636040745145,0.9976212313822966,0.09674962561586127,-0.9235904644440027,-0.4193263234146445,-1.0272331734303581,0.9701564761854372,0.7189037880932899,0.3962136454696841,-0.04394509944859607,86.59383341473492,0.20578057630756505,0.1519615147368855,5,-0.6189716184556974
0.11711671581262073,0.22182250862237127,0.4782840859941804,0.5302294277121884,2.1260941636369477,0.41728844864755743,0.664353025772894,-0.05673927903562947,-2.4148397333876566,-0.20212978532347015,75.82092914486715,-0.9416972380008987,-1.2621271036229889,2,-0.6189716184556974
0.7288776357954698,1.3404848381259657,0.3108654485745697,1.2333608881285871,1.075121543438249,0.8222008227151961,-0.44481845069493325,0.5975043522230206,0.5241791618429305,-1.3903659515601812,143.30349690961305,-0.13905512921607296,-0.419470667344235,5,-0.6189716184556974
0.5858045255492463,-0.37735884103889245,0.1970943721681554,0.02650846039800451,0.37990865702901755,0.4513822015094689,0.4530256085221881,-1.8985599586952449,1.9311009963729646,0.6037888813497654,81.69712219918301,-2.1076303304925297,-1.3655082013922901,3,-0.6189716184556974
0.19301696271520724,-0.27064198242156795,-1.3756794780562749,-0.7294001909754076,-0.45912397591113197,1.7006710413679995,-0.5363831267871773,-0.7535530078795274,-0.7983752496777045,-1.1953591284748857,27.315189236786434,0.21605656340421966,0.42555269335583484,2,-0.6189716184556974
-0.7168268947385389,-1.674739451528756,0.0017033812293162473,2.793702964526226,-2.0067568009379273,-0.1841875428781742,0.4307652401557501,1.1209559607170152,0.7729551251193992,0.2555880310321381,-26.233607660674735,1.4495282660759428,-0.17651862450127023,1,-0.6189716184556974
-0.2828867865160121,-1.0685006285966976,-1.9803248377975518,0.705653638729292,2.032409047752122,2.0357497164627967,-2.452277948716189,0.2872296667480926,-0.8587825609130588,1.1396156997492122,-39.06584444264357,-1.4142034243503951,0.9556512554569213,2,-0.6189716184556974
-0.6717582147966737,0.7666726363008013,-1.2408064677351176,1.2043334091499005,0.3652194990802196,0.6936921196504533,2.122589303342871,0.591618392552108,2.338255137151292,1.6697762184815133,48.211279610291285,-0.5380104659370949,-0.9506627606084389,3,-0.6189716184556974
-2.6635406882368655,1.695114229452174,1.8802118971369803,0.9765902080616058,1.5899677438675477,1.1400495040103442,-0.6225306292227402,0.4417507490770994,-0.6702453072567403,1.225980164469348,-53.63559463314985,0.3646496543733609,-1.1418172258422314,1,-0.6189716184556974
-0.9061716894790779,0.2768933922872832,-0.39486375975589,-0.9325576313185728,0.20385768441537197,-0.19553703920687715,-1.3212018176711733,-2.4393054195075625,-0.1703685824208818,0.8442831581006717,-164.8317982381567,1.2758935062403705,-0.31514410593755154,4,-0.6189716184556974
-0.6533819183399809,-2.100458170960503,-0.6449160126038972,0.4205597874950961,-0.2386019226832812,-0.044144676405394226,-0.9059903871306033,-0.5509557424162889,-0.8494230577043271,0.31965874725327603,-126.35272351496613,-0.402169615639972,1.4637619006639837,3,-0.6189716184556974
1.247787906557506,0.5782314343521138,-0.6213122317912009,0.16242484661323486,1.3463930641636648,-0.021474135988182742,-0.2666648883575665,-2.16549461579409,0.1807430695109819,0.4510390551883466,46.91984056672527,-0.6428952833307813,0.7246319824240505,1,-0.6189716184556974
-1.8971072919822085,-0.09370383743712428,-0.27503624245771047,-0.42457372785486014,0.7420274011330997,-0.16177481803211777,0.4743055570944742,0.31268600853695133,-1.191266706515631,-2.055302808932841,-155.9930427908964,-1.9023032024110966,-0.2720902464518528,7,1.615582960806748
-0.9033830133133434,0.7505706329163507,-0.32445439670153686,0.23313565062414043,-0.7760853583803605,0.00247316447754706,-0.4979229489731766,-0.008183165473171179,0.166480797586325,-1.7563027612895483,-102.8872767729487,0.1420328012394845,0.06419376569521597,5,-0.6189716184556974
-0.9988403805540519,0.8436670360212265,-0.32586067610679037,1.3226417902679886,-2.0579153515189135,-1.0054958252925155,0.14974672858428256,-2.9504765836581885,0.939346044066926,-0.6189325589131638,-127.15967311218392,2.054453831895912,-1.4165690803697464,2,-0.6189716184556974
1.5566315885623816,-0.844304736943718,0.9781725203629175,1.3220799241562038,0.632785734516571,0.6114108822081901,-0.7461649425191121,0.5274527440244106,-0.429256132057311,0.2540667532539244,167.02303118835079,0.31360114825887064,1.6620493530996552,1,-0.6189716184556974
1.5545207655393622,0.8984015179288589,0.2951640678833212,0.7724428448314898,0.7374733601696226,-0.17857564045640845,-0.23867156173732967,-0.5493886762230938,0.30084928232865177,0.5211913083564926,119.43408288524637,0.018015809283809088,0.574132794784157,2,-0.6189716184556974
0.14805048356219452,-0.4441552257015036,-0.6142627667785907,0.4181152614151782,-0.4805951623207943,-1.153976498530214,-0.37569550797101703,-0.6628501525444535,-1.661908431799206,-0.07453728924895212,-91.8301066442311,0.3577201807730794,-0.7286347954353258,5,-0.6189716184556974
-0.27383007949655047,-0.7440633264008597,-0.5611982191221124,-0.28087986697997147,0.4454744922718056,1.0979828606042004,0.3998462821742924,0.43312911878227506,-1.6531705768724476,0.13838656885014675,12.914999365186945,0.029051499130520787,0.29854025804223056,1,-0.6189716184556974
-0.9433614514756445,-1.3593121247356519,-0.14222300776308208,-0.5465318439367601,0.3449005612358311,-2.0110092090733267,-0.5779958113915836,-1.0546807247712744,-0.06949197132617443,-0.04564271688540477,-241.38791746472205,-0.7620261918302018,-1.3301653613238702,4,-0.6189716184556974
1.668404501853105,0.8045275381701779,0.12982956871339033,-2.12878249283761,0.263781993837202,0.4887146774072055,-2.0193990623922407,0.2629647295790625,3.8161789045974004,-0.26800136488659193,97.01700218449695,0.85213991474637,1.5979741536774779,7,1.615582960806748
-1.1666411150620224,-0.4619205925863986,0.9682913611314227,0.09314685680509945,1.4098025041567537,-0.8963362610328731,0.014468034300920338,-1.2834423534442285,-1.5553496983107862,-0.24581153081448157,-140.24353720750028,0.26270197290059616,-1.1068755538734345,7,1.615582960806748
-1.497606657929153,-0.9707030135822655,-0.1267341217261641,0.18007854922983857,0.6841382012588573,-0.4322086899052104,0.7148392091627569,0.20687882599609625,-0.7104249637344806,0.5960137311493888,-141.89130770999768,0.057368563773058545,0.5112962088356918,3,-0.6189716184556974
-1.1247435735231952,-1.0223711296486753,-0.40068901021526393,-1.0330061606413408,-0.9119703057451563,0.623330468948341,-0.4791266906646963,-0.3359324783408663,0.9237749402640336,0.29497276437619196,-110.09244619845414,-0.9221823084949675,-0.8652348210814234,1,-0.6189716184556974
1.3547575841144335,0.48931085587065737,-0.757463561502981,-2.1597668868905764,-0.6393255116868596,0.9632940555190558,0.5883317388112654,-1.0801543059345973,-0.33949250116661095,-1.2021612969871422,126.00436239783471,1.3258736391655606,0.7490443664670854,5,-0.6189716184556974
-0.7222044687717877,-0.4519573484374631,-0.9717795413678058,-0.561147126655459,2.100404410389869,-0.8213340728253152,-0.39757868065248864,-1.46493828992661,-1.0656756341214595,-1.6260927946153607,-182.22611002175228,0.6957072390755065,0.9516725333210908,1,-0.6189716184556974
0.017361211953528126,-0.8782124827622031,-1.7576284547044587,0.4161468797991882,1.6420406439442239,-1.1015368689597567,0.9798961169405457,-0.591871699663363,0.7345868417193371,-0.8529635969588534,-81.75145343136407,-0.5054499930018141,0.5981104362564552,2,-0.6189716184556974
-0.47937626870443395,0.04959593674593602,0.991481894477351,0.47925585867817533,-0.01985652518469722,-0.09340512351008459,0.20693381781572187,-0.26501693027304507,-3.0305429581557544,1.6381293353382715,3.232736123562031,1.028270326953856,0.3966438629758664,6,1.615582960806748
-0.24553832241081205,0.6663618014336902,0.6935453833017151,-0.5846746655279379,0.6165966227973128,0.60089428557285,-0.7028602468642658,1.0332839607568618,-1.4867003664900202,-0.05204002561763948,31.309946764176352,-0.4508485114623641,1.3471077840365486,1,-0.6189716184556974
-0.13564470223415043,0.4202031407306394,0.8359891969309227,-0.1660836180945262,0.9399875001026019,0.24872159071588132,-2.3635333384446744,-0.0611919060752914,-0.5340124544468567,1.4658564454258354,-45.38227965091391,-0.731434683080763,-1.4356703638792703,7,1.615582960806748
0.17394905702205488,-0.3024861810960427,0.9717564520654864,-0.10560258912438052,-0.033133492051227974,-0.8385851719688129,-1.5571450906018314,0.1982200208366273,2.0441677057648677,2.075027961546321,-43.76089098643289,-0.7094358838403476,-0.5730196829260035,7,1.615582960806748
-0.29550571551176075,-0.013515720338228326,0.3488881291303113,1.48369104115206,-2.143998475159725,-2.6017844312372027,0.08706186449190274,1.6356651490022893,0.8211771167805605,0.11645363213613892,-130.7503505181118,-1.7071242700649092,-0.8555478617621517,7,1.615582960806748
-0.47492164928941033,2.1343561542862513,1.3001968703606155,0.16376272312166112,0.4086120404476232,1.7016859490388019,-0.6293974541134332,-0.6573435178801679,0.21916212868415347,-0.3013563529983805,95.49989733174898,0.5051590494998146,1.6738051602087447,4,-0.6189716184556974
1.067826297437651,0.5115634505307587,0.6383715927190393,-1.637189347841631,0.22566616889155938,0.7994568136420322,0.6747337285437368,-1.0296239718967495,-0.9005251556439355,0.8967785643673771,137.73650352219096,-1.7663881621052895,-0.37307557304733513,1,-0.6189716184556974
-1.1040309119843619,0.08180688371217686,1.18530088331698,-0.022159634043055796,0.687250592124177,0.6627835459554432,0.9499431303276648,-0.22638519588279662,-0.3781426848713438,-1.0906975283620681,6.186212068084004,-1.1718376526068774,0.8005094606745735,3,-0.6189716184556974
1.3639109318166485,-0.20583944473167864,-0.1413477010016057,0.04486243776769948,-0.020379855027000317,0.15317373978291943,-1.0552971926707386,-0.6174771437943494,0.45459736286414726,-0.07652893168931273,72.81481130734501,-2.007525602683619,0.6367672057300446,1,-0.6189716184556974
0.6997125518639706,0.24546393182872522,-0.4675144847988348,0.5420094018379406,1.636718245939454,-0.025311696022131916,-1.4500071555700407,-0.12589029803074536,-0.9153557712954062,0.726727444286951,-18.179372310118325,-0.044912240137430025,-0.9793481719844972,6,1.615582960806748
-0.3054092160338248,-0.6657825580196889,0.31175952791915973,-0.410004147302976,0.9921987014658832,1.0051763875390118,-0.8116006766915033,0.6661328405635755,0.9267024967327196,0.3592700300131821,29.203843562300975,-0.10829412196263127,-0.8873125515395989,7,1.615582960806748
0.48764881090397855,0.7433818018519228,0.1221511859529812,-0.1809506664120616,-2.318977019211891,-0.790021233821993,-1.7788789716436213,1.0171562784551647,-1.2561257922737312,-1.0952094545781768,-69.99495555139833,-0.2822846837308906,-0.7427206534403302,2,-0.6189716184556974
-1.8036009411668286,-0.39891705644371767,0.2976399439925593,-1.28491334316848,-0.02371578835893956,0.5296325345156632,-1.260192813328851,-0.9686484593717759,1.7662061510058154,-0.10319155257597722,-158.22300553951104,-0.9884850489438871,-0.298748360137386,7,1.615582960806748
-0.05505503216298985,-0.6475725148574161,-0.3998410917242804,1.4260321232326816,-0.2766439909438687,0.7942049107689148,0.3004984175770924,1.3955656860496408,-0.8530652606725208,0.6576634005631011,65.37471649522281,-1.1163877233682027,-0.9032896620541974,1,-0.6189716184556974
0.3537939823817443,-0.2171471078537418,0.5827806285168116,-0.6553949077627017,0.44421668349566323,0.40303219504016713,-0.3264079284127373,0.8009456051389112,0.2856428436183093,-0.10202137781759875,77.99244096403558,0.49808352908861286,-1.6373248609397044,4,-0.6189716184556974
2.377421067016126,-1.1193504912207188,-0.05995568624249988,0.6336811611890877,-0.6023443899899249,0.1509976904349545,0.28316035567228603,0.43288107554684907,0.5033290141520985,-0.6231404532839102,203.4397046079466,-0.5031131228847919,1.3023967795598774,5,-0.6189716184556974
0.12269688351053275,0.18235863770719135,1.676669763460692,1.837446623091458,-0.27175591248667197,0.15972630711463712,-0.3969425754381971,1.0851462482796912,-1.2614248345087653,-0.4374135516173678,82.83099999919949,0.35207359905551017,1.5971985265445543,1,-0.6189716184556974
-2.0834917028832156,-1.6244520146006913,0.1623592735679606,-0.6395305969969226,-0.26193631606921636,-0.2761891005598568,1.8111099004478468,0.6845100498884777,0.5654835046972647,-0.6858571800407902,-118.08144069875009,-0.8332836557416464,-0.5365848269986702,1,-0.6189716184556974
-0.8743040627979201,0.21112819885807033,0.5628888974156593,-1.516288722686979,1.3744044290284034,1.6733953662711383,-1.2376498569594299,0.5044504802984033,-0.7154491982845941,-1.3316379148164417,-13.209052018762296,0.2186076698384296,-0.5470599044838037,3,-0.6189716184556974
0.6068402318069053,-0.706378127665688,-1.1468231007985852,-0.22151008936446845,1.9220643629256775,-0.09514732364888438,1.4709587169541742,-1.8551575653240273,-0.08923792905877237,-1.014934146470198,25.413311673764543,1.3256468534923977,-1.680270246773787,4,-0.6189716184556974
-2.462296924629749,0.1912203373288037,0.6889586017747926,0.4942356487750334,-0.19036851151275402,-0.4912752995225157,-1.0172856537906199,-1.3622163715966298,0.8403552826479259,-0.20682497207392297,-230.97007357947513,0.6182323767776549,0.6214675936106107,6,1.615582960806748
-1.2548938382976824,0.889364301959296,-0.6074330422517703,0.3748365172371023,1.4620392157046458,-0.45934857319736566,-0.7950568955893519,-0.8816688489006311,-0.9538393827826432,-0.8894837476528699,-164.00874393684865,-0.36684309953450783,1.1179142793265053,5,-0.6189716184556974
0.1324518287080071,-1.255525979293717,1.2934420173094474,1.1223705342212724,-1.6116549206134683,-0.327801026405028,-0.8766019967107169,1.3554367022750788,0.6077971263679633,0.34148709577973546,22.45672181394506,0.2937142805233199,-1.203220339991932,7,1.615582960806748
-0.02034755143143187,-1.5292196948627506,0.3296931896187643,1.8571115294259166,-0.26640030754589733,0.8314867389681709,1.2772411069860814,-1.1304015156292517,0.2832036991565101,-0.8565614139695631,107.55254825302505,-0.19741707297405683,-1.1585708425066314,2,-0.6189716184556974
0.915445750168234,0.5632136170141855,-2.6226754527266163,2.479196325832263,-0.19012317077761967,1.1539387994809243,0.8474077303492358,0.1952887502911086,2.2893331990093864,0.15592150258358892,129.78269262878717,0.04776712021493736,0.9970190011840171,1,-0.6189716184556974
0.40575006274096515,-0.6318288914892954,0.47162030139301514,-0.8642210383212108,-1.1702207986842956,-0.3442185692997563,-0.9240518415477229,1.0916881940715064,-0.36121044775731914,2.114485138138132,-15.062736850107726,-0.2812141977062159,0.4027688295329554,6,1.615582960806748
0.49536186771974106,-2.4435472373128118,-0.031997099915479305,-0.7665929775189098,-0.6002865420610343,0.7145486049966342,0.06760317899896762,0.9432364001536465,-0.24319763384312895,-1.560741879257776,67.98630605676524,-0.12211934125747212,-1.5511272578457032,5,-0.6189716184556974
-0.41366271624559087,-1.4535273518434042,-0.1376580433943762,1.4572206931298723,0.17023868818961205,-1.2508315801321992,0.8630674926993697,0.031525013676740044,0.37904659861529433,-2.6168223290554313,-83.9693357449386,0.2492186423186688,0.42416085112222957,2,-0.6189716184556974
1.1382678642336983,-0.22871113277123897,0.3203525267318472,-1.343564499269058,-1.3482141562916872,1.270110727665747,-0.6901777273901257,0.3828470074259353,0.672258992363403,-0.28023584842254357,139.11758903953177,-0.9399316595826473,-0.6482343580077511,6,1.615582960806748
-1.041585911531028,0.003176589336480393,-0.23310437835453668,-0.37478587380006034,1.770204179343721,0.7768898680853019,-1.0196746656383164,-0.2646257035381524,-1.5311631289188807,0.9868792449474961,-80.24424333148234,-0.9621472394118946,-0.4437342974532683,4,-0.6189716184556974
-1.3956736220574701,-0.6555337511696459,0.14562249237460964,0.14268050993226447,0.5791577533837297,-0.6136450382931846,-0.6632197483982947,0.24518104843178862,-0.36189884699045577,0.1712775135636104,-159.72034190570218,-1.3297713040144357,0.9274298108940258,4,-0.6189716184556974
-0.752556106686879,-0.5688819285105918,-0.38800252706790556,-0.23127920071369013,-1.6871100575998936,-0.6549489203909351,0.0356765435090116,-0.9885716273953342,-1.1526119099587975,0.2604438178385745,-125.79065003995954,-1.5386365752614817,1.0683182253399401,5,-0.6189716184556974
0.3441894727578131,0.910967590105703,1.3756122831630047,0.7956934851637194,0.6533571251753603,-0.09189454668882631,-0.9730264043379759,-0.9391268311489153,-0.26166197913269057,-0.5216613296663141,27.732628607846053,-1.1608274495581397,-0.3355765396923061,7,1.615582960806748
-1.678454513740799,-1.020907326157856,1.2970449187785165,0.6715396856101025,1.1943377324731843,1.436788105771492,2.5239884972602855,0.6616693051021195,-0.0009755231560574754,0.7268464091367081,83.61987167864423,0.19729954143577294,1.5340887079828058,2,-0.6189716184556974
0.948322657732411,0.4383009946526831,0.1841498978169187,-0.9942173183832311,1.0332915041379562,1.0033546162994713,0.2510089628820549,-1.68835464161584,0.4841744746124289,1.7119410990555657,117.76532551765341,-0.8407205348765596,-0.3146979306740819,4,-0.6189716184556974
-1.573436580444354,0.19105387624199144,-0.1819320224188068,1.3853516434090316,0.1358878870868485,1.6041181367767405,-1.2446804019137017,0.05656362293907296,-1.3527214336925373,0.40122738184392914,-62.494396330776354,0.5466621777722981,0.9346261453859802,5,-0.6189716184556974
2.1805507048734625,-0.6271608610657201,-0.997263627661755,-2.151256925748289,-0.3841361556357938,1.6088640430871697,-0.6650351970620327,-1.3022642851105712,1.00247342703745,1.0187723893357177,171.45805785553327,0.07423780457783048,-0.04999371625472109,4,-0.6189716184556974
1.747392090775587,-1.4675668516994063,-1.336646551480076,1.122435190646046,0.06250037416249686,-0.999582598974564,0.09431945008616247,-0.6362502211837766,-1.6642779769333984,2.7272276074097315,30.546958463100484,-1.9018899387565191,1.3644205380154317,4,-0.6189716184556974
0.13472905351001643,-0.7519236963044291,1.5329008973447886,0.8379739229803636,0.31884792811727697,0.13022485480443985,1.6445245432197744,-0.26750914000677206,-0.6507043253665955,-2.7173281336868036,114.43501302858255,0.6861116217742618,1.3993963609226827,6,1.615582960806748
1.4397816775611036,-0.05232724011075618,-1.5799950373940774,-0.8213548687535001,-0.46834985293917447,1.9354270105251121,0.4931317680434868,-0.03315676311424793,-1.308952332836253,2.32630063449652,170.0966109894268,0.8398274332518385,-1.4056143112190702,6,1.615582960806748
-1.2014393600376143,0.6305692895888949,-1.180562266473789,-0.9121889153595167,0.6218451173009047,0.44419276784302036,0.8255079414352663,-0.9210085521998581,-1.2907660909640253,0.5833647828785378,-76.27244996860911,-0.9404288194015045,1.4976402314291035,4,-0.6189716184556974
0.558499871900395,-1.5363686562060943,1.448514028682008,-1.4184684540067853,0.8048133278159693,1.1222431904951997,0.39814960122657733,0.317811497988934,-1.4906723653539198,-2.0642276334364094,143.38341621556617,0.45450264735668017,1.1182389282075385,3,-0.6189716184556974
0.2967206916985513,-1.518658169818648,-0.2844370357169407,-2.297515456426507,1.1446416370227186,1.6117811861338343,0.561984699788273,1.4344580371014883,-0.2120434103028351,3.144903260707801,95.9600092254467,-0.804922009424867,1.001216080394472,6,1.615582960806748
1.5039144968718272,-1.290501868206242,2.3450662189982245,-0.4027987102923808,-1.8811271446826487,0.00037876720429210994,-0.5711628327759403,-0.37022449492355664,0.5721531789318052,-1.1065296514267462,145.2167422520023,0.13634304801982688,-1.0175414980392177,2,-0.6189716184556974
-0.5191560066070428,0.7204704868497729,-0.8131558137150653,0.04372319600516218,0.4670311302180675,1.138923890179425,-2.110693375357313,-0.10028669302280137,0.5404965985920798,-0.5461924502316526,-74.16082004125606,-1.2074046496278448,1.0484315823064574,5,-0.6189716184556974
2.3252917330312504,0.208279463377874,0.34993723338959737,-0.5329062050533171,2.1189728359868885,-1.2257565907294694,0.18205956820466518,0.9512047821301992,-0.6277382076124182,-0.8517094888336878,134.29740324141633,-1.728864143270414,1.2023467124865126,5,-0.6189716184556974
-0.3615164228933676,-1.0105875893973666,0.18885066631381117,1.1002496200006493,0.05084523640106359,0.41021541687420116,0.17379245705790636,0.10657609642914001,0.6969163936280393,-0.8156174450881045,-6.328837706678566,-0.3376467165165538,-0.7158251564271756,7,1.615582960806748
-1.2963402896462304,2.033813956665964,0.09464035593407091,0.5446578663065549,0.9351555394013047,1.5843589182277282,-0.8693921601507261,-1.5476079214059655,0.12890224609753667,-0.16831378856698756,-17.25847197857268,-0.0820622143326991,1.55155160306423,2,-0.6189716184556974
-1.9499878831749657,-0.7596098153523577,-1.610408488712443,-0.7818687269996331,-1.3519772075927674,0.8060686160673914,-0.2540237409938235,-0.9124168556783299,-0.158777979610231,0.667632891879632,-201.45767211897194,-0.3523082296655926,-1.5340321216461008,2,-0.6189716184556974
0.5609694455902682,-0.07317004985902865,-1.8197956224891292,0.7172751072614034,0.5733977120709796,-0.8669805480359858,1.0132907219699077,0.47072793377423977,1.2626243827971664,-0.10788597946725818,-2.8374229959531068,-1.1280249958268929,-1.191933363847745,2,-0.6189716184556974
-0.6911589594405831,-1.4441005726484943,-0.21208094323434393,-0.21125521047537227,0.048441177875426185,0.9282864629406551,-0.6078615885966716,1.0061962900811368,0.7895059779695864,-1.2875905454450614,-31.751114112537802,-0.3544975848835382,0.1336363928762519,7,1.615582960806748
0.9423209913344087,2.368746340928042,0.9184949278097214,0.4647193309546222,-0.25723364178417846,0.7992494708796697,0.1552664870031233,-0.9894106108015853,-1.2371302428285944,-2.0773817820027127,178.83905401733736,0.30564648724416615,0.26429272744205,2,-0.6189716184556974
0.17486904822477856,1.2025174341430136,2.072194975521215,-1.519565264135369,0.6006507218437145,-0.7832072258748783,-0.44138735275959246,1.033840582300994,0.22429974946182407,1.5534345105496437,25.885238240997744,-0.00429242391539656,0.5014477977637718,1,-0.6189716184556974
-1.495534075068101,-0.3122537254686639,0.6650765675673148,-0.32823782653702765,0.6079141431391835,0.317581401952538,0.4578924763639911,0.7884165336981286,0.3332427558204794,0.7906828179995148,-63.051266982373164,0.2200265071959789,-1.6464966547293887,7,1.615582960806748
-0.05171998677934203,-0.6455492747249408,0.8767532998888077,-1.127075071622955,-0.9692117836746348,-0.7660827263081946,1.5315245292051585,1.0556702273654683,-0.2609192023591703,-0.7134064775701554,9.664748073084306,-0.6210594956268939,1.579270898195394,5,-0.6189716184556974
0.8537427637922256,0.5315086592376369,-0.8251484298811229,1.4781089324669032,0.09043390251013715,0.34978179501535894,0.6094770456955174,-1.3798054966516407,-1.9978427522993034,-0.5771284942444902,82.1373141233056,1.195865864557056,-1.5520588993622702,1,-0.6189716184556974
1.4052538894889453,-0.055510604992073345,-0.8958854772611569,-0.8341420268052498,2.838730731555533,0.2599141772196933,0.015223183661681386,0.39090614156570885,0.8262718757774624,-0.24489534828669837,96.649065217313,-1.1202740301225684,-1.2153463964798292,7,1.615582960806748
0.1963295815083022,2.049190008259783,-0.6823577059954875,-0.4277225527701019,-0.6035844347682102,-0.5569759228831039,0.8182899097714813,-0.8027005009564785,-0.11362556629249583,-1.2870867670715715,5.760478294365189,0.5209603502651347,-1.656599383826903,4,-0.6189716184556974
-1.318226207827648,0.17568629122937554,-0.22487528694627293,1.0950905379650877,-0.22159036043996314,1.005552820909419,-0.9387491658369757,0.7686905658772032,0.40273573288572406,0.17426241342353588,-65.75140039485201,1.2059014673446222,0.23374449628392535,4,-0.6189716184556974
-0.15998665015292504,-2.03072474557321,0.8430705208739341,-0.8463385095746331,-1.4671205542786725,0.7702048023554384,-0.44159607867387113,0.19140941190801933,-0.08953664797553951,-0.3522868616511973,22.61106342446719,0.5143981060189192,1.4831887041010214,5,-0.6189716184556974
1.073908664833819,0.42725610499898653,-0.02687815829036665,1.1083206464607414,1.4435737742323962,-0.29059619639163153,-0.10230778330496033,-0.7166241935625779,-1.3252361038330576,0.718194972853271,66.17846527062301,-0.15979191891394706,0.5725594389254264,4,-0.6189716184556974
-0.11065424922840741,-0.26382132372525663,0.8477876631692939,-0.8481840561979325,-0.15041520809400652,1.5105890250821377,0.11367348994375166,-0.6041228728190066,-1.3416479901952796,0.8617019752409354,111.7258520860718,-0.48115919845259825,1.1084003022196194,2,-0.6189716184556974
1.1776211741212317,-1.9784106410157365,1.1839077401058327,0.10739875443666824,0.11164474520653653,-0.19707511927754887,-0.052293451442627426,-1.0927818417265145,0.3273026279061736,-1.9546739218154252,89.49419504723843,1.062069776496447,-1.6591068108241385,7,1.615582960806748
-0.996323519491941,-1.7384323151770587,-0.09953103404811996,-0.06780942905883788,-0.323605230505073,0.02737177217013861,0.9258029785356068,1.5647480670417777,0.4556214588203865,0.5034460846667608,-21.143438363550494,-1.3637380344136179,0.14879815515639747,1,-0.6189716184556974
-0.061584401225626584,0.492244166809923,0.028784378364313606,-1.4319205492398048,0.6273961419521337,-0.4590434299250176,-0.7469121468934852,-0.8966008641216159,0.31181829285340984,-1.511352501153678,-75.54843013419138,-0.9170114278479612,-0.1331317637755814,2,-0.6189716184556974
0.8685922464576921,1.2644804810909078,-0.030510768186427655,-0.13643723201345118,-0.4655954440191241,-0.7668324935737955,-0.5751796628387419,-1.051570389339369,1.0280264106440475,1.7463725272193877,21.705595059499743,-0.3521879504194658,0.0016059724129413918,4,-0.6189716184556974
1.4542219063996602,-0.010389409503816437,-0.5815824911906705,-0.5693056302578806,1.1149340497494118,-0.71775477668457,-0.24477033176212465,-0.5090467468700607,0.13090348061613327,-2.664225193100331,44.14743142745952,1.2609100338328258,-1.4576001864300123,6,1.615582960806748
1.1031258825714032,-0.7788445066814554,-0.3840034952704435,1.5137070800977663,-0.22184363387441358,1.4031784765702997,-0.33049528356308483,0.7121722238148366,-1.3005660243479527,1.1966793668390283,157.99015720286314,0.4146254071681053,0.6357762805232988,1,-0.6189716184556974
-0.05802367886587838,-0.24118006614725007,-0.34487210776495353,1.6126719341873628,0.6965430414610111,-0.256254075695225,-2.613912529260241,-1.4854472162642156,-0.23489667538348183,-0.210706465686636,-124.72464890160683,-0.9149610342880916,0.01614648125516477,2,-0.6189716184556974
-0.9229033148241043,1.3221506436361468,1.400838013708246,-2.480558875394271,1.1634174855571102,-1.206003932845436,1.6290464026842135,0.3877232668540471,-1.0092186490782205,-1.145884933020315,-59.01418214032828,-0.2661178034664471,0.9117605958581305,7,1.615582960806748
-0.24536534054089146,0.24392728625934723,1.7255672397019128,2.3372299890225796,0.6688584685506306,-1.1765660401267166,1.732384973837671,-0.42902193597172633,0.48026005092446333,-2.3884884142670377,52.035079657994764,-0.5660219348084845,-0.04516096997019317,5,-0.6189716184556974
-0.9310867005317057,-1.9814976235348272,-0.6920059494896311,0.7477154383570708,0.686077555399281,-1.2101044394578901,0.016456479447477957,0.9519369960988886,0.7332485880710755,-0.3892447811090326,-165.9635790467547,-0.6601967648098309,-1.1937374491920707,2,-0.6189716184556974
1.8795255925882537,0.48822757446622456,-1.2372286208331083,-0.7048326422419309,0.059817570902349744,-0.1498845340058404,-0.1011750540840819,2.178517876447499,0.5985382279354488,-1.7479728517204445,105.68782642079185,1.0056451938660804,0.5120711473059004,6,1.615582960806748
0.6265642654004017,-0.9186152565028755,-1.019656837463015,0.053562536727421374,-0.28865589575492095,-0.8980665660271319,-0.9635320389655385,0.3036470575953324,-0.3655060128194489,0.8937518494686411,-68.81934241201547,-1.3131990639552498,-1.1150771952973018,4,-0.6189716184556974
-0.5777983574575407,-0.09252343190795913,-1.1039656883802813,1.367957002166184,0.03617043313203658,1.2064851527965699,0.5803544160920839,0.2692338080694914,-0.9673885192204449,-0.1105747826511666,20.938855648140787,1.6270182501840835,1.278466771667281,1,-0.6189716184556974
1.1500203701667344,1.0192575834843525,-2.3900835825401754,-1.0350120188458112,-0.46866571889959846,0.19159497888948243,1.795410564387194,-0.2101710745153442,-1.27113074080656,-0.18003862636068246,76.67130435419293,0.8570227517171768,0.39191420306802477,5,-0.6189716184556974
-0.49519353278998074,-2.135892915196814,1.2999192407122648,-0.14707569598420908,0.5383391532149868,1.2679813021324926,-0.9669149711012784,-0.5745633465052423,0.006159023436724281,0.8756740495238268,30.321003284582645,1.1161030677829495,-1.1669907726922069,1,-0.6189716184556974
0.4809554421860571,0.09420737311979863,-0.11467145977674215,-0.1970523698629164,1.0191892440852421,-0.9296895164124307,0.9487461477398197,1.2258987328729787,0.25819540675008196,0.2156279149203838,9.946552242076336,-0.41668551667096176,1.5860113223591403,5,-0.6189716184556974
1.4778413566373603,0.2900114885558145,-0.5514892663087294,1.2137053688369577,-0.30771187214004647,-0.478567515048893,1.5550247664051589,-0.7539704777959881,1.1099220373889536,0.7909295705263185,141.15439581473876,-0.10791951614316092,0.06793207368971704,7,1.615582960806748
0.9217460417532976,-0.8095211422027518,0.7638081458175066,-0.5735662058220083,1.523505891491323,-0.1816018153717572,0.6782443178453145,0.040390983615719266,-0.40904386112905755,0.1130533376872616,85.60415386416196,-1.3737772980350065,-1.455257048762203,1,-0.6189716184556974
0.8461060800770206,-0.960890794457147,0.7712107353499367,0.38813446057143525,-0.011874222867425304,-0.017017570370816762,1.4612068015492936,-0.004716600615880699,-1.0893458773705587,-0.2005981601113335,124.19376977112,-0.4775737113620322,0.438815712974284,4,-0.6189716184556974
0.7222804492362555,1.444032817956681,-0.9407438019895199,0.04558472166830782,-0.39158047756117553,0.017232642135176845,0.32361615687871703,0.4965270681626422,-0.1278482218363334,0.6410914788770852,42.425397989054254,0.5269724820775661,-0.838754176547751,7,1.615582960806748
-0.9110260137254731,0.14459859035260542,-0.025969369971059718,0.539614743932891,-0.976816856086112,1.1687626425728759,-0.023882143683180673,-0.9461592001809112,-0.12472454445207592,-0.42599221579598323,-11.276678572137417,1.3185294486015475,1.0435564797489771,7,1.615582960806748
1.6976127512038457,-0.693682061771468,-0.5308933896742984,1.0021458035950723,1.7552202279113722,-1.5514185745177007,-1.2396646957099917,-1.3891197569813156,0.612888211036541,-2.087311586968103,-29.460845856252064,-1.052190844964915,1.091866595465611,5,-0.6189716184556974
1.4516411444043344,1.2292992166616667,-1.0525099102569666,0.49762836836056895,-0.3058153530745258,0.9706437323191682,-1.3768329436459175,0.7752746036671776,-0.7019193935937746,-0.30372115638710445,94.81768016600283,-0.3205695700276794,1.642803636858209,3,-0.6189716184556974
-0.6013306608735111,-0.07750649689257316,-0.3164736316622947,1.31733386453487,-0.5112673904556441,-0.2361070552487856,-0.6555119828275326,0.8846116957662709,1.636185743870935,1.5690335602673213,-63.145882000509516,-0.1092596458091682,0.011527392728085364,1,-0.6189716184556974
1.5382525684084551,-1.0213187627027718,0.6918805687888162,-0.2697818746162035,-0.1853282824509147,-0.9665938375659308,-0.2733014426145432,1.2952051373583129,1.599336241261644,0.7117481983362468,82.30572050630101,-1.3369199534091532,-0.1488814328902919,1,-0.6189716184556974
-0.3269717133853309,1.4381441477985213,-0.055766928105210826,-1.2450485072519282,0.8627087151656673,-0.20689543224078494,0.5560317524228197,-1.3357163822728295,-0.9773415276944973,-0.5024196987817526,-11.47941427871023,0.6233457206483042,0.8718461724356211,2,-0.6189716184556974
1.1883151605389997,1.5841544994871855,1.0804333034696687,-2.188541349305109,-1.5221829988556563,-0.46770884190772344,0.00566266605554593,1.1857079698011506,0.5524745074419274,1.019702741739168,104.36586628072338,-0.6742060546255546,-1.2515613058351187,5,-0.6189716184556974
-2.357594728584285,0.8782260486889324,0.11674136517180528,-0.7014452021158221,0.7645019047218888,-0.4542905400054958,-0.4362191615384181,-0.6201441086944052,-1.794770198431341,-1.5823943394447004,-243.326714502523,-0.1527545169309994,0.16555350284985765,6,1.615582960806748
-0.8539320038567818,0.6938765272079019,0.7420427221700913,-1.915588624931961,-0.33616474832536475,0.290201347783146,1.2836753161116026,-0.7740989389283854,-0.2108049976031527,0.6597130766121815,6.622369129521623,-0.4058440000756168,0.1632697000116431,3,-0.6189716184556974
0.3540648864183799,0.11717616696378759,0.09055437938891768,0.2708468124328237,-1.3669466790410156,0.10849064412047847,1.584161947914929,1.3082907008549396,-1.378633763302884,-0.5739833472080497,97.47428192921136,-0.7386705023340316,-1.3985831361437464,4,-0.6189716184556974
0.5993441238294549,0.7207432302275181,0.9601923214746793,-0.03006966556264661,0.4743860814865631,0.4281627759826954,1.6066508818638854,-2.1473436668389687,-0.5878734120072434,0.26659966139453084,129.50382214765153,0.033043788348888777,-0.27530282108416304,2,-0.6189716184556974
-0.3787557343141779,0.7216754474963878,-0.6467925484634766,-0.18469892740021768,2.133746746656989,-0.5759813622403965,-0.8295645762874488,-0.6091537577265235,0.5990514252856216,0.5868546498535855,-103.4868279229736,-0.1727003126208719,1.2131245911958974,3,-0.6189716184556974
-0.601228404502997,2.080344363007136,-0.5753982523204453,1.7431514655565559,1.336267752785392,-0.20412515657240302,-2.270609402293648,1.9068316431088275,-1.6911280368242212,-0.17739090437147373,-125.31550363184662,-0.3268356157378039,1.2229339834213329,5,-0.6189716184556974
-2.908090808756326,0.6745745103792612,0.9809471382260153,-0.4901716282401077,-1.7660439249643454,0.30671233738154485,0.08527900566315823,-0.14999042599717521,-1.0790484872258272,-0.1660587816155019,-160.3746752771902,-0.6786168777417696,-1.36519515466846,3,-0.6189716184556974
-1.51806302394135,0.7868910543368203,-0.1122289986100229,-0.8603570509148071,0.4083194275167366,0.946940735768144,-0.5793389986851981,0.709630762447492,0.015385630378132514,0.8541333224048272,-66.01415509783135,0.355197128651294,-1.3943166600293855,7,1.615582960806748
0.32855521552776357,-0.5764426337737166,-1.1919051316100882,1.0108160430421138,-0.9906051697441439,-0.18924232283908093,-0.40238250331695224,-0.9080351904024299,-0.8524404106685454,0.3765846322018336,-17.19838135682827,1.671248324412056,-0.8062824744109064,1,-0.6189716184556974
-0.3507892702128324,0.732676758390524,1.868438452635586,-0.19254270155603662,0.6984139606687525,0.29085766643861505,0.44120526562840573,-0.8068009240939631,-1.2287374226655243,0.053017641352360464,33.567376922504565,0.17798899076393856,1.2865756589499187,7,1.615582960806748
-0.015237105230116496,0.7234273551402064,-1.076148799834298,-0.8031344976731447,-0.8112680034856004,1.5566302350050827,-0.469521172898836,-0.19475976149811272,0.5117013901785146,0.0876836206177705,49.41575801387797,1.022640861059965,-1.2637616421211773,1,-0.6189716184556974
-1.8972916416504249,-1.053949022238518,-0.6758012039993526,-0.0909548292607133,-2.3882577082957126,0.18459725862690649,0.2568661369624408,-2.4976594294951213,0.6156816409706306,-0.3322805002363781,-186.9419404503053,-1.331427964609487,0.7573718186128454,2,-0.6189716184556974
1.4049885541303235,-0.7767469935767723,1.056979852768134,2.2968917053401854,0.6930632542005851,0.28671662665715586,-0.22137797480719718,-1.3612264934985714,0.724371051204585,-1.333703402165632,155.59158313246976,0.19562147805777216,-1.3586028828682386,5,-0.6189716184556974
-0.4678062540653951,-0.6625960911868586,1.066952580416345,-1.0907262025547466,-0.41950088923053924,-2.69353812063867,-1.3855846727688577,1.0180056366472954,-0.11597024292206541,-0.27953128464219595,-217.9478838583108,-1.0425347204216757,0.4261811949551866,5,-0.6189716184556974
0.06581861622985306,-0.13782655665863394,-1.6948967476527057,1.4753346334614301,-1.4110581970314382,-1.0134243259234912,0.8012494037368932,-0.39047722648440225,-1.5683516157830086,-1.284385454540907,-81.5832153867147,-1.4169584518875926,-0.4870154128048204,3,-0.6189716184556974
0.506562466352956,0.9671205878016628,-0.40997567041477306,0.6679290156854777,-1.863188937321353,-2.3397035702477567,1.1964019205320666,0.2559401767207101,0.045831298609651926,0.47543073215755627,-53.02699796624266,-0.689379126662269,0.9930208482297547,2,-0.6189716184556974
1.695184412256836,2.653969478309199,-0.3930316593978217,-0.7812864442788866,-0.8540025722515319,0.5924523422170999,-1.3763859514054126,0.47015897556981745,1.1259264304487748,-2.5202476857785068,129.820249943915,1.21577436384004,-0.9054596127354778,5,-0.6189716184556974
1.399209539757007,0.37655233048131537,-0.40598147044282823,-1.1162186615535843,-1.1512991173926606,0.33794513226079453,0.49376409388541775,0.13202881840360836,0.21305180072096375,0.5993867032985742,127.12909619404573,0.9771619335517052,0.4811088828237809,6,1.615582960806748
0.16787022005374244,0.35021825442509186,-0.7219093841177081,0.4824907249349901,-1.6005705256569305,-0.9966717865318688,-2.1095812602274693,0.21480520059575056,-0.14688901316261793,1.4720505487725881,-109.0540784933634,0.27971198601825675,-0.898648057068952,6,1.615582960806748
0.796307153573155,-0.0010279638241660228,0.5511015867389956,-1.034877119862602,-1.7407519466335237,0.2091475407948877,-0.12494606313281245,-0.13356087078388632,-0.3282906598139701,-0.41938401902955175,74.89384325089578,-1.471979810813602,0.7357053038058676,7,1.615582960806748
0.15833522889825394,1.624510327197001,0.38323741104032283,-0.1461928907264231,-0.08021905575648874,-0.8407962207677866,0.9003178654434308,-0.3080959114834496,0.8924683243068282,0.7091383389032503,17.180289912856296,-0.1536327773000096,1.282855355624228,1,-0.6189716184556974
0.7394265157613136,0.6819088631432126,0.4835428618095512,-0.16696247544871923,0.5339218422606542,-0.2448033828342971,1.534762094717673,1.5933279983303468,-0.1976690672822228,-0.4525467431961753,139.70382129138966,0.3376135159222461,-1.2709448772886,3,-0.6189716184556974
-0.06438466394534692,0.4332615361439849,0.20489148925559866,0.26032826398140396,0.908851044525763,-0.31136829254882253,1.2427977901807854,-1.8135683718705164,-1.4039360503069442,-0.17259274284546589,8.187228771440736,0.21315589362151222,1.2586386301247179,4,-0.6189716184556974
-0.5080948342523941,0.6459364672657877,0.2312073163199065,-0.49382285613154814,-0.708651426202725,-1.3784803641528334,-2.1547044417628842,-0.9517745910322396,-1.7066606709086265,-0.2817213967148558,-209.32906129972037,-1.7788658143732485,0.325097548854703,1,-0.6189716184556974
-0.15028140245662835,0.12736866672156644,-0.22967333783107263,-0.15627116498949756,0.33410475296455744,0.6121727278666683,-1.8746947728613126,-0.2591484961161923,-0.3457559867861323,-2.3768106592355056,-51.526903877443765,-0.8382842655836684,-1.2698893650085417,2,-0.6189716184556974
-0.5425645805435,-0.06688575748739928,-0.5654915934994502,-1.3796586504553452,1.6831849374663173,-0.8074942417190559,1.6303152183996918,2.668375195367702,1.6096094649063801,0.6002787512348857,-43.37789094616973,-0.02321771605693024,-0.24262185773550216,5,-0.6189716184556974
-0.6486474271215528,0.14736307010633287,0.11387558052473047,-0.4536492635043091,1.8114435009366885,0.034815848827345806,-0.6784640771628889,0.5965659966475777,0.06738375041498527,-1.3985883667360477,-60.196519619909914,0.5690319615381397,-1.1544883792793383,1,-0.6189716184556974
-0.4686378401134839,0.11054589567602671,-0.07084203873779475,1.0797116341674247,0.048754180560347735,0.9648328223533897,0.5134549904634776,-0.716082570780041,-0.1812621254775797,-0.6353945881021454,45.603612225070854,-2.126435312564283,0.6901861214941611,4,-0.6189716184556974
0.9612128927802017,-1.0946140453856963,-0.2822407122417652,0.9245178202613542,0.09109857374431163,-1.5019155611584987,-1.144151003060999,-0.5860607464544855,-0.9406981792687829,-0.6844996943278421,-67.95214179142208,-0.11993801409599884,0.8902848923867575,4,-0.6189716184556974
1.407098145491198,0.39469568601067884,-2.3774987174295545,0.15889035642536858,0.4254344315942848,-0.6601419101887502,0.36501137479425194,0.003981247136073877,-1.9491097724850344,-0.5757724887648038,1.9584228586307417,0.18110777322989904,-1.3427684050494937,6,1.615582960806748
0.31677830492479836,0.17279919252545095,1.662509151413977,-0.9011593423657657,-1.1282979768566654,0.5941112990119297,0.7901260409019963,-0.6484986282177758,0.5199539299825247,2.999443553466197,138.42911724819177,0.8781158897315244,0.026128939756129226,2,-0.6189716184556974
1.2025703550309075,-0.3141467425644271,0.5570791899464308,0.9225578516214643,-1.4400366705165983,-1.0855944261748922,2.8638221709999563,-0.5790548332015844,-0.7681182272625211,-1.3463444829177043,152.61113279238964,0.7234813302218871,1.0809350063325973,1,-0.6189716184556974
0.23671517042930842,1.132114117980865,-0.047145103963317905,0.618743759891617,0.09170865854600499,-1.9571889413100403,0.2873990519214512,-0.7172757361551023,0.007725135096222775,-0.30776981759415367,-92.68440779113855,0.6146865046284073,1.4965108688600053,3,-0.6189716184556974
-1.4028351722671835,-0.1297356788203268,-0.3068384086480889,1.3238449281622986,-0.9367650785899395,-0.18445439058191157,-1.0609981010668417,0.1715833818405198,0.043252041855477895,1.6399897901184233,-125.6572559325206,-0.7491291287398122,0.05135664563036312,1,-0.6189716184556974
0.16009408173843714,0.4843455209654101,-2.4868553097760286,-0.678990845914831,-0.25901051059590074,0.044818579959591084,-0.32973273008480103,-0.9555446486060929,0.4593555163171443,-0.9526296103320453,-78.5408164377427,-1.8422060532325708,1.5447784496497048,6,1.615582960806748
-1.1941382263726446,1.0123230750806154,-1.5358999043236103,-1.142136884745591,-0.6581493822416725,0.3451924949571124,-0.3451146552364222,0.9317827265548982,-1.6322401936974347,1.2162349501664318,-140.92765612729005,-0.3477438647976614,0.1271664882028884,7,1.615582960806748
0.2654177576326684,-0.7079906897526482,-1.2484959995888714,-0.7131173836393281,2.2301222889355437,-0.30487054921503176,-0.6508123257691972,0.954304484459594,1.2320187899125088,-0.8234816007258987,-83.4677472121908,1.0280799088722024,-0.35666044784656104,4,-0.6189716184556974
1.5100406410793235,2.217833141599886,0.663865633078576,-0.511259992582561,-0.8377574847622771,0.7197370983598811,1.2655590300020805,-0.5724196564030771,0.31697330026681575,0.0558702158918603,235.06815567682125,1.41460385540666,1.1957487939079017,2,-0.6189716184556974
1.3885950465623667,-0.44172083861543787,-0.6685169732520128,-0.5378737740485813,-1.069423226448421,0.43731939803229514,0.9937999235930485,0.3887101611412626,-2.9092033011097946,-1.0412935898252527,141.93179974989863,0.7409335996806357,-0.01885938804714836,2,-0.6189716184556974
0.7003495249517342,-0.41726388134084724,0.19758725716629477,-0.07516855818579493,1.7220771114793123,-0.9285139159637925,1.2084002425730753,0.44310197701595394,-1.1386178301236345,0.09022654009370859,41.75354461745668,0.46352819834339043,-0.09093909395284783,3,-0.6189716184556974
0.4141130654877221,-1.2432936496558882,3.0510319869721094,1.3084925555160423,0.9840287056444261,-0.6141724910208693,-1.2975301021814645,0.28074001107043756,-0.9505284843271775,-0.6673845077474299,45.99782679968257,0.4144991503351066,-0.027989697476547063,2,-0.6189716184556974
0.07211056654702834,1.7308595769999384,0.619817930887553,-0.7183308551241903,-0.45031930922427116,1.2819842755101132,0.8365785712707857,-1.9010455173754361,-0.1881968666590074,1.1787456111288293,117.46911546919985,-0.5086046559453373,1.1908997813380686,6,1.615582960806748
0.7060618969819227,0.1275854284265807,-0.7067181363780205,0.12841093050844202,0.28935531031698164,-1.4075920982095225,0.23509552160968328,0.19576194215146628,0.8030896435092837,-1.8955270512952533,-28.982164078374332,-0.08830794058238094,1.1401454123130412,6,1.615582960806748
-0.27818961844843976,-1.4844622314241915,-0.6363208844806474,-2.608889456117763,0.5183412748991094,0.12011075044369193,-1.3026366722730536,-1.3189289914530842,-0.2865222050516418,0.5357522187666681,-146.0204169234013,1.6864916154524165,-0.32476001692217676,6,1.615582960806748
-2.15906040847597,0.5813825224183268,0.46876760889176944,0.508078049255737,-0.9414698134684548,-0.137407909325389,0.08594219280241487,-0.21556346146177705,0.34455342357025476,-0.20955586365633116,-149.84860107343843,-0.889817961386062,-0.564864310516994,2,-0.6189716184556974
-2.0780270497211686,-0.041559823216992926,1.0875710118095947,-0.40942006324812724,-0.9288970614214099,1.0571293271132056,1.477267216653161,0.5350063138888993,-0.2934946622088767,0.7937228628029322,3.155287019957786,1.6329350729819367,-0.022465686245703633,2,-0.6189716184556974
0.3805555775624927,-0.9955172161164629,1.4775004778868552,1.228061329171909,-0.36531435966137477,-0.6570879600325483,-0.40933669229586,1.094973369712452,-1.772734474810826,-0.44571578235778686,32.82556929957642,-0.277679752830988,0.25396654791856843,6,1.615582960806748
0.41609954375427455,0.21647237119206425,-2.1974556310990807,1.2184889977496811,0.4879343059463567,0.8334201505441101,-2.715807784944005,-0.342399216512812,1.499163131573061,-1.4229649761083258,-57.24366852883924,1.347501327991247,-0.8895709007764474,2,-0.6189716184556974
1.9764063773663134,1.2976075613297962,-0.5937879875232589,0.2932578414750707,-0.06391088490229191,-0.6974063269577945,0.10296448317083726,-0.41219177672273555,-1.8713567938858726,0.30461923495609416,105.60994557419147,-1.3477966548562323,1.010257998493486,2,-0.6189716184556974
-0.2506279807347737,0.7065875865238571,-1.2745031527018673,0.6277932836151594,0.8029088087507259,-0.9959604610435118,-1.1451931816408023,0.43470455644635564,0.26898088652678376,1.0670792525581012,-154.4100294205365,0.6179743152476027,-0.041084704059085604,4,-0.6189716184556974
2.2901847222821243,-1.2246105359495831,0.6676644433510253,0.9169630078650552,-0.2787513476056175,0.7448166379495069,1.0596778785550676,2.278653320724721,0.026567900069490835,-1.4352028783998236,312.4668896997556,-0.6868130330575423,-0.5623145713488709,1,-0.6189716184556974
0.3048741213776546,1.2802498463835585,0.4238614751381471,0.3672954440330687,-0.12661515580852967,0.6585999570909369,-1.7229781531902018,-1.0458471572520476,1.178729568302117,-0.487732370528447,17.992921207052333,-1.3561345354564842,-1.3392654169060059,5,-0.6189716184556974
-0.8137750430501404,0.3788297447828725,0.17219807858077166,2.6210167190677276,-0.621970872715936,-0.10777757014827313,-0.07558919272885382,-0.9776834638576907,-1.685465983224753,0.9514788148365697,-54.44306326440774,0.25557223195535084,-0.8878340638097351,2,-0.6189716184556974
-0.37217205824863697,-0.8974423939742494,-0.2476769928773925,0.014485292877149485,0.6439221262523662,0.6439781648513964,-0.8495409119303879,1.2369663716425792,1.9010702354455318,0.25807145263555054,7.089286064831832,1.0358138496859333,1.5413658024935686,5,-0.6189716184556974
0.6989895656748321,0.30778155845335575,0.6404209944148853,-0.08554784095443789,0.19663113460124151,2.4029615527738746,0.10874364392246107,-1.10122874689178,0.15289174682504883,0.511087703408664,217.75993047736858,-0.7935214972515091,-0.6612894008989026,7,1.615582960806748
-0.8318314109443167,0.8957819922425808,-0.218379357944162,-0.33869824203305293,-1.0762421464167191,-0.2676724085339246,-0.12258024764056764,0.6070160429144003,1.0722224425239624,-0.7460485081448536,-65.47209977217172,-1.4387507400304316,-1.1271373449617303,5,-0.6189716184556974
3.039705360152758,-0.8985797993166237,-1.77506935484439,1.2118005273015289,0.1959483419032672,-0.6019756953454056,-2.06942384621548,-0.6213063250856418,1.35425262846387,1.0940916012650406,82.27434732569164,-0.050609213364188436,-0.12933696686152113,4,-0.6189716184556974
-0.8611512087289952,1.2325643529717776,0.7857484346330138,0.7119370821966361,-0.8287448629326717,0.3337750110804702,-0.02312220463748777,0.7644400260586249,1.0606816672175559,-0.1418998882305064,19.362511944923625,-0.046259408149466025,-0.6544916223435441,2,-0.6189716184556974
-0.21074596698408415,-2.1669535119403083,-0.8682105485065701,-0.0012416153079895964,-0.3451945006533923,-1.5562242883274024,-0.31767400206414603,0.935514720561076,1.4786916798386993,-0.6129959316765006,-142.87884947425223,0.5808980110040087,-1.5842990201956606,6,1.615582960806748
0.9193871984174179,-0.6425381516270637,-2.700706017793949,0.6366902344899462,1.351391465732054,0.49161344993354367,-0.13074390379781847,-1.8186297492103385,1.3535005358175352,1.6580088936380049,4.457927963581305,0.9767463730567841,-0.5995861658713131,5,-0.6189716184556974
0.19970790889425094,-0.020634988819522745,1.2206331689545473,-0.4811185677915597,-0.5609662714622952,0.8247973143301713,-0.5860123023536095,0.10285541164031196,-2.1395331300455838,1.2401064296014253,72.60617421319525,-0.018618186923702856,0.1559558806174925,2,-0.6189716184556974
-0.8752158880021388,0.18079344649020399,0.563506690559619,-0.20611315305032263,0.20761241932188812,0.10272013872589625,-0.5590906523427916,-0.3613820851255786,0.17429657154908615,-0.43148054710579326,-66.12884779767904,1.87040419492609,0.18195544078250916,3,-0.6189716184556974
0.22617339450035337,0.6205613731928946,1.6448366472528078,0.2697593024309677,-0.1919575712380324,0.428570052238379,-0.43256782802407817,1.4825934758889256,-0.45535916587677844,-1.2849942855318772,112.95928488593366,0.26119584148613145,-0.4853344053419951,7,1.615582960806748
1.308536861324831,-1.320303241110594,-0.9047420582109631,0.4535792097353762,1.2697898227856423,1.1518367202874111,-1.6594755544716864,1.9071181688317074,-0.42442979586899243,-0.09270135151104088,95.7692551800097,-0.30174815688392354,-0.17505324206854067,6,1.615582960806748
-0.3157095122507122,-0.9182693264416909,0.10267695249560826,-0.8121334345195278,-1.981147784864327,0.05951934463915,-1.297934258916116,-0.4142034220488596,1.179770588552385,0.16972994291052323,-65.01661293154635,-1.549780066649046,1.5968842471461389,3,-0.6189716184556974
0.8586105748456799,0.5426270400503297,-0.9140377415692625,1.4652253131786823,0.5452375178521622,-0.6634033039686658,-1.0567862789506701,1.0923187352234394,0.8526508805414137,0.19764015713810656,-7.696186125711158,-0.21911398151045244,-0.41424850037872457,3,-0.6189716184556974
-0.36171940457004376,-1.1786159475775646,-0.6134434176888108,-0.06236573718434077,0.6173106728197222,2.072517072978136,-0.31080718823279074,-1.1278760917618351,-0.8020349608408377,-0.40376341337918503,18.45997448632565,-0.2918443647860933,-0.8215622141637391,5,-0.6189716184556974
-0.06719486912058216,-1.4630150497742054,-0.48527173338117463,1.620642435860153,-1.52960932066275,0.6535818216773448,2.6326232252443353,1.2557918506747932,-1.6273735782641858,-0.8662015739570498,104.53560221625187,0.9873117598470728,-0.8720304178835824,3,-0.6189716184556974
-0.9022581479183511,0.3727128422418893,-0.9697657621523427,-0.9733201495015219,1.0553903858477858,0.018945420251661904,-0.22092619150643233,-0.005673952883769811,-0.7035597577521042,0.9259383974187574,-101.9759743467134,0.4962227978867169,-0.1392809277612014,4,-0.6189716184556974
-0.5984519283743338,0.6255852606884131,-0.08471524777963754,-0.21254142464839756,1.3917748871507534,-0.39918475751876087,-0.630474657846101,0.1448642333863088,0.5261873398793043,-0.5118760528662722,-85.19450040864173,-1.123426597478315,0.8925143303975503,4,-0.6189716184556974
0.9512718766869174,-0.05809453990554797,0.0133660220345705,1.3598000111497959,2.7004962013809606,-1.0631103551107643,-0.17895875485808596,0.5040592399353456,0.4414439786321041,1.2272379065409547,44.94749431744806,0.2099184319697628,-1.0001822006630414,5,-0.6189716184556974
0.28754189722615936,1.7131406597988936,-0.03811455307321103,1.7143225886925477,1.2582710254469063,-0.6084478975561429,-0.9660254978011769,-0.4212176281677459,0.4804859007399961,0.8001029743426439,-33.52509829497577,0.7024433222671649,0.7207829083574215,2,-0.6189716184556974
1.6215881968727643,-1.1061525667638072,-0.4661664500890369,1.0242687681352813,-0.6763170789324987,-1.5424678453279583,0.18984742191249418,0.3726901245767875,0.22498272034056013,-1.5632035099673862,44.47929220481555,1.5473607575884327,-1.6322015722363241,1,-0.6189716184556974
-0.0655050419530915,-0.026814624894387115,-0.28824993605207466,0.8014134667860833,-0.42824617395172876,-0.06523419481854298,1.2123439358638248,-1.3857914414966972,1.6723092999431683,0.9880367263118826,23.372124561784588,0.915495442113328,-0.27205826500661334,2,-0.6189716184556974
2.1693815161112746,0.04567458086792088,-0.37527918616987277,0.14324403480223205,-0.20254343075125927,0.6059006165452842,-0.9564627813799323,-0.9599855165113382,-0.018826463611719267,0.5064452827460884,148.93397395458962,0.7905509602634893,0.9484026416707441,2,-0.6189716184556974
-0.22220267598842725,0.3621132813605458,0.5547510470534383,1.0389455064024817,1.8477955827671488,-0.5066109565295419,-0.7809169321583884,-2.4923176443426867,1.1832259416508024,-1.0358693410261328,-63.90747668121698,0.09926693266380163,-0.546286879710441,2,-0.6189716184556974
-0.737322531517061,0.672794451497236,1.0893680719788692,1.1380551650999373,0.30763573770025865,1.6003833597056694,0.29622587495343056,-1.1190490816012806,-1.0777498958847014,-0.04160250102490852,76.69390143450423,0.4230542280477349,0.22307169987668074,2,-0.6189716184556974
-0.27464705282943747,1.7572285990472485,-0.4504160300512416,0.07837621084995877,-0.25567636425743484,0.9508767117607511,-0.6073120981955119,-1.0835501095447584,1.3784187702089992,-1.0272242945641494,-3.3264341965274724,1.272600909862411,-1.0036321165961843,6,1.615582960806748
0.42950605625805877,0.7688892898724146,-0.3501543007001112,0.9755135368582377,0.40477080665021464,-0.9922008000105598,0.7389733001391146,1.4459223231814013,-0.30288282026441415,1.5770055564783696,17.281534902799716,-1.274760279424186,0.832591778448836,1,-0.6189716184556974
1.815403128284606,-2.1379693011765335,-0.8463371509192675,-0.6210355704243,-0.6509326194582026,-0.7634865316025357,0.33418062107747276,-0.49106985325289704,0.17331866086805306,0.9869970995349346,47.71514733958159,-0.3047202346564231,-1.5257609619493553,6,1.615582960806748
1.2378335039206456,0.9581807575734569,0.10198013006934659,-1.447085983846821,0.8622558522500156,1.8373728596704495,-0.431383270356448,-0.6359339929530672,1.0702308971890786,0.09221761443697486,174.99573824129988,-0.7221275286737037,1.210586938796737,3,-0.6189716184556974
-0.347017761727438,-0.05119263382115303,-0.9351041914492791,-0.5272291344316586,0.5741496102096945,0.22185665282177433,0.21666489673910155,1.965943254309994,-0.7829385663780145,0.35267483273552364,-17.989144912472938,0.414019200186439,-1.0268247607119816,7,1.615582960806748
1.0808418727089184,-0.10255871673886001,-0.3279192969226908,-1.0448693731278569,1.4972842110095959,-0.6612822168142147,-0.9088591417101732,0.3582435532225833,-0.19918790941445594,-0.27510656859773186,2.1689173847583305,1.253578951858731,1.285317247964561,2,-0.6189716184556974
-0.14799162370665644,0.6677548001362658,-1.1925071943123209,0.27426684923874944,2.299314819363343,-0.19652371924098996,0.04511465938232256,0.46481605175845314,-0.09702678591643743,1.0006385444952635,-45.913523865729076,-0.5489076921142783,-0.49911312384796225,7,1.615582960806748
1.0011812250974452,0.6430814019464088,-1.183874822060243,-0.2471221303522685,1.5240793577387532,0.1849780974415576,0.04266585695001788,-1.5385858977774156,0.12546293429993682,0.3624890437042342,27.193335207346312,-2.3179859414164663,0.7665587203285872,4,-0.6189716184556974
-0.09546341269315393,0.4917610521722496,0.7518942786678154,-0.43837597633296815,-1.2607694951557737,0.7749468069572422,0.014415773342495936,-1.5049721750550833,-0.5073368263515353,-1.2657183232271907,58.11969045010022,-0.3666526373389668,-0.6129895797702577,5,-0.6189716184556974
-0.47496785344124864,0.11569129541923451,1.7455212701505016,2.718674545467663,-0.30967121380826695,-1.7727286576541492,0.7557061663021644,0.8457291853519081,1.4780303208192853,1.2777216121394483,-9.516131845444875,0.9411140084846162,1.3930721023086332,5,-0.6189716184556974
0.4847663330267538,0.10887316624625253,-0.9994500154436783,0.10303131179898656,-0.7955975243308773,0.9313678071955319,-0.013890565859776627,-1.0440166970353137,2.271020946182766,0.10911112741866938,66.87612309483944,0.5703528472931709,-1.2715079471514479,6,1.615582960806748
-0.6393585538860975,0.5367210836946056,-0.7993675955652259,-0.1437945912647117,0.38830720432640803,-1.1993593486444551,-0.4581835270004233,0.9246282687878205,-0.29449855738181546,1.8133042087651805,-143.52035944173184,0.46238923707464685,-1.094105115874208,6,1.615582960806748
-0.2203013228552564,-1.1482776190599944,0.847259188354872,-1.4253724397495564,-0.7694556572571533,-0.8131320590702914,0.5041506029738207,-2.844604805714518,0.9512301739865375,0.0008144305412257828,-61.48655348230897,-0.23621335226330803,-0.018697262559711224,4,-0.6189716184556974
0.35926433355237875,0.09163943558762178,1.4477242995858361,-0.25313554390167703,-0.3490628672524414,-0.5513121157160588,-1.1140860180617613,-1.4056897534583332,0.13523762348395416,-0.5855258278787802,-18.30438005860293,-1.221740453108799,-1.4243465441350216,2,-0.6189716184556974
-1.2922003944451488,0.18574106354009068,-0.16586803262186156,-0.570712131717273,0.2351536293256618,1.090539484102325,-0.3464390473535457,0.5543290648012293,1.4257053622869418,-0.3957625784271096,-39.00688661090566,0.5483193178651595,-1.034402638009402,7,1.615582960806748
1.8497913619474466,-0.7112076000925468,1.435973695384401,-0.5034348124125552,-0.32087866019836375,0.8080683666984674,-1.3791196420896334,0.18509379288894343,0.7982042907836803,-0.6266127857456246,179.58242623140796,-0.7830060225870399,1.5225090359321443,7,1.615582960806748
-1.364036790901526,0.5625452647596266,0.4972962862385596,0.1678384458877046,-1.2897447603937895,-0.047607943821297544,2.2783349080231674,-0.07781288749948005,0.9020402795489325,-0.08182556760094432,-22.093545325650577,2.1945539295037335,1.6344000205469429,1,-0.6189716184556974
-0.46081187205188673,1.1009627132416455,-0.7666810117307709,0.6226789648276838,-0.5753472491074472,1.0121052845709926,1.6790804361033742,-0.5211085546232797,0.7655196092964744,-1.2802318878828005,63.86105397246114,0.6027855413696214,-0.417972633010684,3,-0.6189716184556974
-2.0301621675114867,0.47545841353392987,0.3953164900206599,0.5115567728056207,2.3014401518374616,0.13411391158440095,0.009573292766417536,-0.7961814985112473,0.37953710593224615,0.18613340739509812,-134.3680094260066,-0.5328024899551435,1.4524803635545838,5,-0.6189716184556974
1.5547466195032695,-0.31815101944420937,-0.31442634410710113,1.0000804628805964,0.26574510437821225,0.7212748357609465,0.03306902950263725,-1.320551653789577,-0.16943930973483298,0.002578227648576899,149.4065857740866,-0.56312376830806,0.15840428237164675,3,-0.6189716184556974
2.089993194486784,-0.25214795254182576,-1.4193147366113494,0.9320972431429576,-0.44300984803558663,1.3223659625807285,-0.037410223738482636,-1.3701138789357756,2.0536889295209715,0.1160014127221915,205.56860472696448,-0.051693787499409345,-0.7821866457201451,1,-0.6189716184556974
-1.1966690972181973,1.664764207723533,0.3090461502613482,0.384651766067048,0.7017995178795142,-0.2546866731262425,1.1566338224696597,0.5052419524305242,0.9583540950711894,0.6290889175166778,-42.3327675446473,-0.19626955153711695,0.6971985494405526,6,1.615582960806748
1.0887075633893846,-0.21901616803646992,0.46008978001021517,-0.7229705287190841,-0.9122898394607313,0.5009865693658204,0.9699564099328545,0.5183631199996008,-1.0132904653536776,-1.122059126145645,148.8233647185059,1.1417239428281398,0.5484691815403873,7,1.615582960806748
-0.37051532552284233,-0.10694444523685662,-0.48603708235849946,-1.2667454536726488,-1.2804242332471418,-2.907773705777533,1.0589338036497327,-0.5265282934982101,2.0088888726687477,0.04250268839805417,-201.5284767524101,0.22388870054145887,1.6776052327527724,5,-0.6189716184556974
-0.6138544416446371,0.9782527590892387,0.2742472289182681,-0.21652294791543286,-0.019642965059221154,-1.4898008885370444,-0.4742879877589271,-1.5125412584349793,0.20272258697143059,-1.7690961763440938,-160.8315484890676,-0.6817441243631953,-0.7982409091808087,3,-0.6189716184556974
-0.787510378733454,1.9899824511101962,-0.8325162157986946,1.7873325067764858,-1.4399196925776776,-0.024835223230342564,1.0647829961197997,0.3050378631877495,1.0225820739141787,-0.5104172558687566,0.3130018689592209,1.904869094978727,0.5934594031287621,6,1.615582960806748
-0.9482390929083265,2.071404402564576,0.4469810922985705,-0.6981599594912372,-0.7355957014205456,-0.3743984441214241,-1.3043741097113073,0.18273275198320055,0.20639762308804674,1.2404460154861963,-104.19036884073725,0.0886350196856786,-1.5266340763451451,1,-0.6189716184556974
1.3177601847059468,1.0677224787403188,-0.6486710208433198,0.6181572192128888,0.9232678597181856,1.585915092984678,-1.1780252827663666,0.653823786663071,0.42940306784188786,-0.5901058780315157,141.182542264947,0.7984358894865805,-1.3159284802691673,3,-0.6189716184556974
0.05280220722024368,-1.8206280529848198,-2.3841479770293983,-0.5874239118923428,0.04742441532434136,-3.1143323292746943,-1.1053039959959374,-0.9233919631518739,-0.10394317893164128,-1.6241830704075888,-328.42705520724587,-0.560007745111946,-1.6911212095809134,7,1.615582960806748
0.7788493070947865,0.7746185744227259,0.4998540965854038,-0.2863892352818531,1.9052261941096538,-0.9376781131043573,-0.517383362362882,0.6698881978824245,1.0759559528229048,0.3957923360772484,33.89720749345592,0.3981985898183298,1.7129450233436605,2,-0.6189716184556974
-0.2955656262171508,1.227106613539435,-0.7418017363837672,0.9104964202621476,-0.7919480510024646,-1.2029332085492457,0.6132148569580365,-1.1410839948297415,0.24554491586040003,0.7121157441995326,-77.90790698557089,0.34689624367459515,1.0387019003853721,6,1.615582960806748
1.3419839262800484,-0.5945050195503605,-2.2379860541119774,-2.1190671201637454,0.36502982623486613,-2.7280119323665493,-0.5079572916506597,0.5094664139960158,-0.4539082020944791,-0.36692568870161096,-168.64980603312122,-1.8241014001634577,0.985529320396146,1,-0.6189716184556974
-1.5046212046196143,-1.3544088088375075,2.7555916892602514,-1.0529237333814943,-1.6270827763635187,-2.065666949089883,2.0844895515857025,0.7910678738760301,-0.19876597728571138,-1.9859635567231704,-96.5375761743294,2.028015340581659,0.03839134102175011,3,-0.6189716184556974
-0.35627623739745834,1.0050817272847803,1.0569316571022869,-0.8711561024574856,-1.9755383180178747,1.8163700747285847,-1.0622941876801972,0.7604034213128736,-0.3748471839932729,1.4788567186980084,100.88492462675873,1.313184125381943,-0.6784974260551511,7,1.615582960806748
1.8384136392409158,0.6687158468802967,0.3381754338571016,0.4508889685241858,-1.0717846083503775,0.39144541683271245,0.6551402049158206,1.1728132808838274,-0.20453897689639158,-0.111045598669134,218.9446458091451,-0.3518304026033138,-1.1873000941443252,2,-0.6189716184556974
-0.024542533576382038,-0.3569396661375928,1.4972760609797078,0.3450800342966136,1.1228472772428952,-0.18127353541578015,-0.1752297346999178,-0.4650684009292873,1.6073163327514342,-0.4655635703182896,21.487986011441528,-1.0473698582652253,-0.7311285983671832,2,-0.6189716184556974
0.35250525150614936,1.792084813392938,-0.12692773659424414,-0.6566474400135015,-2.080603440452052,1.7971207353105836,0.47031020836074583,-0.28300266636731863,0.8136993524910977,0.422669111301631,154.28666968588408,0.382854918261316,-0.418957761086251,1,-0.6189716184556974
0.7186483574548416,0.81973644896321,0.31629721464595406,-0.5958541008859437,-2.2137665282627,1.3782675179580122,0.6538754857474429,-0.5349413735024696,-0.09309588245667082,-0.6127993455021796,135.43573487060803,0.12551875804863433,0.8815381733265528,4,-0.6189716184556974
0.11253924340910718,-0.04851266782171709,-0.7139371125449908,0.6777760339593405,0.6678376703156622,0.416533748514059,-0.3309040714683936,-0.24827608419193326,-0.6871613033287635,-0.48293830727937004,1.4315504013147686,0.39085261469050386,0.1407507799425856,7,1.615582960806748
-0.37272700633247313,-0.19466729356900928,-0.19801382259349934,-0.13281559155347442,-0.00043200586988718047,0.40027948593540286,-1.230469491229071,1.031006806607752,0.24103635784033875,0.9345263473631554,-32.39853651656862,0.22898012991662636,-1.4395789221597397,7,1.615582960806748
0.4962217360386454,0.6041121706815415,-0.32628188628358823,-0.8219553685905466,-0.44326251189365007,0.4509184954152282,-0.954436508743768,1.4586405356156895,0.12796260660045858,2.209608003186486,24.888514069680546,0.5393884169337749,-1.642872599294396,5,-0.6189716184556974
1.229777161894167,-0.12322817259058877,-0.9320825090332906,-0.14274120605740903,-0.8034143654117137,0.017920324746211937,-0.41680433966403574,-0.12412597805146991,0.10123003145822576,-1.1622382268894484,52.7703284236773,1.46772677899597,-1.3546140546574665,1,-0.6189716184556974
-1.193558204281501,-1.7760318622415643,1.0420361874477353,0.04977850498501679,-0.7266784918731353,0.4442868440158837,-0.26506547869212743,-0.26207673067911225,-0.293096138236532,0.5978028705052485,-51.68857889050107,0.6004140483222491,-0.3008976162640092,2,-0.6189716184556974
1.6895545433587305,-1.2580691090393612,-0.012961761592934941,-1.0819158408273206,0.8152473831537677,-0.7279536320127801,-0.7693970830085213,-0.9789659041427149,0.38191620710869134,1.0647858897122346,44.068910502553216,-0.9954671375549546,1.4863550970131156,2,-0.6189716184556974
0.968548761818977,-1.102677905000516,-0.4875582386720464,-0.2136320138832721,-0.7231333967121739,0.7893228681058879,-0.06725553003395383,-1.1731755709291056,1.3366954922449454,0.3900628568688971,77.84011221054455,1.3841299395441746,0.4749563563608248,1,-0.6189716184556974
0.9348128917410621,-0.1376531989547728,1.3987288578816996,0.7305958251894786,0.4825013423040253,-0.6066434339046518,0.07376009927856368,0.3574750434573685,0.16295682577112622,1.0039831949648086,93.08956158266372,1.6584214595467408,1.0371707433834738,4,-0.6189716184556974
1.0038458848284886,-1.372871473022612,-0.18283228500290316,1.6547057799613143,1.8923411182638719,1.4400681725282538,-0.6465260901491241,-1.5977850080409508,-0.1737297010355576,-0.590571537064183,119.21427959274286,3.1494238681610356,-0.10984074412154302,5,-0.6189716184556974
-0.22904642903195485,-1.1011800718107303,-0.5563138474549105,0.7897703151224778,0.16511542532935827,1.1898937886153071,-0.6939166603672102,0.2681990826611615,-0.46690011681805277,1.2194710684132906,-2.0147868765545667,-1.0683071274961473,-0.46787144302949496,3,-0.6189716184556974
1.2596605223555106,-0.8042462927178652,0.3097676885710676,-0.041735910410578655,-0.6255489028797888,0.20959570177494152,-0.9436920485963438,0.8814146643816895,0.045214602363617656,0.6973227883993762,81.50546782419781,0.27959093654966544,-1.3338650303509485,1,-0.6189716184556974
1.3548529276515846,0.1097393570096787,1.719634742632291,0.9330679393322042,-1.6312096326432988,-0.8339430264969656,0.40853897978931825,-0.778491291366776,0.5323330544547085,0.6828729368340185,134.36464174708559,-2.0139482503948853,1.290565853896755,5,-0.6189716184556974
0.602693173145734,0.671650449245505,0.1241637760097834,0.6865587171948205,-1.6309876908522878,1.16773500319903,0.4921543613301357,0.3070919651225795,-1.4372506053725476,-1.23328952897024,142.2471132993421,0.5856622284171287,0.973346373217975,7,1.615582960806748
-0.8340350523611484,0.9109601956390134,0.2792149799838381,0.0008790424314275076,0.018093039606630112,-0.318817806122767,-0.03144187686300698,0.7886304354608061,0.4187873761189539,1.331738730993751,-67.50062708956555,-0.5007932913079741,-1.1296717082515166,5,-0.6189716184556974
0.5809250246415496,0.30902626722123444,-0.2824021182322521,0.5452569103580527,0.3262111959132799,-1.525384556010045,-0.878821019794499,1.908239807080437,-0.08990216239125233,-1.6161237146252703,-41.33054453197788,1.9374278649778323,0.047057539301301236,6,1.615582960806748
0.5313665275026442,0.22878888124076066,-1.2738383292712323,1.6456526231388648,-0.30337634884003173,-0.7376998819237969,0.754665130596305,1.7040467255059475,1.7822522082934222,0.2606856608602074,36.14606231816378,-0.7241460781684826,-0.03803453665315924,2,-0.6189716184556974
-0.2023791108366946,0.5619704085524331,0.8208579402145101,-1.1432359887630812,-0.6795960526006651,-2.455460015160676,0.5624845123750475,1.5104507638286588,-0.7406072490420385,0.39970428282963977,-110.02975203761987,-1.6263461214751562,0.43286149427117987,3,-0.6189716184556974
-0.8459152831465907,-0.5353516752368181,-0.1386415858326523,-1.8838704275222167,0.4118173534771595,0.14448097861554438,1.230599353549174,0.13828287377538215,-0.963259161461942,1.006293806227393,-53.529713400893606,-0.4248971738852409,1.5307855123446215,1,-0.6189716184556974
0.6719494845072629,0.10822185324480606,0.6903159081915997,0.746170530871274,-0.5478319216104712,0.39139022581084004,1.364159245664714,1.4788005283673757,-0.802539064740558,-0.4257506895974434,162.46299650317027,-1.9087790554352326,0.2778980554275021,2,-0.6189716184556974
-0.9410441841111249,0.35292630172344863,0.5016231733708032,0.7765668080444712,0.9575286902195018,0.8161354404268596,-0.8712232530741751,-0.498161493996556,-1.2814846461954368,1.1184229033867192,-36.773831394017535,0.7809355752597649,0.14265013014338457,6,1.615582960806748
1.1615897303209688,0.6797714310479606,0.0043738371693358025,-0.990705679465798,-3.402593810704785,-2.3059460185049003,-0.0209019727667131,0.06354222926562006,0.78328760635653,-1.0870013503143177,-40.06310556183785,-1.997162702156824,-1.532449711728531,6,1.615582960806748
-0.26971063064852246,0.1563386089552212,-0.7583943149652859,1.466020770947744,-0.36885841484397425,2.0131878615240346,-0.09374609930760834,0.944047443675514,-0.6411472285453287,-1.9582133654500686,84.40935088828263,0.06806624135595958,-1.4894192770558954,2,-0.6189716184556974
0.7764395789065524,-1.4461508776194096,-1.9731494270814711,0.25280792946949704,-0.030955428083273295,0.393171526346507,1.090171713496562,0.49641029522018204,-0.8800256530511519,1.0127480244395082,45.32987709547142,-2.00971934008844,-1.06392287304409,4,-0.6189716184556974
0.05633140403008131,0.2246057716116421,-1.4232046897273527,-0.8751372008723072,-1.9177164464235141,0.1333081142364472,0.9078705993330675,0.3747374142343597,-0.2628844574431639,0.7364072614123734,-10.680774972475767,-0.2759728030047017,-1.5934917577559613,5,-0.6189716184556974
-0.8694593581065684,0.4591668514284796,-1.5105666405640903,-0.579013745145649,-0.6676546568705285,2.153685016025029,-0.05248759537790012,0.8276802654733058,0.9502661506673283,-0.5486740705538636,8.750650808038007,1.6611476788351442,0.8372335048827266,1,-0.6189716184556974
-0.06568652412720451,-0.21045322366333216,1.0314453902643346,1.120881688214768,-0.3939220769087378,-1.5262029879380328,0.5576192611001827,-0.0004085897810428403,0.5243645961041709,1.1633330986626322,-20.36864222509251,0.3957642255729238,0.7687700880480481,1,-0.6189716184556974
0.3236272266191394,-1.7645469566745355,-0.9694049558270385,-1.9333182355801775,-0.029168819105220845,-0.8916577365449252,-0.9813340799369138,-1.2472165510558026,-0.1259005393787248,-0.2120639642142912,-134.6844084685786,-0.8118227761724816,-1.2393011083268608,1,-0.6189716184556974
0.6900834400327914,0.030425548786837623,-0.06524426552942111,-0.9391137086976777,1.371470919748257,-0.49524341318890996,0.6758535354768298,-1.4604236602506548,-1.357447910163412,-1.7307792725077682,4.277462626040771,0.009211988802906267,1.1542923193244081,2,-0.6189716184556974
-0.5416957454262067,-0.9661672348400651,-1.7603184814826682,-0.2780893533747138,0.7430277803198283,1.4035185464255353,-0.7737679068320615,0.1247869343567312,-1.6499417176710542,-0.36348805867384315,-66.21348513781393,0.05776672558757472,-1.175258143252349,7,1.615582960806748
-0.49925847485831676,0.5075927147182439,0.7924285745901863,-0.989464586964289,-1.9127427251204903,1.0340364489740592,0.3833309794405177,0.5580805843772303,2.6906876246784126,-0.002504897175735293,68.13868448954378,0.5062323019871153,-0.6747071086319675,4,-0.6189716184556974
0.8263216878558871,0.9984579257968363,-0.23124724557706933,-1.4497482741986514,-0.009874114063873406,-1.9374460047677164,-0.7837666926601874,1.1911123826953707,0.9722186044873049,-0.04597025432456609,-83.59004721634608,-1.3083803563756151,-0.8531905237266321,3,-0.6189716184556974
-0.42511056581953927,1.2110648373559307,0.07543039071125851,-0.18410899231867264,-0.48590580340041367,0.32009551686218357,-0.4704671533806997,0.30266740741183773,-0.3691491461368315,0.42333301584451066,-17.111964804144307,0.6245472808622388,-0.43148652908858304,6,1.615582960806748
1.2450316090813025,0.2649082138284714,-0.007689519242559489,0.5448646257555366,1.1544558482281737,-0.4405747840190018,-0.8971291861790134,0.5317864972115804,0.2517911551202783,-0.6196272406371921,40.994927927199896,-2.6278256933539597,-0.8337453721914572,2,-0.6189716184556974
0.20303606963344234,-0.17515525432146603,-0.7260407282223063,0.7027931410300886,1.0026818107703646,0.07719384920473193,-0.11015675800631455,-0.021479829684405337,0.2715782749336405,1.6233760549211211,12.350931502610653,-0.5813729006959727,-0.03264530126799154,7,1.615582960806748
1.2740177897265963,0.5227013651020803,-0.49192396272390776,-0.6336143961760073,-0.47586005370740087,-0.15118363066566276,-1.8498498448711103,-0.3204287227754443,0.7418245526400551,0.09710938681310584,20.299318680507398,-0.4416772420643566,-0.31146612545225444,3,-0.6189716184556974
0.6604478539624086,-0.23036768790989412,2.0399041540276244,1.6976705684786852,-1.9018025297877956,0.624177643294716,-0.9335606632320036,1.0322833664330473,1.3486505966321627,1.0964920380829473,160.08336826736704,0.6647556273706079,1.6688660673150983,6,1.615582960806748
-1.5407617017048874,2.005226420010706,0.9258302070262873,0.1581480927175468,-0.6338469311828621,-0.6595143453361909,-0.043350348805810505,1.0867521950754777,0.05457309574942161,-0.9299869546332294,-106.05343332693833,0.0623183097421852,-1.5132898998947666,6,1.615582960806748
-0.5142854691651663,1.719209493079575,1.1669533296095227,-1.190830492593477,0.7232922591316265,0.7133413595378936,-1.6046482317229676,1.5935403924944593,1.747266362998469,-0.722053811569226,13.962599524367302,-1.346561629850069,-1.2183573585983354,4,-0.6189716184556974
-0.46993622459191464,0.12073022357182468,0.9229463632253242,-0.5389628737338529,-0.9871941555672131,-0.4427435002505546,0.21812307666894493,-0.42648668473737283,-0.2700615259721559,1.2965539444050933,-44.02391326918855,-0.9316792164048107,-1.5238913160868466,5,-0.6189716184556974
0.5637058480273465,0.20711037223746945,0.6488948327823195,1.1247061302579717,-0.01781642866710714,0.3814362103903231,-0.5102555275138626,-1.2755500130403457,-0.6001946888474824,1.2788391342352656,69.08628348521052,0.23598669213930074,0.43542475251787405,1,-0.6189716184556974
0.4359717703700081,0.9338912661731789,0.6157067574127452,-0.8228233673787739,-0.24827323644942056,0.23667076073907822,-0.030002194047571783,-0.5987320224189082,0.8196735144593007,-0.5001516710151316,74.94781598362383,-0.03800458445778253,-1.5181353086206943,3,-0.6189716184556974
0.100019077603229,0.9926792869028536,0.6940056023357745,0.19883431794614115,-0.2606040328424635,-0.6185505784432702,-1.1070352106105543,0.33593919433212116,0.3769932010729203,-0.010266499092661144,-8.314497702517254,-0.5312989092321737,1.1555261308991782,2,-0.6189716184556974
-0.588330856109548,-0.7976282065711158,0.2830126417849867,0.3580262017344782,-0.7316193627988116,-0.18748003660570695,-1.635123319459323,-0.42337869242791226,-1.4518717681926918,0.5531735889832228,-110.63584736993418,-0.4343378035692697,0.045956750405278,3,-0.6189716184556974
0.19097064162186062,0.04370750449826065,0.3259629809187935,-1.0082052079342578,-1.0737646273259933,-1.7612921132439696,-0.369826797762256,-1.4473268144731106,0.3820514315784158,0.005280688785348053,-122.82891991132662,0.7267469752691245,0.09748228878074143,5,-0.6189716184556974
1.1228904015679224,-0.08233101817905432,-1.0560192561161705,0.8023592693065197,0.13587957374504606,0.02793522151243399,1.1217379943329857,-0.45425650423409336,2.572028416725525,0.4649957687883047,108.71470949723115,-0.47069813267600963,0.2157455109911587,1,-0.6189716184556974
-0.07601010503172595,-1.0666178561100763,0.6118634674334154,-0.874856686291399,-1.6436638918917132,-0.23424100692732597,0.4617442068127298,0.5346830825028506,0.7170753711016639,-0.835086640837345,16.905530459946675,-0.04690645322943498,-1.1204545905806453,3,-0.6189716184556974
0.8619588216987427,-1.0999663202821752,0.9628877679431219,0.483340167475916,1.8961625043606911,-0.7843003465539211,-1.1585164253818852,-0.2927150657486422,1.3119342828864344,0.9287319807523414,15.979339439185553,2.1805852768134364,-1.0285552156473967,5,-0.6189716184556974
0.7201255550693811,-1.001810438376901,0.3124537303864884,0.44178306428831565,0.28676852480993487,-2.1488413526582915,0.6432740231669003,0.21497890361506122,0.4937607521612522,-0.3770894349599121,-45.67510561224841,-1.364436175403468,-0.6143845718437518,2,-0.6189716184556974
-0.793731583983245,-0.08229890260345389,1.47935130048236,1.7984659417963529,-0.21005766012068405,2.0572495683148992,0.6613235719019418,-1.2167664207136188,1.5665084657626758,-0.026284448058260104,148.12753250483675,-1.7868061110153541,0.3248279753883099,4,-0.6189716184556974
0.06198710694781787,0.31470562776860206,-1.2028243434837445,0.8426938697339476,2.491508396744944,0.5446099010968721,-0.2118468102966669,-0.10593997482828962,1.606407359394263,0.21868493657529173,10.70103401680425,0.8129864090458134,-0.9860618526360297,7,1.615582960806748
1.7468926128751707,-0.7187265389143463,0.17533829150299973,-0.07440955320744347,-0.14274264349191929,0.1646743459355848,-1.4296621922663868,-0.14847573849284193,-0.7579471445358981,-0.6186113647564218,97.93738728310876,-0.6294720312146507,-1.3067452830681123,6,1.615582960806748
-0.08085511589839488,0.6760674124163256,-0.2033943700760555,0.7023806360032663,-0.42318359154475493,0.201648844253269,0.6851373033978847,-0.23114142960179201,-0.7673848111436916,-0.25634623834435616,25.231184728075924,-0.27394038805612453,1.6126095379793375,2,-0.6189716184556974
0.3917191103881707,-1.4454134957548337,1.5734804820878183,-0.6095592104816814,-0.9655940375556589,1.7099331503314388,0.20130378009268057,0.6931043726043411,0.6684479053960379,1.457839564870365,190.23079782749534,-0.730599024525609,-1.6293567367949842,1,-0.6189716184556974
-0.8093507152046866,0.19929665838851104,0.1532179707735929,0.019295507826701024,-1.7795022414988915,-0.23398360081136607,-1.550589397380813,0.2920178083245682,1.4656127405086292,-0.08126012671086318,-99.13029987715129,-0.21629327035396853,1.0401506893804608,6,1.615582960806748
-0.5230237310114645,0.6651577993244138,-1.1040243474619607,0.013074083454855483,-0.5252284863133828,1.0782866040143877,1.2227458426187223,-1.1274137407375406,-0.3360129742002934,-1.0174065461448365,20.89489937908783,1.6169140227595038,0.9900159141647119,7,1.615582960806748
0.7427556215696585,0.3555585459106811,0.007593402152314966,1.619974259863466,1.1702331342550052,0.8060001859713964,0.231202144942014,-0.1790849430963946,-2.105038347183273,-1.4756206084838996,138.88139864971455,0.8312744962565692,-0.6882526073089311,2,-0.6189716184556974
-0.7352657096852412,-1.508005033513351,-1.410153297020872,-0.11264767373402092,1.3784190813628228,0.0679928063704307,-0.29738611912634266,0.8170917229630968,-1.3779954507356007,0.34701384751171765,-125.76203677977476,0.8905568630499856,-1.2407701062411924,2,-0.6189716184556974
0.4721236542715882,-0.7941701886644368,-0.8090708563698833,-0.5277264755348141,0.37769795114061505,2.675809699826839,1.0715155675177161,-0.700754710004593,0.8429361641048592,-1.6050575923519388,201.50089973963148,-1.3570814187493085,-1.2065700780242121,2,-0.6189716184556974
2.2438252140550503,0.8470762595330176,0.011046819626004756,0.28128903737768607,-1.4142600343968184,0.0399451779706101,-0.9249599225474086,-0.6936368736156202,0.1493484988039453,-1.4033414036645102,132.79190448072998,-1.0955927789436717,0.6802144892303327,2,-0.6189716184556974
1.3000698953263314,-0.6293508803909829,2.474429253342989,0.01448887667623881,-0.5680909210033248,-1.3166081916043448,0.17687839121442134,2.9172485741127363,0.047620007290282755,0.38813955948989126,137.44218794482165,-2.7606913013355783,0.49343467500009375,6,1.615582960806748
0.02767022238693703,-1.0414148097652507,-1.1938654987100563,-0.07993060310110076,0.7021403686579151,0.2739997615755548,-0.7647053168500222,0.5254605107489728,0.9523265935915176,-1.3604848878513136,-40.004424807051926,-0.7584417784393668,0.971929566423794,1,-0.6189716184556974
-0.7990588807541945,-1.7585511460033685,0.26793693585819756,-2.664459948217505,0.575434611556976,0.06799479592022589,-1.5297614397720327,-0.13675303639163805,-0.3280898324020756,0.42004533332621474,-130.68180461528453,0.9837588557846524,1.501017964824777,7,1.615582960806748
-1.9419034405173268,0.7956837481807215,0.9820034969771196,-0.3132199066455578,0.9433686864593526,-0.07256687853831713,0.28483726381081415,-0.25300602497781216,0.5043988980541894,-1.1133339353499538,-106.48608193869994,0.5499491687886453,0.6613937470440955,5,-0.6189716184556974
1.1261344833751115,0.02406386026486424,-1.325133316389532,0.728785757704161,-1.6223992419482522,0.47351451970723085,-0.5806046539532782,-1.5274558497814135,0.832465723365154,-1.6664013763388177,63.447250738540625,-0.17852415941114064,-1.171614864253569,3,-0.6189716184556974
-1.093940101869966,-1.3932782015126306,-1.8225630322522464,-0.7257887845747178,0.03171801302338265,-0.12718740683807184,0.8652663891887451,1.7775477052539088,-0.30551451002230035,-0.7540510589676538,-113.0607768950127,0.01799479285815655,-0.8721139423618239,4,-0.6189716184556974
-0.6824366567360899,-0.31770223910216083,1.2265715566618771,1.1784277718934393,-0.44945104188808555,-0.5733667842863002,-0.634944051325335,-1.78127982349757,-0.5504742481687553,-0.6390809059283117,-78.3554360766605,-0.6395759998304428,1.1752008095616429,7,1.615582960806748
2.125998940596318,-0.5772364132028709,-1.8435968359121566,0.8476053794785493,-0.10120804640581872,0.011450273700057374,0.16200763316917155,0.7546578591907358,-1.460548554085689,0.5232306463097808,112.59658941501904,0.24198335826473893,-0.988837305678218,3,-0.6189716184556974
1.44850073961609,-0.7521646292009584,-0.12464544374215239,0.11468163284468529,-1.5803786311432566,1.498522845768242,1.1394997430208365,0.2578479143314747,-0.7224689242440238,-0.8040239963534683,244.6681079232557,0.7955145410013126,-1.4565431700678655,3,-0.6189716184556974
0.07078857821404655,0.41625693708788775,1.9631681711665199,-0.019114949536831616,-0.9233338173974391,-0.15883308045622893,0.8505541944181714,1.4267496676985192,-0.6052763580386386,0.20894960835739157,97.64373137879004,-1.5540410818132402,0.7002120986953795,4,-0.6189716184556974
-0.29886575091679324,-0.19422746432467608,1.5125070001745566,1.1693012195698271,0.1400401404614871,0.1334262340254817,-0.5925149451312726,1.5604627598345373,-0.29699225934118534,-0.3701243479973215,24.767266554876088,0.33558894911518156,-0.3281575681550701,7,1.615582960806748
0.8746616511929922,0.30528605238695966,-0.3187261873802821,0.158252964349743,-0.2871613412503074,-0.1501344477334891,3.066280601331472,0.3695776131602487,-0.3359090215911301,0.4422870168267889,148.33898572634152,0.9598187292920126,1.441381396099995,6,1.615582960806748
-1.1201840046595815,-0.6645474847171825,0.3352363072953467,-0.5105875960428232,0.4492819105089348,-1.0876647079547497,0.6617371637914613,0.07857016887455849,-1.0193611306641666,0.6989548164479459,-142.03954168197308,-0.36949324019557583,0.5189033257289734,1,-0.6189716184556974
0.17259180709163596,1.4993638609113917,0.013655313484820747,0.4595653191317577,-0.895843606382851,2.1139008512071555,0.8489348185942502,1.0197694348213617,-0.7121002140892807,2.2435241623579842,191.36377845254088,0.7312182940891054,-1.3953489662011527,4,-0.6189716184556974
-1.8234203351774405,1.302467210769991,0.49251988673879543,-0.11618822524373466,-1.2035733236903707,-0.2455650341763695,0.7766840363123203,0.45693848458374353,-0.8338241750066083,0.6782501772477296,-95.47788199114554,2.8165843875872185,1.5364946402618147,1,-0.6189716184556974
0.9899950188086866,-0.34652451561476566,1.359690452455059,0.9736163663571,0.5927051364927446,0.32366536398317153,0.07489799822902389,0.913077729024535,1.4756572337506237,2.7019898733541887,178.82059629233956,-0.06293822679269805,-0.8204323023817808,6,1.615582960806748
-2.0711700651518496,0.45871453850459565,-0.5275830600947365,-0.3665056112231094,-1.07727980183965,-0.6001479952697363,0.07884422731825161,0.12232176538043743,-0.1315762579423574,0.48793055826611653,-229.56775795251903,0.42798172289040215,-0.5514858198120092,3,-0.6189716184556974
0.07955614589032459,-0.14260418239974004,0.7309696793187402,0.06127897608083599,-0.8003393330408471,0.057829657649981686,-1.1066595331523432,-0.8425124327605141,0.7404584998859655,0.2596905780279125,-5.442990200138988,-0.6880825769261579,-0.32906690522514226,1,-0.6189716184556974
0.12499543171773712,0.9197003269448891,-0.22534428886921332,-0.890418426750529,0.5460911817154548,-0.9187433549332251,1.1379363285751658,0.7774945850329281,1.3359263428043933,0.10412243269487947,-1.1590976787603409,0.21879354160196057,-1.5293676719881826,6,1.615582960806748
1.201356024265449,0.25076329783226337,-0.4587792619057636,-0.775250795294962,-1.9552822421039844,-1.1179784082774549,-0.8979509089540862,-1.9365366364961387,1.5132089872065506,0.38367789105648953,-43.826706205052524,0.49404071244134184,-0.006779956784721594,6,1.615582960806748
0.843220815810839,-0.6466493672278614,0.8103160616939307,-0.8846767642095865,0.16456746440701478,-1.343187972839698,-0.4594210784989304,-0.26518144459273024,-0.762182251531325,0.2896173698331286,-18.855765675633055,0.23220092100920395,-1.282855381989525,5,-0.6189716184556974
2.079488725786055,0.5590984359167279,-1.3332227194615103,-0.7617840311894188,1.1906043233800176,0.9181716096571082,-0.3393421126327464,0.051515692604211245,0.2030919404765615,-0.07177955280407677,145.97510023613032,-0.9659121203616248,-0.3334781106062863,4,-0.6189716184556974
0.43004700973254845,0.4912262748147903,-0.7451711161519935,0.1476644116858286,-0.2911869836562771,-1.0209242312865063,1.4212322406925064,0.24205328191401326,0.2273154762160528,0.9987204401844267,9.765583011942265,0.24356457075949756,-0.5053343959442022,5,-0.6189716184556974
0.01786374045088288,2.070268140851259,0.37417637943611676,1.0434748449020554,1.6144058330698305,0.23286037150669764,0.14317901418230886,1.0853282599613918,1.0365025680565272,-0.33285312048735266,75.56248458234391,1.48241565239469,0.9380592958815441,3,-0.6189716184556974
-0.1487469441881215,-1.446078914216904,-0.010209255442742595,0.5611946906291424,1.4969793769088144,-0.5573924335410885,-0.4903892286100204,-2.2922701878422576,-1.1494977523432077,-0.4360962647329471,-111.58528667855221,0.4825622077943511,1.0417683857448758,4,-0.6189716184556974
-0.3540092404614065,-0.47503318118614746,2.5038017535708486,-0.5535601110148054,1.1331352836920385,0.66025524818819,0.5691362646845586,1.1061350858879702,1.8098887321051897,0.6222503516729821,122.80095783786385,0.9889714010498719,-1.1799533750701547,3,-0.6189716184556974
-0.04059020501624283,-0.6760505087718818,-0.4841960197467632,-0.8442861177621238,-0.5929611550019358,-0.08841975244581711,0.1878360817684132,-1.3302078863648665,-1.597112593267724,0.17239154504935242,-61.77002532919519,-0.1938132720220225,-0.45116776494805,5,-0.6189716184556974
-0.34237369775657545,-0.5985670487736546,-1.5739100100222847,1.3040190982608957,-0.12313084673297826,-1.5577468900543714,1.3949315171030536,0.5570765267702662,-1.1096978962959443,1.4968061596397118,-123.63756292288896,0.7797525775822003,-0.42790971887004464,7,1.615582960806748
-0.23753646101535772,0.3208658605801457,-0.4597399650404164,-0.15961296249579585,-1.609317940426154,-1.5640259591349766,0.2035755627204437,-1.8692980902113148,-0.586229970126601,1.5219956738632718,-146.13322128677737,0.31548470334621487,-1.1868003298198946,6,1.615582960806748
-1.051234018795416,0.7211526131831572,2.2925692189858435,-1.8695097071113098,0.678964273484778,-0.4797301686131357,0.06497325781682017,-1.5969247839984588,1.0788198849376573,-0.7017773448995864,-73.09084660083452,-0.8980577284676101,1.0256394852188195,3,-0.6189716184556974
1.5361807511818322,-0.1344098493003107,1.582485497159266,0.8473818327426615,0.807650324498817,-0.032544854539946225,1.135044183722372,-1.800988922069698,0.12627236662531455,-0.6710413572630116,183.73296550146748,0.35420703559421396,0.7137124664017502,4,-0.6189716184556974
-1.300510309187172,0.10721047472526672,0.5736469312875907,-0.2332953676672064,0.41955253343068655,1.7137132195902909,-0.7151177508206089,-0.6970052410169246,1.031652950575669,-0.3675855126592184,7.709876825435877,-0.9382920997384809,-1.0535452890560288,4,-0.6189716184556974
0.7049955833222314,-0.9681610089613442,-0.4322552129152313,-1.3755371142394326,-0.5320489904066961,-1.3051485802928557,-0.6086419274949444,0.7594793398550147,-1.5133740504767423,-0.1762231456833207,-93.7606261534561,-0.5843281110109645,-0.45058401645418356,3,-0.6189716184556974
0.4103529082328769,0.10714976832031052,1.9394885084078717,0.41290507004078764,-0.4472445301060401,-2.369169755218513,0.1327770879660433,0.08124630772336823,0.7471286380157607,-0.6978826787715465,-19.701217985364647,0.22676145623268837,-1.3427393252544184,4,-0.6189716184556974
0.04564134047508859,-0.1643045252454075,0.2790396148132277,-0.38882424860957493,0.3411654713366362,-0.23257979032414597,-0.6099784527055591,-2.4872424909916924,0.9634501945908152,-0.7429867315194598,-26.297266347742422,0.33321803687433005,0.44351279197416604,6,1.615582960806748
-0.0973555344893064,0.410888376201087,0.6051156826165944,1.5824792656465811,0.2174248985566268,-1.514152586653457,0.3794111378149761,0.3608942547479915,-2.5098552170395823,-0.4984819146877202,-43.18091289180302,-1.133156555471214,-1.2895112933886985,7,1.615582960806748
0.08528048169011108,0.7681901007510197,0.2519902875614911,1.2220729174286875,2.5122183983491957,-1.6484984143714194,-0.11644355218308522,0.3375664951996084,-0.8980121760575439,-1.1224178896878894,-66.56105485805422,1.079725854079152,1.6666937048955595,6,1.615582960806748
1.4484174134067873,-0.15244395658965754,-0.04359788028314342,-0.5267580408638064,1.0508074632339668,1.2490729335760742,0.1013006658005974,0.7709796389118441,0.5786166826973688,-0.29374159843364633,187.18617946709236,0.604264338867106,0.964873482971219,4,-0.6189716184556974
-0.22809929590332845,-0.8818009684473509,0.8541562680525943,-0.47938339924838996,-0.4557268888674917,0.8520820238083312,-0.583373677824525,1.0157301538505048,1.4490254997227863,-1.6387446982423515,51.338369466669164,-0.6552046438686834,-0.3701733668862631,3,-0.6189716184556974
-1.2132123060354323,0.9076930791549457,0.7425405304266698,-0.9388698372318268,1.5431015858846755,0.3950182930626195,-0.7481220718087658,1.4230263117513444,1.8389175147459493,-1.7799072459712382,-54.944543264290054,-1.4767979961293811,0.2737692080322465,5,-0.6189716184556974
0.47156008246218195,0.46915595929806686,1.2105187181149086,-1.222458698774175,1.4675133798412365,1.0391408529172246,1.2333890635372382,-1.3500169979045138,-0.22073557630135654,-1.2167213653377458,172.0526828335172,-0.10295148163240528,1.4116394430021209,4,-0.6189716184556974
1.167954885858272,-0.0921956671041739,1.2497129313685742,-0.9870184241002694,1.0860011251539077,-0.9891377208529143,0.5221111828135934,-0.5211010169461611,0.7434325185582299,-1.781078083832637,72.31801448678038,-0.39991955864437906,0.19011701679338427,4,-0.6189716184556974
1.9765052378230221,0.0318712822351733,1.5797465012144913,0.6915109410420066,0.3810735408762551,0.06223205194537772,-2.0394206730766133,-0.19799074629464872,-0.4655177731074996,0.1808973252117121,122.62448657009057,0.1516039210045479,-1.1078551908272691,4,-0.6189716184556974
-0.917442483277561,-2.080531991932673,0.37144676402109433,-0.06300813324384884,-1.1614154491499973,-1.30228308198511,0.35828260876011564,-0.046845069826137974,0.6743086379144905,-0.49755348674794303,-152.4173600824976,-0.31821260521273526,-0.40961575336682793,4,-0.6189716184556974
0.07050114633479208,0.2392126351302919,2.143700605888663,1.1415196241744103,0.10685274218952046,1.0791789941134378,-0.7892857905589101,1.0886619346636743,-0.5158638065799095,0.8969809248693102,139.13247622096478,-1.940315815756652,1.1784530306332157,3,-0.6189716184556974
1.1673299446913261,-0.5511448437002038,-0.5598855906041124,2.488245302541824,0.5868074437287742,1.5101570103719626,2.0026809215638246,0.23158336103791538,1.9636608003059448,1.0616546472078219,277.59120986080205,-0.34310168447443334,0.49824367557554167,5,-0.6189716184556974
0.9272067533735272,-0.2657156452931187,-0.7968762357409486,0.6514015453967511,-0.7647508646451558,0.996248020472,-0.32680365134170697,1.2549924968794732,0.2319923726461014,0.6792783112906658,105.42644277435438,-0.26149261465468043,0.5205080524629537,5,-0.6189716184556974
1.273333824681007,0.22070595630677492,0.5660551168212924,0.28999802931450175,1.166131275271659,0.3209661301371179,0.16604969383753557,-0.3154811033008522,-0.2567758115253681,-0.9970457626108014,152.26367290758628,0.6650853065871954,1.259410700035769,1,-0.6189716184556974
-0.7032377557569677,1.6632475930173303,-0.49142598546661714,0.11373346969994252,-1.0851737629588483,-0.278768365353931,-2.0850840372407458,0.9562527097787685,-0.8315831183305444,-0.19062816343029199,-151.72919202027504,-0.648764173592916,1.3522502991965837,4,-0.6189716184556974
-1.738433070196204,-0.39725959188433385,0.5813758818274501,-0.5797081115434392,0.27836526254515004,-0.04452035367635885,0.5586577362890026,-0.8989825313063822,-0.790325643272526,-0.34118222546944166,-116.60570133227675,1.6959668692206986,1.440535183020691,4,-0.6189716184556974
-1.5247213395068233,1.3294052963990477,0.3831226047588492,0.22870487896816585,0.564212935692551,-2.371761377705927,1.067210132927563,-2.424744698104052,-0.4501918639610344,-3.0258224837686267,-215.79700675852703,-1.845795263219201,-1.3802006929790882,1,-0.6189716184556974
-0.10660804792577669,-0.06038678577853568,0.14658373327843235,0.0021181701786280433,-1.6059302066352208,0.7250225394053739,0.43935004369393305,1.0522445755869094,0.315606795538056,1.8234796835867668,59.50683520149594,1.3334296220386543,0.1560153014407754,5,-0.6189716184556974
-0.5878154935096932,1.2063660553973896,1.4234683953921121,-1.4447071187888196,-0.4481512910923637,-0.9831955398145165,0.19573659226813822,0.054235034538456475,0.47405006113122206,0.09419112157605918,-58.77787666983356,-0.1812919247651219,0.8275111308974379,2,-0.6189716184556974
0.2004936468811985,0.28461514907065427,0.5725556977301365,-0.43691751342652857,-1.1155494629346798,-0.005672560236506247,-0.15682939007507302,-0.2010244359599227,-0.2859214823174945,-0.9836794858128617,22.02197609490431,0.8879539067542516,0.8836470254844021,6,1.615582960806748
-1.3726232338458975,1.5419527448823616,0.3969409785999762,-0.6186732188989019,0.8600815757557253,0.5974862586249621,1.0035199380936672,-0.11908950194839657,1.432556508557456,0.47447470492578714,-9.41029755242118,0.11871580263112531,0.3700305020486904,2,-0.6189716184556974
-1.2787804881721538,-0.017057628413228564,-1.022430341054152,-0.27115966380998335,1.366229209807063,0.3163977079409978,1.0521395595194611,-0.09301057532644634,1.4091763120282808,0.6541001693726765,-66.55105194206544,1.1641384289899366,-1.1342219954366217,5,-0.6189716184556974
-0.25768608278686206,-0.25172114054781114,-0.29722835735314557,0.21047596661077628,0.2445739391202694,1.5616005563433184,1.3911135043341725,-1.5264558593858915,0.12811326452600294,-0.8687645101743451,105.65020270253224,-0.34213003087142874,1.0221075067477652,7,1.615582960806748
-0.017268117359994017,-0.8601111377886292,1.9715299332524825,1.7750243722430914,-0.5015491584210225,0.7268380864802572,-1.4483666839937117,0.6106461524765661,-0.5482142154307063,-0.15181389670246587,83.29381451083317,-1.0437698939571827,0.7577634350457906,4,-0.6189716184556974
-1.2987312650528087,0.9259029937779352,0.6575023031251586,1.4738389134304275,-0.858027015382365,0.045907139292243895,1.2148792499073475,0.8178961577532643,0.4028574975980831,-0.3308508872862709,-20.61371282566975,1.44128781176825,-1.4099945695569376,2,-0.6189716184556974
1.5994252820155406,0.01576683324542716,-0.46046692626777,-0.8080752649570074,1.0139735163832622,-0.38085638410529354,0.31261179374228687,-0.17553331146351048,-0.674583819802769,0.16524596292959395,96.04041782901794,-0.07195250529939771,-0.11861048330845901,3,-0.6189716184556974
1.3382906424610717,0.4561984129972882,-0.6151096369128974,-0.10685317941429893,1.1253235396251464,-1.76817007406423,0.2476512066657358,0.46929930887142823,1.0546911037302134,0.4737674857054083,9.276110181225777,0.2585557627249152,-1.1096369475930477,3,-0.6189716184556974
0.6842216716786552,-0.7909446195517951,0.6787240973900116,0.5428443820089386,0.3614848465033755,-0.40179706627283607,1.3545392764607702,-1.8973438591764815,0.9945764445533972,0.45870441375978327,78.66653801193075,1.2580474330122526,-0.5505812236128269,1,-0.6189716184556974
1.4511650189825842,1.3482221613265484,-1.1421897112870554,-0.8400547009334013,-0.5341583993612515,-0.5574420487857441,-0.7875209401185534,0.18387894504679864,0.519959867224115,1.3949410538045564,18.17412822269362,-0.9780062475182986,-1.6426945106079043,5,-0.6189716184556974
0.4233750318506495,0.9933137751979121,1.0138189391457415,1.9213251002842326,-0.20115751364404574,-0.9247476985183949,-1.1509027479783978,2.2533780933172385,-0.7623066800106697,0.20145644851152847,19.54019104832325,0.6274313674645674,-0.3356680350153004,5,-0.6189716184556974
0.9620718357709283,-0.2819638352887591,0.027315791378545663,-1.457241624908758,1.8210155101866383,2.5759033756405003,1.423154499343582,-0.007253200587154649,-1.0445823206527443,0.3079425308791342,253.54461225787568,-0.5419239008259498,0.17567946810995844,2,-0.6189716184556974
-0.24155137712537608,1.8620627255220514,-2.0110900171950066,-1.3345082876659506,-0.17254912103040906,0.051541400728433655,-0.15269563731358943,1.7137848345736026,1.6325853647246225,0.0807157856084505,-66.55618214250637,-0.09038848108701604,0.4140246611994,4,-0.6189716184556974
-1.6271033210472332,0.09304137394939063,-0.06323093840057083,0.6126671601154788,-1.3238220970144439,1.1494264933729093,0.5230139268401154,-0.09108496922775292,-1.2380210606747184,-0.8265381404118095,-43.782307808461425,0.11129501361420605,0.5641588102520978,5,-0.6189716184556974
1.2377589875979391,-0.21709271846940464,1.0877834972875864,-0.28317334940371963,0.7237411971903785,-0.5418015084242064,-1.450031653811115,-0.3701338238949621,0.3128043638110137,-0.6512057778394799,41.224015194577206,-1.4399403331970944,1.1550186225240702,2,-0.6189716184556974
0.279351403877306,-0.6193057206195343,0.6951962898681664,-0.1692166353310359,1.4328960442912462,0.36762672830073184,1.3793580615296999,0.6536947266855445,-0.7531444195915523,0.763340354570782,98.19942140383073,-0.7283110543995238,-0.9677851998226529,2,-0.6189716184556974
-0.33227403292295604,0.5886451656936342,-0.6430274559253143,-0.07147452395960388,0.9394125780746199,-1.8378851179614892,1.0013726718450564,-0.5577386906027019,-0.3853358081120173,-0.8347222513633069,-123.8175428625808,1.372795362006515,-1.2925548270672076,6,1.615582960806748
-1.8328423731667205,2.3443434097148947,-0.4184114700751731,0.6706100389599122,0.4225272453252379,-1.5300885670436404,0.6940824379074138,-0.5845537269610322,-1.7855751686393577,-0.3540471753902186,-225.4149666551822,0.9142004164524495,1.2071489165348217,6,1.615582960806748
-1.839149430692655,0.07310208740049084,-0.7387772913878696,1.83070338780787,1.3257038001916974,-0.6143902126709626,0.3044478657912192,0.8260281179939727,0.378548526020275,2.066581584103346,-149.864734403026,-0.021798978340081702,-1.1690118187784984,5,-0.6189716184556974
-0.12993756706613266,1.0211804868669068,-2.15660140416608,-0.396390758245341,-0.31914142225425757,1.7036828907251664,0.33127214036919755,-0.34983114462225073,0.4420815550594397,-0.04580775173105826,32.1960071371832,0.2798291167619916,1.6284860536587438,2,-0.6189716184556974
-0.35274604374312785,0.4527303320932086,0.9314283098435873,0.02334777904938685,-0.9829197652249065,-0.37625825138252095,-1.1267539817516596,-0.4304680312631616,0.3056577041653715,-0.8480838105005797,-42.69997241332295,-0.2502698590468619,1.1763787562855816,1,-0.6189716184556974
0.1823326798271477,-0.3271245775639984,-0.013507067560906331,-0.5557477492543891,-0.023732256714796337,-0.9816314495678432,-0.6456241039519774,-0.337220387721825,-1.860180243825205,-1.343407074997068,-88.2782416229159,1.3782313350868598,0.008132275410808626,1,-0.6189716184556974
-0.36986797576284564,0.864462205423419,-0.526444937793763,1.2741857937761278,1.3279273436049812,-1.2701229645438585,1.0335995707622032,0.2045443959318265,0.2321729489033387,1.3932312753534897,-60.228642938874195,-0.1576496376177761,1.6512632421592182,6,1.615582960806748
-0.15113685038820104,-1.140001455033833,1.013672779853886,0.8281553681212017,-0.12893867491803937,-0.07737102397073595,0.07362451006891955,0.8782386720516541,0.09852918408196731,1.2316191433200814,23.685146579527423,0.2687003122568667,-1.3715582682391234,5,-0.6189716184556974
0.11115174995782706,-0.001844387475908043,0.5095360567545698,-0.5957360255332318,-1.1228670504267184,1.6933663056126644,0.039479739808145904,2.223332439602425,0.4491782106999042,0.645429826643323,143.4076108680502,1.1705254787108927,-0.6682440200687594,4,-0.6189716184556974
-0.19004784421484291,0.10165099895483748,-0.018668155313164847,1.4264874259076976,-1.5039031634287943,1.4913988348994451,-1.0037281902502009,-0.8324313640100233,0.5481515346384659,-0.8643099905319525,54.039726215097836,-0.7268653156793285,0.4777668016668297,7,1.615582960806748
-0.03886281359065845,-0.20665379031129313,0.79925319444767,0.09583599364513855,-0.2831116786527457,0.6162229365153247,-1.3486241699511068,1.4569931563345266,1.587596299221288,-1.615658855542953,40.15984013327159,1.5777026338444606,-0.5077378946042671,1,-0.6189716184556974
0.2118427086049805,-1.380418815685363,-0.18681382455952839,-0.8168969353510402,1.217479857087054,-0.0461879141623668,-0.499578097665779,-0.6998113232997963,1.7595759525852355,0.006773137336126247,-33.75543807191889,-1.4697709414795546,1.469872781938773,1,-0.6189716184556974
-0.5773690711106032,-0.0176549544852175,-0.4890247129562602,2.469715549312166,0.8242200353294289,-0.14602920865116942,1.6261075861688867,-1.3848246427169417,0.5292888253004602,-1.5808990840622863,16.763955064529096,1.6475974112213392,-1.4801235034892797,6,1.615582960806748
-0.7183670199987088,-2.5418373229188815,0.329342798026542,-1.3092752070283606,0.6644429320316356,-0.22481905814280848,-1.6473409833912294,0.1952195253097887,-0.9143164286608868,-0.17375919675990628,-145.88465984888327,-0.3276422593446885,0.17408918503036072,6,1.615582960806748
-0.6166065867002278,0.04126538501255957,-0.8699922996190304,-0.061539690307439325,0.6299905466552228,-1.363923707824064,-2.621193874400719,0.5246699334741585,0.5999189791334432,-0.4716063077589138,-237.43835120008885,-0.19942314554446022,0.315834686612837,5,-0.6189716184556974
0.1740329572957972,-0.12494751080112779,1.3975275152081206,1.7828222741826623,0.5521989395989633,-0.989611821464747,-0.19052188677325818,0.39726021569914716,-0.11378700042938177,0.36078779029386665,6.270813637146045,-1.8244573989558284,0.5273594557002502,6,1.615582960806748
-0.8148704827069471,0.7069424644736557,-2.4026118570346022,1.3403377951946756,-0.41159859854026426,-1.4745002135883551,-0.7127977482695952,-1.4827344635809483,1.6415910658835273,-2.273981782632854,-234.0608765478966,-0.40865086693708325,-0.830317660976358,3,-0.6189716184556974
-0.8900150623552664,-0.20796228533289146,1.0363148344338584,0.06512975766935757,-0.3026899693450168,2.2478826895131427,0.7613322464158461,0.4507770974063416,-1.672914542662194,0.0032292735974924092,109.51713921854225,-0.9857513607177532,-0.45795427113293197,7,1.615582960806748
-1.7235023025417697,-1.1491361332029966,0.4294124267384634,-0.7700570811900902,-0.3134100134354061,0.367882871098112,0.9030428858372525,0.15480320098713116,-1.1069823089950783,-0.5626889390555129,-91.48710033441303,-0.5594354287757616,1.1802846332539951,2,-0.6189716184556974
-1.179737723048019,-0.36520216141132755,-0.8903969614197474,0.09965632755243284,0.8875947905343959,0.31997637573157545,-0.14973685687406452,-1.2996228040917595,-0.2258125318251927,1.6368421382936693,-106.82420226435333,-0.09546055943482606,-1.0379498824005071,1,-0.6189716184556974
-0.2965940171259604,-1.0837677464907642,1.664322331390679,0.3559454055595309,0.09390230908088992,-1.1185671380396047,-1.30841413516029,-0.08222182296244883,0.6484360687352364,-0.994810519001205,-87.63382779362209,0.9848325646772593,1.1227968857183834,3,-0.6189716184556974
-0.06951166053577944,0.9206419874456895,-1.2550083936609413,0.5644526469238776,-0.3017856422334598,-0.477863114192823,-0.4210970478317829,-0.4161246890173576,0.2847357892590315,2.152196661511722,-76.72012507456304,0.24478936051200195,0.21937310728112286,4,-0.6189716184556974
-0.960874053716392,1.9689506420041831,-0.3309089474226678,-0.06279769078264603,-0.8060778754330955,1.9464551025364314,0.40727490874598654,-1.3040507960635588,0.7587310455598377,0.6024667742872282,41.86295491598206,0.34350933616257223,0.9016348654905167,3,-0.6189716184556974
0.17561215764934668,0.06930048870361004,-0.7375183902703872,0.18233316613012737,0.8618956317676281,2.104773279852397,-1.9621859856676074,-0.619102683734679,0.6398143359611504,-0.6475196393267224,46.16954490184202,-1.0407107940265168,0.735524364777313,5,-0.6189716184556974
-0.08288046796515536,-0.975490628056591,0.018551593443481493,0.4779261882365794,-1.7585390243075276,0.09246396744389558,0.6103760876156792,-1.3854120566417822,-0.2793950355089684,0.2313360076854701,0.7946801924639697,-0.8288498412247768,-0.9949735297968176,4,-0.6189716184556974
0.29288678623477155,-0.5766996598259003,-0.217835916115968,-0.516271649498645,0.6260765537141186,0.3392755204818727,0.8754011546811419,0.9081943906612885,-0.6402839211910524,0.8475320852701284,57.74592665418881,1.814393731293126,0.2404268615497682,4,-0.6189716184556974
0.5794429605365371,-0.706124959671912,0.12519268292495545,-0.00581672976635467,2.1334570047851162,0.5110689995843203,-0.11685831468014864,0.8674912970229326,0.8561374463080772,-0.42839303184423794,77.1013788131681,-0.6852651513786296,1.262493778038717,6,1.615582960806748
-0.9834217851187254,2.2032827901511434,-0.1430853317457493,-1.3314962855234427,-1.9381451488535408,0.14339383407486786,-0.5877524630010629,-0.4341060408565127,1.1435142700154988,0.280671248875456,-105.2605879310045,1.6738042691978858,-0.22698063655542472,3,-0.6189716184556974
0.614196501722661,-0.8618820859908948,0.3638283978569679,-0.9190638074631553,0.5980906318566664,-1.1886053737092475,-0.8711741144812323,1.1888217357519517,1.6130403666489812,-0.30974195988431447,-26.97164690720268,-0.19978069504734014,1.6005526590305375,5,-0.6189716184556974
1.4178763640702907,0.9176751555940897,0.318493665492476,1.3979875475686758,-0.07824877624832238,1.3465297299530572,0.669200445079226,-1.0522794535679507,0.3303254362529794,-1.1035367413478618,238.06662947078087,0.04225049760158457,-0.15825642317024705,1,-0.6189716184556974
0.5514811363100084,1.0356945327362177,0.6446663622287016,0.19782832218043417,1.2204220022026844,-0.3049757833235908,0.30610908766827905,0.6293907201606704,-0.4183329949744476,1.440608048613383,56.67499540253317,1.0958837389053013,-1.2162912063070273,7,1.615582960806748
3.0156009183956147,-0.09386806326017161,-2.0997923463094423,0.6419561101770507,-0.9379338303763598,-0.6629468449296433,0.6928197708120006,0.620447724996342,-0.019018820579802122,0.8426393845903818,171.6169710319082,1.2946856767959334,-0.37292204469267803,6,1.615582960806748
0.3769025161241969,-0.06566757235188633,1.1826816986374398,-0.06259667240542156,-0.7088784525580569,0.5010523942731963,-1.380915014885605,1.9563755390555617,-0.28803956868459785,0.8642215013744946,74.88174168801436,-0.0693205011534193,1.5496447505713136,3,-0.6189716184556974
1.4402536100852865,0.8503861124165965,0.12823197856960797,0.03321614258122019,1.1818118752353957,-1.736218769645045,0.27545875546528925,-0.814698057753651,0.1795214556562406,-1.2645154326757755,19.539029253866183,-0.34299920456511196,-0.6112951361487698,1,-0.6189716184556974
1.1439327180750678,0.43970846224585325,-0.6161010808046743,0.5526509983040591,0.07799910236100684,0.06684540346934173,2.3198088829190295,0.40700193057274814,-0.008336820951749561,0.7562511399704158,178.6071937184489,-0.015170714669701815,1.2637760428595373,3,-0.6189716184556974
-1.7141157620926994,1.7799901771658895,0.7081030399950976,-0.39794243026007314,1.2960043648298072,0.2085318185719031,-1.3734906665046167,-0.3627587583439428,0.9279670467231967,-1.5233419356557016,-133.72841106079773,0.3733807121063789,1.3087485720156953,6,1.615582960806748
-0.28703093487577386,0.016757880089269095,0.3759377800048545,2.4240430887285482,0.30015847184284,0.06738973251485227,0.8942973726732073,0.8968899256881405,-0.06718511816365151,0.2945151960953721,54.63336832074708,0.9192437766305948,-0.5071235958058377,1,-0.6189716184556974
0.48836082891353133,-0.697815935846538,1.8811296343594852,-0.09054631903035745,0.9069892777921599,-1.7949726479240533,0.26177519906414337,-1.4962024136529692,-1.500121642025143,-1.5796446932567343,-37.64272939599717,0.044166159148660414,-1.4198357274005837,6,1.615582960806748
1.520605979257348,0.9285012573166315,-0.09884447895797975,-0.47776050540730997,1.2622609033444958,-0.21125845416736286,1.4958856975671624,-0.5739930293446891,1.3781693967584,-0.2626059911407637,150.49423749144998,0.6505103836463486,0.7729676487779196,3,-0.6189716184556974
-0.4516049835509743,0.27472738618368253,-0.7892506536780106,0.8092982900354839,-1.4174409480892687,0.8549642182613593,1.4060654354114084,0.03399168450681575,0.49190343750107257,-0.41215612036337007,32.31544883251063,1.6561971212025184,-0.6393627017500477,4,-0.6189716184556974
-0.5661781694579161,-0.8369459001117374,-1.1993977463165746,0.2506168916365153,-0.03892740743986462,-0.046976593674125044,0.4107718094738528,0.6068323565481519,-1.5103676245992101,0.9167614685144504,-85.7415110633446,0.4161465307068825,0.9725379981929175,7,1.615582960806748
1.04468267778215,2.10846394126889,-0.8306282368062703,-0.7389207130283132,-0.47979800825777796,0.7592915878821119,-0.7540051234167524,0.044518785531913525,-0.7348225474584731,-1.3448255998917444,67.41316625504948,0.34743176718432,-0.19094587320314582,2,-0.6189716184556974
-2.578808331182574,0.057803563941129114,-3.215950053986122,0.35873257114236384,-0.8211603417631167,0.2925539526513442,0.5746771254566753,-1.6662640681873833,0.48721788350132295,1.4087179455717227,-276.29163187108037,-1.4583765594322928,-0.045242663127494705,7,1.615582960806748
-1.1867665707840742,-0.9927673521017173,0.5243955056470785,0.2708881187689591,-1.2789703544166922,0.8397136102362317,1.120908718673872,0.5716350270536641,0.19365192040918108,0.49784821297144366,-2.0232071209192704,-2.5551603488007246,0.9553928760201562,4,-0.6189716184556974
0.1070693057526174,-1.003086029472766,1.5105138441424146,-0.1106195777638628,-2.3904520609952806,-1.4678409969876003,1.340000916154142,-2.078331869923253,-1.2972272431562164,0.418418326229847,-15.612493661842944,0.42311709009507276,-0.397101168230718,6,1.615582960806748
1.0880816670828495,0.8302495635956327,-0.14438450468212935,0.7675893180708815,-0.47514154333415975,1.2752389006534233,1.0043857740644775,-1.7351017074753885,-1.5757180192449252,-1.0826377105990308,191.11432699462335,-0.053548387933957144,-0.18933025999848319,7,1.615582960806748
0.45683597399215997,1.9266118863902297,-0.6438372960352847,-0.587228679691539,-1.0919618674622176,2.398485627533395,0.0919206965381585,-0.8218504719192933,0.44995303554967914,2.5883549230171186,157.5684917002831,-0.46782758629182225,-0.4182080885090198,6,1.615582960806748
-1.1985308498357854,-1.1537732185134626,0.6830830708721559,-0.3730214355049513,-0.569400324183696,1.1884001543618432,-1.2226235099523473,1.3473338633602256,0.17825623072686403,0.13213616533467637,-41.03704728004289,0.28023036187109046,-0.4484688093858573,6,1.615582960806748
-0.18343856629035937,-0.07063640990154786,-0.37130466001785306,0.6996588226265953,0.019725578317464947,-0.41190935115089883,0.885700716119887,-1.056896632086618,0.10977165998715852,-1.2025058457015338,-36.370024158157904,-0.019593366367938306,0.09385423946821946,1,-0.6189716184556974
1.6108132109436155,-0.5524967662630981,1.4639562794192587,-0.3096984255520097,-0.00268695290860807,0.6963431222317192,-0.6199368492170327,-0.4356842623696139,-0.12396951714863012,-0.8445924908473326,176.09029228824485,1.1525223849112805,1.0610154435416308,5,-0.6189716184556974
-2.2388038610014958,-0.4985859051808661,0.8832179768025754,1.0767540574446555,-0.49206546202954954,1.360123595616575,-0.23638591930084252,0.7389124312103161,1.7526184877802566,-0.8088132897672449,-37.47819534808691,0.12493986281668067,-0.46752189147627554,6,1.615582960806748
-0.955177520782705,0.5102604595386132,0.060480539559205376,-0.5011629164915544,0.3590090550646424,1.0116383692568844,-0.2592241078478913,0.3832860794873027,-0.4638321482473499,-0.4270172129331373,-21.534453007806718,-0.6968288775846807,0.08806926068492806,7,1.615582960806748
-1.1974804118259605,-0.7726950590617907,0.9861757057722051,-0.5207716338404175,-0.13142777864743488,-1.7632861574918857,-1.7739692761559207,-0.7290845484420865,0.4831565328776676,-2.08088244898537,-239.73607589026665,1.0167693757657597,0.5889042782886601,7,1.615582960806748
-0.8277668771553409,-0.410303155265971,0.2837468942873997,0.10254316399237248,-1.4862428615371202,0.45227957519723083,0.2723074931900828,-1.642124762035786,1.255325446367642,0.068591845929814,-28.495300628223863,-0.17420123327007403,-0.7832227631007974,7,1.615582960806748
-1.325959836841749,-0.3025469770500326,0.04758678277186173,-1.2398564410358064,1.7724247698903601,0.301526596925162,1.8422288408374965,1.4588337896842072,0.00803747493251924,-1.101382650152905,-24.31507203769663,0.5594096455093125,-0.7555832666316419,4,-0.6189716184556974
0.3205910383440708,0.29271888801551843,0.3682236227235345,1.291364644938951,-1.358108410308097,0.8595513493858111,-1.0465792635731919,-0.6164556303795384,-1.2898597098787101,0.5469647577004677,68.31559387631512,-0.4309610118059928,1.4871080628424254,2,-0.6189716184556974
1.8354159553568605,1.2017182834049118,-0.9806349238662111,0.7442286200563372,-0.838094371147863,0.9383640095613607,0.8001720696429893,-0.7911237193901989,0.4264646337182012,-0.22536003034497354,219.83748996395514,-0.6010455466665979,0.7694685479212889,6,1.615582960806748
-0.498048458802042,-0.20397725183297638,-0.8860631448777313,-0.838591075017723,0.8338373770161918,-0.16448002095147052,1.7130528058957553,0.3307627982928865,0.44651424988468885,-1.7154878286527246,-28.041638106519592,0.12302349571917745,0.26905994474357636,6,1.615582960806748
0.4013053320787147,-2.0055412248095412,0.31852245118494776,0.7899623806947957,-0.09935722642007112,1.1994871775328853,1.6253396147793813,0.42438270024358443,-1.138816275547668,-0.6913430939886579,151.28503698162493,0.052648659319887596,0.5102353217640194,6,1.615582960806748
-1.6116513244337174,1.3309176375252456,-1.3243360789347378,-0.26591330846882894,-0.3241323711365339,0.12643937493520033,1.1383854539937435,-0.014229061019913614,0.4867418732791682,0.616034747764368,-102.16438681596688,0.5133316681548665,-1.6043355084381798,1,-0.6189716184556974
-0.5370495551140276,0.3001028209076521,1.2356616784319225,-0.7979140624240009,0.7261047106723472,1.1633427856873957,1.0621714892346061,0.4685457681875656,-0.7615524109829209,-1.3309220491702114,94.48051570830556,-0.22501926057640603,0.4089653591682117,6,1.615582960806748
2.056449549309901,-0.5901902505510208,-0.2737936410951849,-0.7931721378353038,-0.23044230575762537,-1.0599666952739277,-0.49812798026061944,0.0456381322745904,-0.4544203465468402,-2.788770001816235,57.4958435525562,-1.7715325445427674,0.03764866016612827,4,-0.6189716184556974
-0.8187441766898578,1.951105499617558,2.482423622002235,-0.4755446083637373,0.5878790685700137,-1.3694085038227317,1.0195769467772837,-0.22391157157929326,-0.2666465110274151,-0.585221645758457,-19.222868913784605,-0.38692782860389485,0.16156715673996247,3,-0.6189716184556974
-0.23969503903866707,-0.1569198168964177,-0.21558419706199505,-0.7659693348804848,0.46711640086413025,-0.4987215196918587,-0.24593703211523904,-1.5317130365491847,-0.24662061323308662,-0.03919550575371594,-84.76134325271018,0.8230768837105605,-0.47553840919274776,5,-0.6189716184556974
-0.47504905968319056,-0.6616959006604333,1.3548049170504204,0.10905758895423169,-0.08400026846884248,0.8690179978132627,-0.9964032578425129,0.7181870162125825,0.6475085567274319,0.0192940708922905,39.9798243601672,-0.2533610562389574,-1.4259349542198798,7,1.615582960806748
-0.4740463897159972,-0.14829842495005818,-0.38963016608087947,-1.2808561007798254,-0.7425197076527066,-1.2067328296731619,-0.8217910808740331,0.6533413343435939,0.8088378516124339,0.5614488793804776,-155.9706361508947,-0.20305797135647688,-1.0434328644218052,6,1.615582960806748
0.7256026226205103,-0.47500753392120654,-0.38487378934231004,-0.5833180985389091,-0.3987821200335515,0.3867195120900107,-1.5596696417262879,-2.7491955859518016,-0.7875504931030851,-1.0735652525586457,-22.62219853381401,1.0130308926012175,1.5463701021829224,1,-0.6189716184556974
-1.5074021687313826,1.2655101649685188,1.530307709720404,0.28450366050837317,-0.08302045102906908,-0.10742919952571953,-0.2985328132167631,0.18011100767588095,-0.2930864885783588,0.29133423468856623,-69.40236388605094,-0.6623514616591498,-0.3070494699633466,4,-0.6189716184556974
-1.5069193028364847,-0.39787789232241805,-1.909183295662629,-0.878034760703438,-0.5389747911288765,0.5364200807853363,0.4741614802123394,1.964324458210082,-1.2602247733167342,1.1210943557488204,-129.8062541885925,-1.4819458473755436,-0.10878567776700189,6,1.615582960806748
-1.0267809383503337,-0.745728615988084,-0.8530798716470847,0.5678323743992726,0.22928010715256106,1.4161325388485269,-1.5235065155516887,-0.059935338657472324,-0.6093382427619451,1.031479139496945,-69.34087164027213,-0.11846534655611979,-1.5242883116652992,1,-0.6189716184556974
-0.02671685309419684,-0.1504201035370474,0.4859128415170738,-1.6971927544320613,-0.23791389513706201,0.8046695716070412,-2.010059339651931,-0.7831283871490574,1.0615791658542977,1.1608067664431416,-37.664050493726236,-0.43763279512775866,-1.5760688155970546,3,-0.6189716184556974
0.37489444177877673,0.573832105068348,-1.1751075771893362,-1.8052238068167956,0.1537399126203985,-0.583054480934754,-0.5273579986509098,0.8161752613743033,-2.471565161988595,-1.475950432625778,-73.46300297616138,-0.9131859299723171,0.7477452494483879,2,-0.6189716184556974
-1.2990718527195977,1.1926392333121287,-0.5032720161239815,-0.5207732683676386,0.6603934571996511,1.2389901812186617,-1.1200265969169179,0.3455562803561889,0.30678080295869475,-1.5495556111566355,-81.92606746029823,-0.1330132495289385,0.13539229691218846,6,1.615582960806748
-2.7756149008620215,-0.9797777139086348,0.2317273213866241,-1.1043418659262352,-1.2321602106386946,0.09575141751435053,0.48194989190881643,-0.942776178323827,-0.576035026753501,-0.845283951759118,-215.18191381495012,0.5248523460716958,0.034903334986145,4,-0.6189716184556974
-2.141537031036099,-1.7086227154795248,-1.0594004542466142,0.3904552344622901,-0.004313190804241333,-0.3389959334106362,-0.2640046450728711,-0.527271348558195,1.6440934832247844,-2.0031221430252404,-246.50754183570166,0.030830552927681876,-0.8732015776856458,1,-0.6189716184556974
-0.8843669380124074,-0.5857695705201569,0.27512865378179535,0.8984630741502019,-0.6044687582698977,0.5926446291152218,0.808358597790036,-0.8400447863603244,-0.0031374373097077845,-1.7806358660515271,-1.0109919243101153,0.3428231620295825,0.842013137552787,1,-0.6189716184556974
0.1438499890672241,0.24075882911296168,-0.45505916535856666,0.8124823056815021,-1.2500646744355581,0.15764570977451237,-0.8549103508443203,-1.2235687175214989,0.3999683413938005,0.08243734997366214,-7.0678820299014244,1.8288778524254443,-1.129266583418998,6,1.615582960806748
-0.6377533169795078,-0.3624250212292337,-0.41974324860715106,0.9751785704767729,1.6525696306892401,0.4122367986163054,-0.12210696252051202,2.162686232503507,-1.2025319572968842,-2.2013205420866138,-35.8027684574822,-0.2982484884743254,-1.0550738657248433,1,-0.6189716184556974
0.4421216495125448,-0.5455980685415122,-0.23512187356051295,0.2601767581412908,0.8154711921401343,-0.34722187516197806,1.194846206101427,-0.27367242041171724,-0.5771015512103447,0.2775191673892452,36.23843410847545,0.3145779304865452,-0.12920231554299597,2,-0.6189716184556974
2.826618098427895,0.5500640210523268,2.2539265787039153,-0.8699992462940265,-1.2365259175850731,-0.8723197633134493,0.13586820887023135,-0.4945757412224631,0.017737281028559947,-0.16327038557874754,238.22025874223883,-0.46233358973933003,-0.7256401868007774,1,-0.6189716184556974
0.8859840957559036,0.58812683819396,0.460574016387247,-0.9430211413383169,0.01781242105976815,-0.42581952148921076,0.9493467888572574,-0.8908314689934769,-0.25647528638229017,-1.2395297807625982,76.87573751651176,-0.7949205986297864,-0.8583670761114448,7,1.615582960806748
0.3319787649426835,-1.34874251392354,0.29555720091679516,-1.7148164833195956,-0.8640980452210071,0.15535799196668104,0.02049335374306224,0.8000079688647275,-0.1492818366596154,-0.5238045002891951,28.995313580841373,-0.5370042401238488,0.5017471966952635,5,-0.6189716184556974
1.1803713370424325,-0.577259893832017,-1.5091800610080848,-0.07996022180771283,0.1259945412328813,-0.8130983321829155,-2.000724967713549,0.38061727923859934,-0.9613761552035397,-0.3818784504729935,-83.49458393326773,-0.43229064947945944,0.5213538556296677,7,1.615582960806748
1.9764001788716254,-1.0882164612288596,-1.744409723738401,-0.5685009900878273,-0.8621869914394085,0.9690626147310467,-2.2983767973829647,0.18151496224976818,0.6514757957646019,0.3227886740143969,61.20912796647405,0.39460798232086153,1.1147588527498953,5,-0.6189716184556974
-1.9922752121949232,-0.7778155400553863,0.6091535095099755,0.6009124639840882,-1.4508541596501467,-0.514016939852692,1.4438199005660923,-0.9514462402738885,0.2596462141524348,-0.20035948602766038,-117.89792892304273,2.35730191324224,-0.27624490393907275,1,-0.6189716184556974
0.013550281512802607,0.3705481190826459,0.7147525467315041,0.3149790331390096,-0.48898108624510156,-1.2154484450433032,0.6908230347292251,-0.2322070092644603,-1.0538086330762322,-0.11700543140928765,-24.402254176667473,-0.6663666278124649,-1.4546188719216404,6,1.615582960806748
0.5656013254973389,1.636587188499495,0.10222585342691266,0.6211864820580867,-0.6994035381780639,2.0939934186620106,-0.1446532639309928,-1.2155077113384178,-1.8551143848730482,0.30830291229015006,143.86003184097103,-0.37099763351279236,-0.7687695561107794,5,-0.6189716184556974
0.7069316142157803,0.5884456799869693,0.3482514171198636,0.0403687238898462,-0.3957228460588403,-0.43872376595925905,-1.4258701798760665,-0.18664098540956425,1.9659570961776365,-0.5591287522488392,-7.505090420091491,-0.022275876452488942,1.6464216322483995,4,-0.6189716184556974
0.8657999556748358,0.08726852007762617,-2.115054442570851,-0.4482290129126444,1.2167602536889897,-1.1581662359991902,-0.49616057092549476,-0.23681064652376424,-1.7234808807111424,1.2970013642345743,-90.25700423155459,0.4304398241272901,0.33427265043902094,5,-0.6189716184556974
0.6110715218444006,0.08360398376714806,1.381756173938657,0.8796732026017826,-0.6068302140473876,0.6763912026979296,0.8711258145878783,-0.6143580493981335,0.4078486732719204,1.0874975173042496,175.1714723532706,0.29998022394120005,0.7222906786171116,7,1.615582960806748
1.0139530247800623,0.27128635004534335,1.2038284811928959,1.9519333629121283,0.802525761488558,-1.5183631154006665,-0.18471962121965213,0.32249643983418885,-0.48447362731424215,-0.5960316360084797,42.5107031623506,1.3067240183270534,-1.6793606531036132,1,-0.6189716184556974
1.1327456954884054,0.525573067427602,-0.6332285832463715,0.3589341379334902,-0.43259340434256155,-0.5571635166479411,-0.022183837927366556,0.3090290212697935,-0.6197473860756619,0.5745446301658377,60.551618528741514,-2.3535856178208725,0.06738590360708398,6,1.615582960806748
-2.7538077819658264,-1.2866573756056325,-0.10391147407032966,1.2746983863737937,0.5436388702454661,-0.5900583882389728,-1.4714618640183579,-1.3775794742635856,1.0300292551671142,-0.4339778032338197,-301.06292304480104,-2.3146570786524756,-1.576197285896279,3,-0.6189716184556974
-1.041507940906732,-0.16955217989906776,-0.5268284060128179,1.6612594664012426,0.7986847801042174,-2.2027060441576185,0.8141662229512316,-0.04401452733448137,-0.1603300293321834,-0.7376839922339885,-189.1426549958731,-0.4491787356081661,0.24185433959896824,6,1.615582960806748
-0.2698249698740746,0.25356871868278,-1.7831554386919524,-2.2271555417165407,0.48902714478688636,-0.5599147829263856,1.1410832399234618,-0.5274949182458698,0.6995774816634097,-0.3218879487370099,-95.75690351736398,1.1224545144009552,1.4438802167754292,6,1.615582960806748
-0.7982794019235379,-0.783292990232236,-0.6826007639631183,-0.17312115333392866,0.9520054948723716,-1.8843625614638175,0.0037782922768962008,-0.2694905689875522,0.23400327231535095,0.69179020774094,-187.3851707235885,-1.5044817223174562,1.6068043868000927,6,1.615582960806748
-0.6247566224996245,0.34930988197943685,-0.3067575049971142,1.2610968144823134,-1.1688469978315807,-1.268287334304151,-0.8045544916386849,0.24124914619117085,0.3050710686021744,-0.8032338524579017,-152.9846260985249,-2.926965571029398,0.14379699564329135,4,-0.6189716184556974
0.5216544186370665,-0.195927508931906,0.519434978782664,-0.824015763147425,-0.2478780540327041,0.9689679086461195,-0.4823678351732795,1.6129093263064045,0.8987154527669242,-0.21371073554411674,128.43215036204842,0.6034486488669083,-0.13777577365603122,2,-0.6189716184556974
-0.9796267875792379,-1.4996711871439226,-1.8478658798522585,-0.9461029867744938,0.03306438557194631,-0.0958955254014836,-0.8917802829701219,-0.617498868556143,-1.3703676269040674,0.23355832608178959,-209.98870127802755,0.2803556636580058,1.526785606183724,7,1.615582960806748
-0.9836337298819661,0.9092383267577323,0.2776187212286699,2.0128336173250365,-0.41237682649042806,1.1733493859796513,-1.9747810810153827,-0.28786653401392626,-0.36548144358775236,-1.8732528157036212,-33.96478716065736,-1.035471634252691,0.5987604573448074,1,-0.6189716184556974
0.9672903447623514,1.968256081492106,-1.0715372988412577,-0.08156722819889226,-2.105931606502546,1.3195399496128593,0.3140407954458653,1.2281185088263893,0.05179304272300175,1.6052663821247335,167.71750176772844,-0.9322183011369989,-1.4826086864212615,2,-0.6189716184556974
0.3607833268366865,0.8418936532148575,-0.09867439039627766,2.1460526283225976,1.052647172964802,0.8583561612098548,1.9178612344699957,2.2723159904968195,1.0195136236959408,-0.1663945269146958,195.68193911456675,-0.9166360332889081,-0.1120599328853443,3,-0.6189716184556974
-0.6630528872576619,0.9094139281747797,0.5730811086655129,-0.4984512592523276,0.14974108400345054,0.11140565749642119,-0.967913397166076,-1.3255520550765545,1.8988623958681168,0.5444415044485849,-61.8514462812332,0.14903401164138771,-0.8830475172952708,2,-0.6189716184556974
0.735957749315998,0.5279842941187104,-0.4960475236814221,1.0270821294999102,-0.6234966050827998,1.152516521407209,-1.3439022791727655,2.154958924849568,1.1322132173496693,-0.030418324397884878,99.69894958833083,-0.5778518930883955,-0.09811344975440475,1,-0.6189716184556974
0.7317262681088026,-1.0589485108543744,-0.4665129320440568,0.43724870210455674,-1.4670662285297293,-1.0567834394092313,-0.8799729166524948,1.0832072395665058,-0.984850608291978,-0.601885765408552,-37.24540529375127,0.5273760213948814,-0.1471420570767377,7,1.615582960806748
1.571341518443578,-0.6342853074585649,-0.1927338538769879,1.323027239003687,-0.30742465423610726,-0.4904121595445714,0.12162356386949204,-0.7692598526565878,-0.8915310832220196,0.3509726362488853,104.74969765269913,-2.7760290436529806,0.28601330896014665,7,1.615582960806748
0.3013960592809118,2.651526117210482,0.07622809964896346,-0.04662202672510466,1.318782029860813,-1.979538848137521,-0.362596681079392,-1.3095247967959156,0.34889233953698995,0.6153848489681178,-107.29040588370039,-0.8052708549118421,-0.4846109850803468,1,-0.6189716184556974
-1.922913144057957,-0.754567903220524,-0.534683372564708,-0.5463789058768632,-1.2883134998947308,-0.7143811033375415,-0.36844683896748315,0.9352281098649927,0.6501147272678771,-0.5547816362654834,-210.23675023657674,-1.0708324363681556,-1.142828004106851,3,-0.6189716184556974
0.6179903039181031,1.378705293554163,-0.22619565184697274,-0.9556847881558365,1.0250744926894741,-0.6111102832271151,0.5240062325512002,0.9889032582982146,0.5084780910085166,-1.6942742498204197,47.642338397852,-0.21288059148184713,0.017852783645863998,1,-0.6189716184556974
1.642131545876295,0.5113631364016775,-0.8883688669490653,-1.451454908512845,0.6435412441004683,1.237684783811772,0.6221239031090524,1.4510619714589867,0.7131508895027903,0.36009937823598676,194.81018819613115,-0.490778047984996,1.1342004065476399,3,-0.6189716184556974
-0.04178667816974706,1.2971026418292606,0.861571002574293,-0.3378288774780953,-0.3834434008220349,0.08842298340553165,-0.9412295485761926,1.2000340943831524,-0.40732398664658037,0.6010653262322736,11.025721765884128,0.8270477607468409,0.5659432890019431,3,-0.6189716184556974
-1.068824487138877,-0.41978631571534364,-0.8132980160310178,1.6207257806533937,-0.3065762286566819,0.20298597468141633,-0.8083531553686958,-1.2939104262764158,-0.43042744022155005,2.8300999006055076,-106.0350843288114,-1.794198806569173,-0.5475352345217558,1,-0.6189716184556974
-0.6717747635136692,0.8332424668562552,2.283899975525204,-1.40874588809564,0.8048824794171084,-0.3344201042985482,-0.950147249683041,1.7367345947203265,0.8575766246052,0.41371604562709186,-11.348164559793496,0.08486978116717288,1.4943224471873253,5,-0.6189716184556974
-0.9571420022389882,0.83170895072898,0.5961536125921669,-0.07012920350470822,1.7375352268636706,1.0320210990235452,0.014117918722502171,1.4164105240378846,0.48216036522873734,0.7736051282163131,37.58506903604472,0.5907793460215283,1.4145997265128918,7,1.615582960806748
-0.054632839452639796,-0.18475208466901225,1.0905467527011772,-2.2706330140893685,0.6606169382651799,-0.025357350172400376,-0.05307831943209325,3.2156982738028734,-1.0530729911699144,0.18629594190163817,4.881892146314716,1.8715328443339736,-0.9886925884058784,3,-0.6189716184556974
0.4061983916586984,-1.2329224009878388,0.9493838599685842,1.560050842917534,-0.055626998374758964,-0.03954730657701934,-0.7828691504014695,-0.5589386630800092,0.29851567951176466,-0.45697209764784913,34.41566208917587,-0.4352573789324042,-1.5697384598060145,1,-0.6189716184556974
-0.1451632900700063,-0.04879261983065177,0.04563740027502454,0.490774857945129,0.5946415816338573,0.05024292864991763,-0.9087351033307445,0.5387823490934027,-1.8776697611128357,-1.2030087403637084,-27.412440136602477,0.3600643389072946,0.8302437982232223,5,-0.6189716184556974
-0.36907913482792104,-0.5107252762283933,0.7073972257020068,-1.142590928078916,0.4298833444699909,-1.220928923921942,-0.23055512667603748,0.5417052049402789,0.7161085994627547,0.744220023168524,-82.30173585240112,-1.7394750215406976,1.1253354287929955,7,1.615582960806748
-0.5596404170253892,1.92409756233532,0.2897449849962141,-0.5698458185041017,0.9713031159948508,-0.8060367735503409,1.0600352772163946,0.07923667955263823,-1.078535340975483,0.06785847137307326,-60.07355435578214,-2.3196154398912614,1.6049081595440304,3,-0.6189716184556974
0.11720389412831389,-1.4869812663870838,0.49537873408283467,-0.4545392145457733,-0.8791473191481383,1.1786789250151852,-1.0210396885513997,-0.16826780870950206,-1.4451599482780666,-0.9748551442853317,37.47993256977697,0.8733436977301485,1.3381057711110702,7,1.615582960806748
-0.7349111492404806,0.9214322362579305,-0.30111439220156816,-1.5700876518139602,1.175198852558039,-0.1917736338061231,0.29245901561511944,-0.03536610347967486,3.1088693091883703,-0.40883339239476396,-59.28668333265924,0.034508402173170576,0.3488942732650601,5,-0.6189716184556974
-0.23298103918347124,-1.7259476086423,-1.035294765109975,0.19264627835524137,0.5394032923741694,0.03261980221407677,-0.8069011109912497,1.1089773039557242,-0.4743255872436847,0.7212056864659416,-71.05397334430545,1.2025687515135475,0.10789310728655774,7,1.615582960806748
-2.188302186240816,-1.0923870115828715,-1.2468872285934574,-1.1391792800406213,-0.6300045395775793,0.41299678400579426,2.497960358263003,-0.025227057525890894,0.7418460830589912,0.6405812742917226,-141.91129795664642,-1.314836378149053,-1.6093222000024534,4,-0.6189716184556974
-0.07057691990874759,0.943665268790584,-1.7199806090136944,0.20171582459011336,0.7746140580906544,1.405744015171228,-1.0206662454906166,-0.18590773414031758,-0.650902998818374,-0.060312061280753476,-14.27238410950169,0.5528648226323658,-0.8611248659715959,6,1.615582960806748
0.026105965658623862,-2.235522239058181,1.1745130781585953,-0.17542028073321386,-0.34775061181008693,-0.2598371430099802,-0.3984952862375057,-1.3801873507494749,-1.0938590825891035,1.5059095222573002,-13.389661994105177,1.883538663675728,-0.13295473172163244,4,-0.6189716184556974
0.10773257685621089,0.562985193761938,0.5917000252583223,0.43459477556838133,-0.36999133029509146,0.1007521365031019,0.3146102806294487,-1.0480208909915993,-0.0004964428614306076,0.4083764367466488,38.2596794670265,0.4540232842820831,0.44452936260585113,5,-0.6189716184556974
0.39821718172446113,-0.20583646773367856,1.7652850730811684,-0.01756903931695987,0.9735568045940052,2.8869919763856844,-0.413459811955536,-0.9011126988835392,-1.0073041766273643,0.6319407324540212,240.84699690453687,0.3128346989386944,0.20089656768281414,3,-0.6189716184556974
-0.14990080437442077,1.6404759503928643,0.8985544249114921,-1.5528937829005898,1.8609603594597448,1.369350905720361,-1.322514792002841,0.6278741030673229,-1.2666368769863638,0.5331641787377777,36.392612414925956,0.048433875964220836,0.8347821825113445,1,-0.6189716184556974
-0.27548101065410996,0.418528521133261,-1.4912975157326651,-1.1387844032155197,0.7885757440084544,1.085832114737906,0.08565277965924886,-1.1504540649290915,-0.04039378137053396,0.8069641700197349,-40.30079624967564,-1.5096443743895562,-0.747909907659455,2,-0.6189716184556974
-1.3707389623388389,-0.8785446181706295,0.6790823487200418,-2.0274674863794133,1.3578280282095163,0.6812491175593368,-0.2186025730940717,-0.2945363386234203,2.4386584674198986,0.431257091428593,-76.38681283246993,1.3772345496404435,0.22722789053781234,1,-0.6189716184556974
1.3770736183275334,0.23611986728560622,1.0593336035446772,0.1766316304738226,-0.979956951893634,0.21758522207923922,-0.8085393334667202,-1.0667762334329578,1.0271972053690492,-0.06955160315378647,136.31006386967087,-0.562603295746836,-1.4031338234068986,7,1.615582960806748
-0.03329821268626371,0.29202476246152104,-1.7035300322284859,0.3375253360627846,0.1872099853242518,-0.22768485497176294,0.489552689823516,0.10863376259631673,-0.2542254228419189,0.3427530612124599,-43.931908068403104,0.5376544544494657,-0.2900693164195004,2,-0.6189716184556974
0.3091291871913038,-2.233297265541207,-0.04262490724586084,0.002198161710039955,-0.2140683364359351,-1.0971783650660885,0.8487722798677494,-1.1446595645537767,0.8213349294406554,0.8589283899535368,-25.724873431061074,-1.5019033436031581,0.8605119427999757,2,-0.6189716184556974
1.9787408193223441,-0.42736668370665104,-2.068963774622716,0.05721392017304918,-1.1612287453012904,0.9205162995138391,-1.8145828010382647,0.051686320650760884,-0.5048863981390028,-0.9876026130332289,86.8710025139508,-1.1235159159104318,0.6664320644272673,7,1.615582960806748
0.29206320336557284,-0.3491143046694819,0.31775976927628435,-0.8323699451950963,0.15228984805955448,0.5017373584013721,-0.07719385651543786,0.556860324502408,1.3181032523720957,-0.4203705677381324,81.59423932462263,1.4556737111834819,1.6827937531795893,7,1.615582960806748
-1.0276236521441042,2.1476984904537906,0.9823796754488759,-2.8827563749399077,1.9855043296576946,1.081434013494561,0.597122401734103,-0.09819194536273065,-0.9750591843814401,-0.6089761275637077,20.873604362158638,-0.3026120963149608,-0.7543238632272192,3,-0.6189716184556974
0.17691841037135764,0.9514569927483957,-1.2938895722217276,0.026741591695580793,0.1749076775755672,-0.07239710779635831,-0.7829868511180161,0.4728715189719449,-1.6135122018324803,-0.7746420992192173,-47.17965139793816,1.4736158242639812,-0.0010564551855944012,5,-0.6189716184556974
-0.21130623675606863,-0.5615623633704926,1.393037443878177,-0.3357858598141641,-0.01786821245704523,0.4899446711399296,1.3526022120294554,0.9306790406619542,-0.15251093109363206,0.056650350974104674,112.44583300540957,-0.03717921640668199,-0.5777532094570876,1,-0.6189716184556974
0.7690833942545011,-0.8374740921212572,-0.1682635235119871,-0.21185454810003343,-1.1523234733437737,-0.07535511161121615,0.08459568949707125,0.02948005650627226,0.2609655476211646,0.9597094801497742,37.504343769342064,-1.7769956415607564,-0.1979613853221035,5,-0.6189716184556974
-0.7574779856821005,-0.8690386554403882,0.6724651151538822,0.6989217611551588,-0.4669405182208711,-0.3943282122861894,1.1355527553766245,0.7157644853992612,-1.970202441593934,-0.8428929186687416,-42.36422336550335,0.91999735883109,1.2256574895385344,4,-0.6189716184556974
1.3018105235875628,0.5206366902163425,-0.02269966853780142,-0.266704275537359,-0.04824830244905895,-0.042457920668551044,0.03464797451631587,-1.156460104163628,0.4096063750820046,0.8081553618778837,85.46227191696623,-0.54192149509816,0.6350025392958659,3,-0.6189716184556974
0.3192416475562349,1.5974045220501336,0.19119294308386467,-1.5233668910495575,2.0872952383780663,-0.618897680915163,0.2799555371712924,1.8709185882429056,-0.3458251878537046,0.6910791075156838,-8.53237080678132,0.7292337017434429,1.3128192917913253,3,-0.6189716184556974
-0.03520990943468658,-0.6283743527572028,-1.0911561220061754,-0.0014733290531277474,-1.5527011436902325,-0.7394564613469973,-2.0861494286112716,1.553359164734657,-1.3217263311266774,-0.5462816825008098,-134.08769473273898,0.06486343415981702,-1.008652087103889,4,-0.6189716184556974
-1.3855404978761612,-0.5012129995350515,2.036981812669926,-1.4472171345444629,0.7587273221103653,0.4207240459279209,-0.0210627673923945,-0.08489401236555458,1.2515251200673632,0.8775941229345765,-37.25889414203614,-1.4822565970888957,1.281771719603704,1,-0.6189716184556974
-2.7590005254704626,1.4900049764442829,0.05677110287031566,-2.0198361206977653,-0.15233043716896016,0.04173572011884521,1.1144854776319248,-0.4774564810166659,-0.2705222959491104,0.006583097588916833,-174.9729979853634,0.2020664516753681,-1.5001736923251963,6,1.615582960806748
1.7423955325183935,0.2228800586225515,0.6288352129907171,1.2780029240649835,-1.5546808997700978,-0.10211772055099391,-0.6536275355735269,0.7651521026282546,1.4176185589588148,-0.0172903138922693,136.4768345481023,2.2065163485985746,1.3338756979335094,4,-0.6189716184556974
-0.234898904885113,0.4977371383916191,1.1893437997373588,0.7346994307167871,-1.211245503367866,-0.9509942908257127,0.9070216335085356,1.5912691933755718,1.7140434637740245,1.1747557725046442,21.977352948240025,0.5263131318094072,-0.5793145830291151,1,-0.6189716184556974
0.28312863815863737,-0.9445454467149821,0.7354869257470168,0.24418143521789104,1.0752212658934808,-0.9932613661812363,0.18629519269122038,0.36788178903910884,-0.58236880889011,-1.1822633478679723,-19.869272391527236,-0.016746418244389594,-0.6288471848081457,2,-0.6189716184556974
0.23820319851939134,-0.5337918423098741,-1.112175084426425,1.2832746173081813,0.6853768180642975,-0.4392854492742654,0.2630234812726819,-1.229283765484319,-0.2019802606748116,-0.816215956262994,-36.919746586753476,1.1007946581239612,0.04646946208935328,7,1.615582960806748
-0.03373124068593421,0.29675096074747004,0.29580475116678895,-0.41646997032189165,-0.09472629663289217,0.6006590684414099,0.368471799755471,-0.305333712775965,-0.3283711294564642,1.1650534676354094,52.29741907173156,0.24781302370586836,1.5119905780816636,3,-0.6189716184556974
-0.6898099862153996,0.6966413917676664,1.415857645279341,0.15770791219264277,0.6416983123173698,1.1664338919230592,-1.9361869168580983,-1.4808614095071715,1.28349946325961,0.5260482124566147,-7.589468904618533,0.24669412742232688,-1.5411401175671424,1,-0.6189716184556974
1.4455240451707865,-0.7987890155826052,0.22356612549020216,-3.6627470311866492,0.37665780204275273,1.473553416382851,0.1605541296608577,-0.3545523393370551,-1.0137436769482577,-1.3077114168081676,176.10186375543282,-1.0368692401976694,-0.5001329880917608,5,-0.6189716184556974
-1.1058466739842583,0.5373015999888254,-0.2509808341626808,1.413527215710957,-0.6603409206243549,-1.1900919418144709,-0.8988399748233786,0.4876426631105731,0.6830452266428918,-0.3281462260159401,-178.68252109662114,0.2706791189674975,1.2243645081807153,7,1.615582960806748
0.8104365084581832,0.2692232435805375,-0.9089609487542425,2.626230875058396,-0.5620414360067453,0.840104176708727,-0.1795241476271015,-0.8219430452228714,0.7702688141582925,-0.8132873866982943,96.98378994608302,1.0614342540779047,-0.3502869155613499,5,-0.6189716184556974
-1.5239010539174107,0.2879149553122124,-0.7040883787447951,0.5423079649692626,-0.31916743905444633,-1.0099172066015705,0.3418394546765593,-0.5043841694763931,-1.8652811367780446,0.1200866350460115,-185.2057839546151,-0.7847622884624789,-1.023540476720774,7,1.615582960806748
0.9081649090740612,0.22366459063348454,0.284386048209907,0.4252844685574629,0.38084046236403984,1.6661113497643585,0.18756352049705544,0.3605440894376968,1.0620255232783602,-1.0233865769489767,205.64719125126572,1.4452253668306954,-0.2520170027950636,3,-0.6189716184556974
0.24800890266105519,-0.6913515522474939,0.08586670411959706,0.9230111385868371,-0.28862050605563,-0.4008637910891294,0.28990483492326824,-0.2895336316354684,-1.3837488691834292,0.02860746561360724,4.6067934338063905,-0.050472349406590386,-0.3861964107881331,4,-0.6189716184556974
-0.7865154212908777,0.1663738498058494,0.13407270875390845,-0.6355401226782881,-0.47810655670572383,0.6736041942878452,-0.1055772012298369,1.6600653101143368,-1.0726009754613282,-0.3696408474780558,-14.000156610362492,-0.8357703911500534,1.4255710229715022,6,1.615582960806748
0.18325850334845953,0.2260231364192945,-0.06916699420445323,0.4088908985231811,0.979900260510066,0.45980016564927756,2.1162512529102298,1.1570232051556693,-0.8027529271542749,-0.1259555568031461,124.87938429270284,1.0241342505823523,0.9007693173005833,4,-0.6189716184556974
-2.0627786726393307,0.11244103108447476,1.2439297080427998,0.5764154230714459,-0.36943071185661636,-0.536112311229201,-0.4159898226709715,-0.40410360687065927,-1.0096279623694544,-0.7228245223332748,-176.30667353373335,-0.24292231471396453,0.022626552523804206,1,-0.6189716184556974
-0.2558799603674305,0.3255798021928021,-1.6283044352758873,-2.499034717396391,-0.7276264269187711,-0.2948790919468231,3.008580972715959,0.18574671205403828,-0.07423229573843745,0.5406056679425127,-19.472180487531503,0.7892372033878331,1.6750245015275964,4,-0.6189716184556974
-0.6078366447947974,0.6721034974662801,1.7132813987477309,2.166347709713041,-0.5399971392304596,-1.7929156747962869,-0.7616995965269807,0.5533744942660089,-0.49533936884451335,-0.14704698589904086,-82.83403089511187,-0.24781957595950838,-0.11359194170403833,3,-0.6189716184556974
-0.20502030393599346,-0.7007628657048941,1.5177912992413527,0.5575817838388437,-2.242612480083946,0.219932351459336,-0.37032415684476927,0.16298422362590087,-0.8778572133440935,1.651258342677455,17.654631205721714,-0.0190235915944172,-1.5053862344015143,1,-0.6189716184556974
0.46782145066664954,-0.0227407005487294,-0.40867195300845943,0.23436093748153597,0.46866864193623153,-0.6755366673379968,-1.1385154376217728,0.2294974496063306,1.1586721716578083,1.221666920049663,-26.469999008092405,0.5268791186633557,-0.80772253390604,2,-0.6189716184556974
0.4680296361872334,-1.8039970617545054,-0.4324155229207279,-0.47729050043203125,-0.19012728162127823,0.7105819398756227,1.019847325578931,-0.2920038821980146,-1.201132503834954,-0.7209688664893639,69.98951362973332,0.32695665670875584,-0.2134598585721225,4,-0.6189716184556974
0.6165750203111213,-0.22854978816952112,0.19662594680359619,-2.041310002340604,0.5656982855914329,-1.0030657007797859,1.7467254391297178,-0.6500147318355246,-0.2429783737640405,-0.5556585252657716,20.997152741145317,-1.928552002505271,-1.1680208715453433,4,-0.6189716184556974
-1.8100491740416065,-0.07495415242101239,0.3686398078497287,-0.070798571375989,-0.1401061034402309,0.5169112374328207,1.3935210486568101,0.30725538013100384,-1.1773340656141063,-0.6708638656093681,-44.91598195915046,-1.0660872658541252,1.5354981138245984,6,1.615582960806748
-1.6502256069139776,0.534190155568379,-1.636642257354156,-0.44914505492422335,0.8247166343697864,-1.4231727155177798,0.8394490189235368,-0.862408195298735,0.09511681722952095,0.8550043394399863,-249.78674627591855,0.9568347497243185,0.9175735842239641,1,-0.6189716184556974
-0.20231627529846932,-0.031111686941079974,0.3595454582088827,0.3523914583248258,-0.10756574196129622,1.06986091293963,-1.2773257927104278,1.2886616482942175,-0.5754195077669276,-0.7876845859299564,35.69368608382812,-0.09035615746034321,-0.7871626471760904,5,-0.6189716184556974
1.713146266908581,2.627627705447613,-0.5835486180248811,0.08932945450674203,1.8779878206354823,1.1220317197500032,-0.031337118194775325,-0.05390556205770217,-0.6501891575138468,-0.6122184733170737,198.53125144518742,-0.47665519871649376,0.31562359944405405,4,-0.6189716184556974
-1.915674449023148,-1.2155588490212947,-1.3924655832731556,-1.6066006202506962,0.8178289529647617,-0.8955384472264342,0.03628804207542683,0.20605845900477954,0.52374685513189,0.6874610429254239,-277.10860732125184,-1.3002080404951801,0.7623378665853985,3,-0.6189716184556974
-0.45459422203499056,1.0188809473952227,-0.6220441622867791,-0.7297428565482089,-1.5571964420794633,1.57602832158961,1.060963479381585,-1.3517633368730104,0.8272814616974423,-0.1285920295036657,42.07286411106732,-1.025141166413291,1.514003665793369,4,-0.6189716184556974
-0.9416164276247683,-0.14841979237457978,-0.49202063972104215,-0.27376316189088024,-0.8069414467332386,1.3446671567238677,1.1543123163910027,0.6579626997663686,0.37523471750879617,-0.39694404979200626,36.422873787059835,-1.95446364606483,1.3100638688318755,6,1.615582960806748
0.5267855431883514,1.0499960622677222,-1.4190591217404835,0.18437686459549216,-0.10321630835258178,-1.4944963234630102,-0.08222107662354923,-0.8158045234385226,-0.06038834740730929,0.9861563590320723,-78.44045668611662,-0.059917562011501675,0.05708179688535402,2,-0.6189716184556974
0.7297928073497649,-0.6889834089797426,1.9443524087432427,0.003910406948746657,-0.6497838025493298,-0.12443912319067281,0.5984736923786792,0.26152351091974047,-0.1849654588009503,-0.5144178671397791,123.82325450442234,-0.5503511973383337,0.9442569168197404,6,1.615582960806748
-1.3705813096714479,1.7210870630633999,-0.5641252907898276,-0.15888398889204228,-0.8201373132525712,1.581954322628568,1.288543879501078,-0.9151179092035736,-0.2824647728489121,0.6174339927470646,10.344036513875942,-0.9135228820168476,0.21762697219045324,4,-0.6189716184556974
-0.5127442834453877,2.3618902074122285,-0.5254854789299349,1.3569708544934285,-0.33857490783591354,-0.45361779444660816,1.5351107171465022,-0.32532149898191165,1.430418553105515,-0.40257723479043883,14.068205410050396,-0.027208666183743655,0.18534574675893997,5,-0.6189716184556974
0.9013807907884166,0.4674862421517481,0.14905164952936542,-0.027814197636740493,-0.2782250619008844,0.9247077845485999,-2.475207295420052,1.2551667639112016,-1.4043787882843592,-1.3623674828279433,49.76534954363289,0.39904203041973696,-1.3121811929639018,7,1.615582960806748
1.1386794591566383,-0.6728301570652312,-0.3299448580089366,-1.3720177635026947,-0.37021221133295334,0.04659812945749739,0.08146390293134757,0.03450585209434465,1.88666453802527,-0.41767368220642653,74.19323737275774,2.10488438469172,-1.273215780608977,4,-0.6189716184556974
-0.7236938760624715,-0.09260677822505368,-0.29738431002804605,0.39361470640854107,0.9946356303135251,-0.3863187137196775,-0.7084766050176052,-0.01299893492572653,1.3257105050190585,2.173762753095911,-101.77224212961323,-1.4514441879742757,0.10611942927379522,1,-0.6189716184556974
-0.024837946594478244,0.9650444733361015,0.023001787084512833,-1.2030081481920134,-1.917922290639981,-0.18892430215049466,0.9377919070304881,-0.04883488769382865,0.6610135673043309,-0.7584473167424418,14.7410509370983,1.183695828979035,-0.7851987859911631,4,-0.6189716184556974
-1.107414653641495,1.5647539547120586,-1.332019686375701,-0.3149319700696307,-0.6923880573303226,-1.1124454330264983,1.2393078834503963,1.210240052662149,-1.0984077960906748,0.5397651598245283,-131.4425026598029,0.9999354694444748,-1.6325876835875948,5,-0.6189716184556974
0.9579661676526804,0.6202213852676137,-0.25552321496950536,0.4090554457076342,-1.1782331235937984,0.5224603783941414,1.5140896569508056,0.05048658723784185,-0.7522508340296419,-1.3401128601093686,163.1929528294989,-0.7285632930816092,0.7670908653411208,1,-0.6189716184556974
-1.0106857149494988,-0.4902774997790638,0.4542254516265996,-0.5667820460142855,-0.8467787244508261,0.9016905395754823,0.17928058209367226,-1.5024882167295008,-0.3441860410978078,0.4654026320202312,-29.088391707798294,0.24048102553579573,-1.5934376472049423,3,-0.6189716184556974
0.009250683107197179,-0.8457660857805923,0.6740946416872327,-0.4676332733060395,-1.5973892267399807,0.6771122087273668,-0.1115401559866315,-0.6105393696782255,-0.5786617234448822,-1.920453939799042,24.298789108471794,-0.4114510124340864,0.3309157986241534,1,-0.6189716184556974
-0.3136607095619775,0.044185003339655665,-0.1857263624193268,1.6052361101919543,0.549936701143274,-1.2585096985317692,-0.36140704596820394,0.278535158357542,-0.5664317297687648,1.322799793930007,-101.40090400701654,0.2231709506616997,0.13915056144474774,6,1.615582960806748
0.08485666378004972,-1.053334482453054,-0.15649672366925996,0.960199368700151,-0.580188634268327,-0.5847357697704855,-0.060233351574233915,0.30912369039806825,0.3129679168868485,-0.5341102968220355,-13.885280833839102,1.528716007610582,1.6081569287205086,2,-0.6189716184556974
-0.676797513711162,0.6844652848859607,-1.2847583981328263,0.8282951445690687,0.2172230012093119,1.811031825359129,-1.4774568266549668,-0.05707568931252403,-1.0041751372270245,-0.02279348196424111,-15.759051324423112,0.6374099092349612,-0.04884525676526661,6,1.615582960806748
0.039384685823942694,0.2755866978344963,1.012987667116858,0.46319566583495914,0.04548825032124751,0.3819775430903338,-0.9966710673282019,0.1232997131220621,0.2227724543584796,-1.0651208851922298,22.59271992066963,0.5417237858984045,-1.4870464125244758,7,1.615582960806748
-0.2676178158418185,-0.3465691926805229,1.2350713122762773,0.8709980925021976,0.9615821925679577,-0.14824426040769825,-0.42760678609337316,-0.1763565092777453,-0.7226751626255136,1.6586071711173185,0.15048519380055625,-0.38449659412827514,0.18187199524872863,1,-0.6189716184556974
0.7361221731591837,-1.9897605683494726,-1.3768594155044966,0.31528865505323156,-0.7100464165248261,1.861548637731871,-0.8068520510438144,0.091574844800001,-0.8862866420863466,-1.540724356165689,67.21391276881033,-1.4239937442947912,1.171447912485774,3,-0.6189716184556974
-0.22910637717663207,-0.7574987666447583,-0.4424796900005853,1.6649925647024255,-0.09590255810845136,-0.45604712261501246,-2.139866782649954,-0.5705104104771527,-1.143799479433105,0.16116242567458786,-127.66822312400915,-0.16565551981694887,1.7040158522386184,4,-0.6189716184556974
0.6277230801420618,-1.39682913952209,0.4937984235283942,-0.08733083155374263,-0.484265551619057,-0.2730538321272289,-0.7143973710395145,-0.6763920948720494,-1.5114655547494658,1.4704767271251482,-2.7468196535928087,1.2302842717543334,-0.23304328626331347,1,-0.6189716184556974
0.5676439887436905,0.4027886050468187,-0.36900769470466194,-0.7477511547238929,0.31814038477499523,1.1649723159546579,0.7121943613432874,0.36163221767322007,-1.185344872746948,-0.12069000757273513,122.00018987563432,-1.466521928199885,-0.6093191411864957,6,1.615582960806748
1.2907757040665722,-0.00674644829717034,1.4062339136374469,1.3613254029528994,0.35050289439175797,1.0841296203343227,-0.3108395676173319,0.18556544967834093,-1.4197227010823876,1.0121166118766243,215.00075729822353,-1.0008275227024312,1.3956079494006286,1,-0.6189716184556974
0.04296999209216685,-1.521387599154741,-0.3032594961137583,-0.10131739931261273,-0.7392227336845394,0.8662464570222486,0.488354965125457,-0.3194111582391104,0.5831682129985228,0.03058414354799578,59.43965605567196,0.16455367538663773,-1.0506035117100947,1,-0.6189716184556974
0.2557700260715281,1.2572529933972243,-1.454841828743508,-0.9409407386150243,-0.4779298418575367,-0.6233407640654433,1.1731905247010714,0.5859788003259457,1.1881279678666365,-0.8891915261686627,-16.28894070862945,-0.9313454509386186,0.3998219555636969,1,-0.6189716184556974
1.3069165000191323,-0.9093529205555887,1.0492120640109281,1.3995781407713277,0.001420719014073359,-0.15214976133936012,-0.5063265368627701,-0.8076443683347654,0.3250003579658195,0.4533574822944295,121.901000978392,-0.7418123726503969,-0.3172565778987785,3,-0.6189716184556974
-0.3809952288802461,0.48868397597172036,0.42661060150577745,0.7362051855056045,0.8583698223242963,-0.01898714207335452,-1.0565601986578643,1.7474233713216243,0.6734105303554854,0.728584431836922,-36.65012113889716,-0.3778766075677161,-1.564046064025886,5,-0.6189716184556974
0.3645633642562645,0.26788279595738407,0.2965833857838585,1.645357495251621,0.6721730774805597,0.5452691852767865,0.7335012961355333,2.6907309307462506,-1.6705277340590845,1.331020948034433,123.12394965519556,-1.3071561792098172,-0.5170329227879231,5,-0.6189716184556974
0.4000066160391241,0.8807307277508097,1.1720314519084924,1.7902533444780118,0.3696683150171821,-0.5865183658095738,0.8273562899226992,1.2268756997647925,-1.0874656434112342,0.1323542271711086,103.72920099593912,-0.9209549529298119,-0.7976212104921153,1,-0.6189716184556974
-0.6943698735328513,-1.5713285237547456,-0.6798297338145959,0.3005377387615352,-1.1654614968598827,1.9161781849542325,-0.7345518097110189,0.4579907235808512,-0.9315962372900674,0.15522013223992137,-6.631566205279267,0.7339087164585952,0.6414379471115761,3,-0.6189716184556974
0.6243765570855482,1.0980725543524021,0.32389362962500523,-0.7565664486717979,2.555288632602948,0.6970853553716394,-0.0780045834430868,1.0274367122328472,1.7839018523119128,-0.569063450620507,120.67389742059679,-1.2496962602647392,1.5396880365135515,3,-0.6189716184556974
-0.8644255520154877,-1.0378096770152299,-0.16031767685043516,-0.3525113850821599,1.3390753363722583,0.44534238444184776,0.30953979953388744,-1.1487859922080277,-0.5029400362378145,0.20699117451372234,-61.87951195831385,-1.5362700473651483,-0.7879833258263178,7,1.615582960806748
-0.7002197595815439,-0.8381726715510335,0.2662485511282996,-0.5322360277966871,-0.10714072421385608,-0.4864750008641354,2.2816836767728907,-0.5512507047550491,0.3750368891515121,-0.39896644647102086,-18.27387689892405,-0.5815114288201996,1.070133011267735,1,-0.6189716184556974
0.013248977014250072,2.0825170969634033,-1.6010192628092952,0.4242878249168204,0.4760396304852759,0.17397276237419904,0.41580479846201546,-1.3430452595167348,-0.6104457547018558,-0.6269392202823475,-12.218531778069893,0.762050513637274,-1.5152270516254873,6,1.615582960806748
-0.9185516282650343,0.06929239126300726,-0.25813087525450457,0.5862128543633424,-0.8894738061800155,0.6815454562957765,-0.303292291701528,0.6780676013232347,2.1072546539983894,0.2729116715828507,-23.766537156287377,-0.15426526332334164,0.1354823817349812,6,1.615582960806748
-0.35567563732241286,-0.3947370508346308,0.2830496661457313,-0.26540232102806044,-0.28446574268193914,1.149608609118883,-2.232939259524876,1.8943396070979523,0.16015216843933805,2.7638497358483995,-6.013626371623751,-0.4183048832875284,-1.4632869122789993,2,-0.6189716184556974
-1.835732864322982,-0.7700210969010286,0.3305095030645078,1.1936304756557012,0.875503029841822,-0.3187128579169821,0.1365725056935349,-0.6193959288996652,-2.0022385727062977,0.07721669762366572,-156.65915480203037,0.08375241996477659,1.4892275694302637,1,-0.6189716184556974
0.718871186190613,0.05218026675508367,0.35613013119986076,-0.418134354533079,2.2492854790083046,0.17534895756598662,-1.3167246203090435,1.344498631091781,0.07302275389951524,0.6778383174149135,48.55122124527584,-1.6821061171572491,0.9158720773140159,2,-0.6189716184556974
0.49917749637543196,-0.388264883715866,1.5244337392108422,0.20893630226724771,0.6107667664201211,0.1028375026543769,2.6321743573319765,0.045650169713720185,-1.5846608441062249,0.23633722870572135,178.63225736215534,0.5280090777897004,0.5452143576445937,6,1.615582960806748
0.15562539255385802,-1.426657129719512,-3.91389326069966,0.24863246607909786,0.3496919483991438,-0.3119321927894004,0.39068566894273166,-0.17232054387719425,1.5597146853649473,0.8719949688199837,-113.3855776179108,0.41824320705752815,1.1126365284190953,6,1.615582960806748
-0.5373358329746836,3.229914813478399,1.3451440787196465,1.5846995980165695,-0.8601927617071247,0.22651086377161772,0.5392744297148921,-1.0991990545299957,-1.9805463577664004,1.9734817240852807,49.2479133706884,-0.3637797500710661,0.5095505749818139,1,-0.6189716184556974
1.9936503247132746,-1.3730526197221884,1.1891685677572923,-0.9532759108345344,-0.20594815638861128,0.7096620930312408,0.7794503172933666,1.244276554522149,1.2385567494974559,0.5898775627919896,242.39252184657025,1.0323145439542616,1.6086004355836314,2,-0.6189716184556974
1.7614197894773755,0.8459489844391361,-0.6042202934634171,-0.3254179144094109,0.8398631348482526,-0.7538287918570323,-1.1392807088461077,-0.5507904800193197,-0.18551248741237544,-0.5508079300732145,22.24560281779865,-1.0722550718717703,0.736723111413741,2,-0.6189716184556974
0.37491841422038774,-0.8350579189577315,1.1272215754565555,0.07405101193358894,0.9034565791906055,0.1818465837784997,0.41819702964375277,0.7580574530928497,-2.404573231285163,0.04382278372950175,83.31577890746767,1.152649386499366,1.4571736672629418,1,-0.6189716184556974
1.9913702136146223,0.4671012836729009,-1.0776141816565588,-2.907467525911759,-0.8108580040744955,-2.3480517470960005,0.6033126274405765,0.9634715728638975,-0.9459467209391969,0.04450466757040988,-14.983986739731101,0.1923978956087015,0.06371411281905318,7,1.615582960806748
1.1617112866244796,-1.05149719804111,1.7880065304503214,0.46759984532879656,0.8464398450084334,0.2906822658696814,-1.3535430934952053,-0.21758737255705438,2.0236056494422474,0.20582691247251306,125.69706687997038,-0.29200776918492594,-1.3042400041449949,2,-0.6189716184556974
1.5384599247308322,-1.867737002687915,0.3995985029955555,1.5212435234083845,1.0646787973741938,-2.1147843616809325,0.2661963390565112,-0.4726950167455825,0.05872994289033042,0.1457271150460392,19.684554725381833,0.020388624791450736,0.10148321081379373,7,1.615582960806748
-0.8962276709484284,-0.7635649110746794,1.8721748543100631,-0.9010118791545123,-1.6963462750060567,0.7024434277176517,-0.15120463853586003,-0.8420390870498475,0.46091166215304347,0.11707817038510322,12.467614212333498,-0.06582068475376762,-1.2707020074454511,4,-0.6189716184556974
0.13704573389121688,1.1081957041238701,0.8057226227516349,0.4686991404627788,-0.9049855239909281,1.3521243594535333,-0.15952933675491845,1.233444951608957,0.654084273016428,1.246625404880267,155.59172328074786,1.2437740849835663,0.3213986256283059,6,1.615582960806748
-0.9142518462584471,-0.8454327698906107,-1.104382433284111,1.73836266630204,0.17209148967678334,-0.980033224973663,0.5390377708158949,-0.6372492936132071,1.7633600370962463,1.1449605656030448,-121.08751762054023,-1.02212531611217,-0.054726736832091276,5,-0.6189716184556974
-0.7412103798226624,-0.4509874956758818,1.7361294622260313,1.5181389586622676,0.6187548597771658,-0.08651894074819769,0.19182211236282098,-0.10963554842137672,-0.40753053246586374,-1.1228351949640762,10.026512621837686,-0.712213922105997,0.4242579846846021,7,1.615582960806748
0.7629386240691649,-0.8095433218681242,0.08578551998217133,0.5552375277178446,0.6247182582836367,-1.0074103341919831,1.1262087021014768,2.172582264708935,-1.1432037052428632,0.6561783573870672,63.02105747154654,1.0622821067428072,-1.6701656148617114,7,1.615582960806748
0.8864309028527267,0.01687610720199189,0.19770788879501996,-1.0002843239673065,-1.1832493638188242,-0.1994617318026005,0.9936836731323826,0.8414547937602312,1.1793136785597638,-0.44259329367613703,100.07720357968142,-0.547487805432556,-1.0382996000885996,7,1.615582960806748
-1.263153735652299,-1.2012316410295525,0.8594924436506033,-0.6706374529028181,0.15169368393458119,-0.49481807646290804,-0.7444419716647234,-1.0163336366752245,-0.31130511120566806,-0.439008425777233,-149.63096840158013,0.9283483548092748,-0.02450903806319516,3,-0.6189716184556974
-0.5186511760432132,-1.2382528318555932,-0.19492426400836402,1.1627700514055004,-0.1526181960988775,1.0746635463026541,2.258033218492741,0.6622302121105128,0.719332558273595,0.9939732887909287,97.84176797281042,1.716447416387454,1.5455455303956058,2,-0.6189716184556974
0.10692378343347136,-1.537911007009435,0.6973893759934546,-1.1382487166566415,0.031131877008657712,0.31487029416647155,1.507537448540955,1.343710118249087,-0.6939034653794812,1.2190371220003358,90.87902044705406,-0.3563679098971534,-0.3928417039004445,2,-0.6189716184556974
-1.5441087402182754,-0.9355406828819637,-1.1193507767214517,-0.6520912254199962,-0.9263172607717925,-0.22504021791120987,-0.3089799801112953,-0.5136972506463189,0.8358919301796168,1.179265009892545,-188.0069201209942,0.7121415269595036,-0.25346048190922527,3,-0.6189716184556974
1.182361963417537,0.058430432733862385,-0.8192943930277676,2.0422728306181397,-0.6671656933910978,1.3382135776824389,0.8283699225754246,-1.3555965902172284,0.14968887501485076,0.36605474452554454,175.55952110327803,-1.09809699409946,0.7392470436672361,2,-0.6189716184556974
-0.558832410167183,-0.5152603874016605,-0.8312040726324783,-0.6300919332163125,0.24550157226895308,1.1949562516949888,0.3446093010420373,-1.031099143211811,-0.22151597247015506,-1.82236978876833,11.229863598084297,0.7845202770797236,0.36003434289887104,3,-0.6189716184556974
-0.927325299318782,1.5196015392094353,-0.24090090395238453,-0.5984139885565837,-0.5514483819830958,-1.0380866556624708,-0.7698037325994983,-0.6678300882257021,0.6701565956324087,-1.4401546164452232,-161.16306012428046,0.23672060752442395,-0.682398627258633,7,1.615582960806748
0.7809864840757303,-1.418012281620784,2.033382221928206,0.11474547255906715,0.7271043656183952,-0.4668317182414723,0.837158524303555,-0.6101253365900059,-0.9535241762261847,-1.1480152894587174,109.83914710875027,0.5066347216380843,-0.29981136395709207,1,-0.6189716184556974
-0.14350568722889534,0.028269644554502118,-1.5973407041125478,-0.6210182175576024,0.5041580003427576,-0.45812602053046664,-1.0331973327179098,0.09162133073976346,0.6291350948053696,0.14538329369539235,-122.11801455290336,-0.5968482725387955,-0.96013657750637,4,-0.6189716184556974
0.05726698729107446,1.1613255263963305,-0.2684031781311325,-0.2157987718042692,0.03614194368570768,-0.1830729886436678,0.34961204218012515,1.3404052578554144,1.0880183706181086,0.9425103020722582,20.29123948216691,-1.598626500120867,1.598606008791579,7,1.615582960806748
-0.24443663176824804,-0.2503922379311533,0.002031087354884083,0.4416720829018139,-0.7938919531606207,-0.44104181267803466,-0.28590573654789686,-1.824456183653184,0.7940821878368894,1.0234472060050375,-63.453084146942366,0.5364399126520848,-1.2578400957470695,4,-0.6189716184556974
-0.35969660375221874,1.359906861001474,-0.985230827244485,0.130047332799648,0.6870512880278552,1.0350702509770677,1.703559537264778,-0.9214162082499278,-0.38990408172047936,-0.8286987317535618,69.38834020844138,-1.995505526172494,-0.43309467775189087,6,1.615582960806748
0.390743795123343,-0.44046883777881046,0.6214779180001556,-0.1466806099128932,-0.5416428437336485,0.45548291364130533,1.1457504591212722,0.2930391537829619,0.7108924097911011,-1.3712440122052496,115.87243386181765,-0.27306534824811285,-1.6161679258170754,7,1.615582960806748
-0.8825331967276515,0.5710782053708839,0.5448533755167906,0.04402889751562285,1.2679660331592417,0.1538714228878115,-0.10530286166255004,-0.8928530910037878,-1.3357023694496584,-0.7222834270658478,-63.90818511621194,0.9684474360708311,-0.9461868484425587,5,-0.6189716184556974
0.0261164462209269,0.3043550138292023,0.2951609551389755,-0.842809322477187,0.1959821283285329,-0.6029318533998514,-0.5073587529874478,1.260085173421879,2.0522724568973634,-0.658366803042062,-25.439321797411733,0.22929613752977945,0.9641522266690418,2,-0.6189716184556974
1.710592671832781,-0.8425003209657776,-0.6097261847354277,-0.6543565898553245,-1.5294571269976067,0.7331448128982317,-1.306942017336473,-0.5065868123144243,-0.18585177531694122,0.34781546804431535,86.63709336948322,1.9619880261114666,-1.016639167827137,5,-0.6189716184556974
-0.2593572422203386,0.894600351359824,0.0758549904580774,-1.0511042213899935,-2.0565477066862075,0.37638950455950176,0.4396799990813272,0.44879138135617735,-0.382538984701813,0.5870566805930229,13.494399371052669,1.0512397441159,-1.4307578723399992,1,-0.6189716184556974
-0.2139366778198168,0.902242190537294,0.8183360271917969,-0.6514201142080239,0.703373648538451,-0.7248128513925268,-1.2135436526770396,-2.710783599781428,-0.8632960118250748,0.4145104389370376,-112.93895347191489,-0.605061989134473,-0.08221756889647314,4,-0.6189716184556974
0.6082033591127394,0.02107395083581488,-3.236346971526047,0.261799870927607,0.9615384750934974,0.039792712885428794,0.5434069029707546,0.18623943056869732,-1.251330069909471,0.715202836172237,-48.231033746757646,0.06693751346001985,-1.6704314535127545,7,1.615582960806748
-0.8658154703170206,-1.0985646360111267,-0.539343009209841,0.4456597397271541,1.2604378908761769,0.3902485954590931,-0.8109877768816326,0.7370273297567352,-0.2687459009188865,0.5656402934206366,-95.18228269096807,-0.006736589904431426,-1.4146777129761792,1,-0.6189716184556974
-0.8426166307087302,0.5235266822601787,0.6846656429917711,0.3837184576822587,-0.4552416425357381,-2.140975863029813,-0.4619596885977756,-0.49135453822397035,1.0867331246008953,0.7264971001318669,-158.74330408705669,-1.5207869302234773,1.0570026288231225,1,-0.6189716184556974
0.6560315513723867,0.2992455801408296,0.41677607183861287,0.1736964582449451,-0.008836260709633859,-1.0815495396806543,-0.035767698114794653,-1.2551175419792984,1.0442829231708224,0.052133446844199474,0.03873146441012176,-0.8876880702002481,0.933385995132533,2,-0.6189716184556974
-0.03414463108243913,0.5282228773984713,-0.8226416568641516,-1.1668682666084382,0.7717972319449042,0.38191208731197707,-0.8384432788684749,0.6899637258424818,-1.914907108754724,0.517382573105346,-55.44571650478619,-0.5131840386041737,1.4246225715592844,1,-0.6189716184556974
2.2343918858569576,0.3088403149297402,-1.4396001912474803,-1.3264974892175945,-0.15287895423186904,0.9870344936567719,3.1490597600732992,-2.1258413412809034,-0.1243620488067401,-0.16053632713642424,271.44999012818835,-1.968690477050416,1.217332519880034,7,1.615582960806748
-0.37661279789919305,-0.328059799652018,-0.06243452741153122,0.24623011276389925,0.2441451432607326,-0.5982358643240676,-0.10759452639533484,0.2747992837529995,1.2576145936871668,-0.9142997690618009,-41.358877425262264,0.08684469944939358,0.6314686431427847,7,1.615582960806748
-0.32171294782946525,1.0796379976934494,0.6455614663832692,1.7086706110556025,-0.203225761373196,-0.5183190541940674,-0.16075842788253258,0.13860175864045424,-2.4353929432983876,0.4191905349535475,-18.918225808999857,-0.205710056749329,-1.5255771603331278,4,-0.6189716184556974
1.5371454859087499,-1.0222168229344257,0.17545460848919872,0.35166811541596527,-0.04780600009832355,0.6046302758053274,-0.9931602483032969,-1.5851896103446919,1.46057506557651,0.3112624930265429,121.74249378015422,-1.6102772685256415,0.972281562809057,7,1.615582960806748
0.028026585257432776,-1.1113130051185194,0.02281901930358584,0.23367049384775676,1.4013675381031274,-0.6031943926356159,-0.10316585748164896,1.261540333490924,-1.5872736499900635,0.18623459754689256,-33.40985646053872,0.4387400549987708,1.1865429291680216,5,-0.6189716184556974
-0.815782374231432,1.6904534259050616,1.1925640553437373,-0.054728526819843894,2.158815400765431,-0.7124133764633795,0.3198590400406131,0.9676304508110912,2.1602471363322273,1.6992059072113284,-29.384120816247286,0.7461852485911907,1.0277890017557496,4,-0.6189716184556974
-0.04544887335088941,-0.3521078561977724,-0.35718411013853407,-0.10459379592149856,-0.8896325815355699,1.0928009949561348,-0.3265912069558011,0.864898986747992,0.3013058277742871,0.04329405510659559,51.912149284557195,0.2639577140267672,0.03412732666344426,2,-0.6189716184556974
1.0442258631435744,-1.4005223131179831,-0.23733714431982578,0.6737324609090545,1.1152499723061398,0.4320959501363791,-1.5217243481357758,-1.5028890579221694,0.9994951324354319,0.061484527461693535,40.68685936956417,-0.2796921856324879,-0.9081561141841744,4,-0.6189716184556974
0.3268898331705443,0.5956234406162603,1.2141017457405108,1.628419998977548,0.863528383208034,1.9497718181482042,-0.3225421656278623,-0.8512836162858164,-0.48404863833450423,1.5990869417831513,192.11493762824392,0.6234373741873418,1.18592459800288,3,-0.6189716184556974
-0.15213670342644198,0.5531373825187195,-0.06535933852522148,0.2503714926343104,1.159665999854584,0.5354827996278688,-0.18884913131646291,0.7002551340194022,0.11464736830321096,-0.17418175900281854,30.698962117953116,0.7110150040688287,0.7818746073818771,5,-0.6189716184556974
0.6963415049835903,-0.6432443384464636,1.5788265220667612,0.6040124556076876,-1.8562578004881811,0.06549859367049225,-0.9558194435117797,-0.4756600466635822,0.3378487185498441,0.11011974597513988,76.37355865333822,0.34323994548751685,1.6490056419231895,3,-0.6189716184556974
1.6668304924861788,-0.7869053085017764,-0.8402436312630707,-0.7002998800422834,-2.0754163643731136,-0.17209223625690329,0.41781837271668903,0.23904915974484697,-0.5075074715706998,1.6853604218080491,104.85762025787282,-0.7734672278319149,-1.1721583250222172,3,-0.6189716184556974
-0.01918175774832866,-0.2391748586354471,-1.3845607044564032,-0.4602958906210398,0.0632109792670826,0.6674409900859443,-0.2629635687188975,-0.027019758310615295,-0.6313352809404619,0.17509104455839614,-40.61381528023637,0.3128536984001737,-0.9329025235000605,6,1.615582960806748
0.4102017088434071,-0.584441783040243,0.3665585315954947,1.1805862009239476,-1.3940727540160438,-0.4207351703116894,0.524217639406115,-2.388029701061983,0.9095232432938408,-0.26044401129641065,28.456845174530258,1.2193072488544532,-0.9803161357969491,7,1.615582960806748
1.5938552074214267,0.5955966012415422,-1.0940873713602033,0.522068502310204,0.09336022133001258,0.7573864336287119,-0.3427195611404141,-0.09631124489302127,-1.1046256898835307,0.09269068996494488,127.9068110774744,-0.5485671326456986,1.0054185927747454,2,-0.6189716184556974
-1.467353961987381,2.558544022244311,0.2374926220947653,0.3623064002517514,-0.6617407211877738,-0.32740818735900806,1.0421942340095844,-0.23607962501649574,0.14069434651978688,-1.9693279342280037,-56.513903877717,2.109561671905996,-1.0654256415955001,1,-0.6189716184556974
-0.24943978775291026,1.2378509236064055,-1.7280752846741736,-0.6980115480465611,1.4651236214292185,-0.47229284456310977,0.7626547480312237,-0.9543965293020297,0.47400897980562673,-0.582354046997045,-95.2335174051029,-0.47852914055151535,-1.476588821931918,3,-0.6189716184556974
0.2846362440906747,0.08232194822017884,-0.03610368967141317,-0.2446498979317016,1.9693144565688312,-0.3525480549263542,0.9473185954898748,-0.5705314028866731,-1.984110001623497,-0.7607340687919835,14.3384888440874,0.07196226395715753,1.709868074938586,4,-0.6189716184556974
